2026-03-05 08:49:53 WARN  [] [HikariPool-1 housekeeper] com.zaxxer.hikari.pool.HikariPool : HikariPool-1 - Thread starvation or clock leap detected (housekeeper delta=12h28m30s345ms915?s400ns).
2026-03-05 08:49:57 INFO  [69a8c525c5c454a93ed0ac6352f827bd] [http-nio-8081-exec-9] c.p.u.controller.CategoryController : Get categories request
2026-03-05 08:49:57 INFO  [69a8c525c5c454a93ed0ac6352f827bd] [http-nio-8081-exec-9] c.p.u.service.CategoryService : Fetching categories from database
2026-03-05 08:51:55 INFO  [69a8c59ba473a9b3ddefd8370ec7e5b9] [http-nio-8081-exec-4] c.p.u.controller.AuthController : Login request
2026-03-05 08:51:55 INFO  [69a8c59ba473a9b3ddefd8370ec7e5b9] [http-nio-8081-exec-4] c.p.u.security.CognitoService : Local profile detected - skipping Cognito validation, returning dummy user
2026-03-05 08:51:55 INFO  [69a8c59b4f718e3d5fcc1e2ff7a74651] [http-nio-8081-exec-8] c.p.u.controller.AuthController : Login request
2026-03-05 08:51:55 INFO  [69a8c59b4f718e3d5fcc1e2ff7a74651] [http-nio-8081-exec-8] c.p.u.security.CognitoService : Local profile detected - skipping Cognito validation, returning dummy user
2026-03-05 08:51:56 INFO  [69a8c59cc14b185f6d2ea8f906279e79] [http-nio-8081-exec-6] c.p.u.controller.CategoryController : Get categories request
2026-03-05 08:51:56 INFO  [69a8c59cc14b185f6d2ea8f906279e79] [http-nio-8081-exec-6] c.p.u.service.CategoryService : Fetching categories from database
2026-03-05 08:53:27 INFO  [69a8c5f7023077f1b62d6fd719485aeb] [http-nio-8081-exec-9] c.p.u.controller.AuthController : Signup request: ÄÜÇª·Î½ºÆ®
2026-03-05 08:53:27 INFO  [69a8c5f7023077f1b62d6fd719485aeb] [http-nio-8081-exec-9] c.p.u.security.CognitoService : Local profile detected - skipping Cognito validation, returning dummy user
2026-03-05 08:53:27 WARN  [69a8c5f7023077f1b62d6fd719485aeb] [http-nio-8081-exec-9] o.m.jdbc.message.server.ErrorPacket : Error: 1062-23000: Duplicate entry 'wlsdudgnzn@gmail.com' for key 'UK6dotkott2kjsp8vw4d0m25fb7'
2026-03-05 08:53:27 WARN  [69a8c5f7023077f1b62d6fd719485aeb] [http-nio-8081-exec-9] o.h.e.jdbc.spi.SqlExceptionHelper : SQL Error: 1062, SQLState: 23000
2026-03-05 08:53:27 ERROR [69a8c5f7023077f1b62d6fd719485aeb] [http-nio-8081-exec-9] o.h.e.jdbc.spi.SqlExceptionHelper : (conn=444) Duplicate entry 'wlsdudgnzn@gmail.com' for key 'UK6dotkott2kjsp8vw4d0m25fb7'
2026-03-05 08:54:34 INFO  [69a8c63ab7e7224ec9815263f5d4c83d] [http-nio-8081-exec-3] c.p.u.controller.CategoryController : Get categories request
2026-03-05 08:54:34 INFO  [69a8c63ab7e7224ec9815263f5d4c83d] [http-nio-8081-exec-3] c.p.u.service.CategoryService : Fetching categories from database
2026-03-05 08:54:36 INFO  [69a8c63cb19de61e2ca192df01569fdf] [http-nio-8081-exec-2] c.p.u.controller.CategoryController : Get categories request
2026-03-05 08:54:36 INFO  [69a8c63cb19de61e2ca192df01569fdf] [http-nio-8081-exec-2] c.p.u.service.CategoryService : Fetching categories from database
2026-03-05 08:55:43 INFO  [69a8c67f9219dfd4f3b7c8c22608c08e] [http-nio-8081-exec-4] c.p.u.controller.CategoryController : Get categories request
2026-03-05 08:55:43 INFO  [69a8c67f9219dfd4f3b7c8c22608c08e] [http-nio-8081-exec-4] c.p.u.service.CategoryService : Fetching categories from database
2026-03-05 09:01:28 INFO  [69a8c7d88f0f790ce3fb443aaba293f3] [http-nio-8081-exec-5] c.p.u.controller.CategoryController : Get categories request
2026-03-05 09:01:28 INFO  [69a8c7d88f0f790ce3fb443aaba293f3] [http-nio-8081-exec-5] c.p.u.service.CategoryService : Fetching categories from database
2026-03-05 09:01:35 INFO  [69a8c7dfd2bffc6f31445c75a886dfe0] [http-nio-8081-exec-3] c.p.u.controller.AuthController : Login request
2026-03-05 09:01:35 INFO  [69a8c7dfcc1ba27c2a4bafd09843d080] [http-nio-8081-exec-10] c.p.u.controller.AuthController : Login request
2026-03-05 09:01:35 INFO  [69a8c7dfcc1ba27c2a4bafd09843d080] [http-nio-8081-exec-10] c.p.u.security.CognitoService : Local profile detected - skipping Cognito validation, returning dummy user
2026-03-05 09:01:35 INFO  [69a8c7dfd2bffc6f31445c75a886dfe0] [http-nio-8081-exec-3] c.p.u.security.CognitoService : Local profile detected - skipping Cognito validation, returning dummy user
2026-03-05 09:01:35 INFO  [69a8c7df55d4c5e46b44794a1e7c4d09] [http-nio-8081-exec-2] c.p.u.controller.AuthController : Login request
2026-03-05 09:01:35 INFO  [69a8c7df55d4c5e46b44794a1e7c4d09] [http-nio-8081-exec-2] c.p.u.security.CognitoService : Local profile detected - skipping Cognito validation, returning dummy user
2026-03-05 09:01:36 INFO  [69a8c7e0a1ba969bd8d4843b983ff8ca] [http-nio-8081-exec-8] c.p.u.controller.CategoryController : Get categories request
2026-03-05 09:01:36 INFO  [69a8c7e0a1ba969bd8d4843b983ff8ca] [http-nio-8081-exec-8] c.p.u.service.CategoryService : Fetching categories from database
2026-03-05 09:06:22 INFO  [69a8c8feec67cd526aed1afde154e4c6] [http-nio-8081-exec-1] c.p.u.controller.CategoryController : Get categories request
2026-03-05 09:06:22 INFO  [69a8c8feec67cd526aed1afde154e4c6] [http-nio-8081-exec-1] c.p.u.service.CategoryService : Fetching categories from database
2026-03-05 09:06:26 INFO  [69a8c902ba18d6480ff89706d79f10b0] [http-nio-8081-exec-7] c.p.u.controller.CategoryController : Get categories request
2026-03-05 09:06:26 INFO  [69a8c902ba18d6480ff89706d79f10b0] [http-nio-8081-exec-7] c.p.u.service.CategoryService : Fetching categories from database
2026-03-05 09:06:43 INFO  [69a8c9138b976c3ecd1e382102b4a375] [http-nio-8081-exec-9] c.p.u.controller.CategoryController : Get categories request
2026-03-05 09:06:43 INFO  [69a8c9138b976c3ecd1e382102b4a375] [http-nio-8081-exec-9] c.p.u.service.CategoryService : Fetching categories from database
2026-03-05 09:06:52 INFO  [69a8c91ca8accaeed202c2994f0affcd] [http-nio-8081-exec-10] c.p.u.controller.CategoryController : Get categories request
2026-03-05 09:06:52 INFO  [69a8c91ca8accaeed202c2994f0affcd] [http-nio-8081-exec-10] c.p.u.service.CategoryService : Fetching categories from database
2026-03-05 09:06:57 INFO  [69a8c92186e7e5e863d69a127c0578e0] [http-nio-8081-exec-3] c.p.u.controller.CategoryController : Get categories request
2026-03-05 09:06:57 INFO  [69a8c92186e7e5e863d69a127c0578e0] [http-nio-8081-exec-3] c.p.u.service.CategoryService : Fetching categories from database
2026-03-05 09:07:08 INFO  [69a8c92c2bcaf1bf214d7684cc5bae9c] [http-nio-8081-exec-2] c.p.u.controller.CategoryController : Get categories request
2026-03-05 09:07:08 INFO  [69a8c92c2bcaf1bf214d7684cc5bae9c] [http-nio-8081-exec-2] c.p.u.service.CategoryService : Fetching categories from database
2026-03-05 09:07:19 INFO  [69a8c937169738fb29e0119900c78b55] [http-nio-8081-exec-4] c.p.u.controller.AuthController : Login request
2026-03-05 09:07:19 INFO  [69a8c937169738fb29e0119900c78b55] [http-nio-8081-exec-4] c.p.u.security.CognitoService : Local profile detected - skipping Cognito validation, returning dummy user
2026-03-05 09:07:19 INFO  [69a8c93791d9b683ae3e0a32996866f9] [http-nio-8081-exec-6] c.p.u.controller.CategoryController : Get categories request
2026-03-05 09:07:19 INFO  [69a8c93791d9b683ae3e0a32996866f9] [http-nio-8081-exec-6] c.p.u.service.CategoryService : Fetching categories from database
2026-03-05 09:27:10 INFO  [] [background-preinit] o.h.validator.internal.util.Version : HV000001: Hibernate Validator 8.0.2.Final
2026-03-05 09:27:10 INFO  [] [main] c.p.b.PlanitBaseTemplateApplication : Starting PlanitBaseTemplateApplication using Java 17.0.18 with PID 1140 (C:\barumi\PlanIt-User-svc\build\classes\java\main started by DS23 in C:\barumi\PlanIt-User-svc)
2026-03-05 09:27:10 INFO  [] [main] c.p.b.PlanitBaseTemplateApplication : No active profile set, falling back to 1 default profile: "default"
2026-03-05 09:27:11 INFO  [] [main] o.s.d.r.c.RepositoryConfigurationDelegate : Multiple Spring Data modules found, entering strict repository configuration mode
2026-03-05 09:27:11 INFO  [] [main] o.s.d.r.c.RepositoryConfigurationDelegate : Bootstrapping Spring Data JPA repositories in DEFAULT mode.
2026-03-05 09:27:11 INFO  [] [main] o.s.d.r.c.RepositoryConfigurationDelegate : Finished Spring Data repository scanning in 147 ms. Found 6 JPA repository interfaces.
2026-03-05 09:27:12 INFO  [] [main] o.s.d.r.c.RepositoryConfigurationDelegate : Multiple Spring Data modules found, entering strict repository configuration mode
2026-03-05 09:27:12 INFO  [] [main] o.s.d.r.c.RepositoryConfigurationDelegate : Bootstrapping Spring Data Redis repositories in DEFAULT mode.
2026-03-05 09:27:12 INFO  [] [main] o.s.d.r.c.RepositoryConfigurationDelegate : Finished Spring Data repository scanning in 3 ms. Found 0 Redis repository interfaces.
2026-03-05 09:27:13 INFO  [] [main] o.s.b.w.e.tomcat.TomcatWebServer : Tomcat initialized with port 8081 (http)
2026-03-05 09:27:13 INFO  [] [main] o.a.coyote.http11.Http11NioProtocol : Initializing ProtocolHandler ["http-nio-8081"]
2026-03-05 09:27:13 INFO  [] [main] o.a.catalina.core.StandardService : Starting service [Tomcat]
2026-03-05 09:27:13 INFO  [] [main] o.a.catalina.core.StandardEngine : Starting Servlet engine: [Apache Tomcat/10.1.36]
2026-03-05 09:27:13 INFO  [] [main] o.a.c.c.C.[Tomcat].[localhost].[/] : Initializing Spring embedded WebApplicationContext
2026-03-05 09:27:13 INFO  [] [main] o.s.b.w.s.c.ServletWebServerApplicationContext : Root WebApplicationContext: initialization completed in 2364 ms
2026-03-05 09:27:13 INFO  [] [main] o.h.jpa.internal.util.LogHelper : HHH000204: Processing PersistenceUnitInfo [name: default]
2026-03-05 09:27:13 INFO  [] [main] org.hibernate.Version : HHH000412: Hibernate ORM core version 6.6.8.Final
2026-03-05 09:27:13 INFO  [] [main] o.h.c.i.RegionFactoryInitiator : HHH000026: Second-level cache disabled
2026-03-05 09:27:13 INFO  [] [main] o.s.o.j.p.SpringPersistenceUnitInfo : No LoadTimeWeaver setup: ignoring JPA class transformer
2026-03-05 09:27:13 INFO  [] [main] com.zaxxer.hikari.HikariDataSource : HikariPool-1 - Starting...
2026-03-05 09:27:14 WARN  [] [main] o.m.jdbc.message.server.ErrorPacket : Error: 1045-28000: Access denied for user 'root'@'localhost' (using password: YES)
2026-03-05 09:27:15 WARN  [] [main] o.h.e.jdbc.spi.SqlExceptionHelper : SQL Error: 1045, SQLState: 28000
2026-03-05 09:27:15 ERROR [] [main] o.h.e.jdbc.spi.SqlExceptionHelper : (conn=456) Access denied for user 'root'@'localhost' (using password: YES)
2026-03-05 09:27:15 WARN  [] [main] o.h.e.j.e.i.JdbcEnvironmentInitiator : HHH000342: Could not obtain connection to query metadata
org.hibernate.exception.GenericJDBCException: unable to obtain isolated JDBC connection [(conn=456) Access denied for user 'root'@'localhost' (using password: YES)] [n/a]
	at org.hibernate.exception.internal.StandardSQLExceptionConverter.convert(StandardSQLExceptionConverter.java:63)
	at org.hibernate.engine.jdbc.spi.SqlExceptionHelper.convert(SqlExceptionHelper.java:108)
	at org.hibernate.engine.jdbc.spi.SqlExceptionHelper.convert(SqlExceptionHelper.java:94)
	at org.hibernate.resource.transaction.backend.jdbc.internal.JdbcIsolationDelegate.delegateWork(JdbcIsolationDelegate.java:116)
	at org.hibernate.engine.jdbc.env.internal.JdbcEnvironmentInitiator.getJdbcEnvironmentUsingJdbcMetadata(JdbcEnvironmentInitiator.java:320)
	at org.hibernate.engine.jdbc.env.internal.JdbcEnvironmentInitiator.initiateService(JdbcEnvironmentInitiator.java:129)
	at org.hibernate.engine.jdbc.env.internal.JdbcEnvironmentInitiator.initiateService(JdbcEnvironmentInitiator.java:81)
	at org.hibernate.boot.registry.internal.StandardServiceRegistryImpl.initiateService(StandardServiceRegistryImpl.java:130)
	at org.hibernate.service.internal.AbstractServiceRegistryImpl.createService(AbstractServiceRegistryImpl.java:263)
	at org.hibernate.service.internal.AbstractServiceRegistryImpl.initializeService(AbstractServiceRegistryImpl.java:238)
	at org.hibernate.service.internal.AbstractServiceRegistryImpl.getService(AbstractServiceRegistryImpl.java:215)
	at org.hibernate.boot.model.relational.Database.<init>(Database.java:45)
	at org.hibernate.boot.internal.InFlightMetadataCollectorImpl.getDatabase(InFlightMetadataCollectorImpl.java:226)
	at org.hibernate.boot.internal.InFlightMetadataCollectorImpl.<init>(InFlightMetadataCollectorImpl.java:194)
	at org.hibernate.boot.model.process.spi.MetadataBuildingProcess.complete(MetadataBuildingProcess.java:171)
	at org.hibernate.jpa.boot.internal.EntityManagerFactoryBuilderImpl.metadata(EntityManagerFactoryBuilderImpl.java:1442)
	at org.hibernate.jpa.boot.internal.EntityManagerFactoryBuilderImpl.build(EntityManagerFactoryBuilderImpl.java:1513)
	at org.springframework.orm.jpa.vendor.SpringHibernateJpaPersistenceProvider.createContainerEntityManagerFactory(SpringHibernateJpaPersistenceProvider.java:66)
	at org.springframework.orm.jpa.LocalContainerEntityManagerFactoryBean.createNativeEntityManagerFactory(LocalContainerEntityManagerFactoryBean.java:390)
	at org.springframework.orm.jpa.AbstractEntityManagerFactoryBean.buildNativeEntityManagerFactory(AbstractEntityManagerFactoryBean.java:419)
	at org.springframework.orm.jpa.AbstractEntityManagerFactoryBean.afterPropertiesSet(AbstractEntityManagerFactoryBean.java:400)
	at org.springframework.orm.jpa.LocalContainerEntityManagerFactoryBean.afterPropertiesSet(LocalContainerEntityManagerFactoryBean.java:366)
	at org.springframework.beans.factory.support.AbstractAutowireCapableBeanFactory.invokeInitMethods(AbstractAutowireCapableBeanFactory.java:1859)
	at org.springframework.beans.factory.support.AbstractAutowireCapableBeanFactory.initializeBean(AbstractAutowireCapableBeanFactory.java:1808)
	at org.springframework.beans.factory.support.AbstractAutowireCapableBeanFactory.doCreateBean(AbstractAutowireCapableBeanFactory.java:601)
	at org.springframework.beans.factory.support.AbstractAutowireCapableBeanFactory.createBean(AbstractAutowireCapableBeanFactory.java:523)
	at org.springframework.beans.factory.support.AbstractBeanFactory.lambda$doGetBean$0(AbstractBeanFactory.java:339)
	at org.springframework.beans.factory.support.DefaultSingletonBeanRegistry.getSingleton(DefaultSingletonBeanRegistry.java:346)
	at org.springframework.beans.factory.support.AbstractBeanFactory.doGetBean(AbstractBeanFactory.java:337)
	at org.springframework.beans.factory.support.AbstractBeanFactory.getBean(AbstractBeanFactory.java:207)
	at org.springframework.context.support.AbstractApplicationContext.finishBeanFactoryInitialization(AbstractApplicationContext.java:970)
	at org.springframework.context.support.AbstractApplicationContext.refresh(AbstractApplicationContext.java:627)
	at org.springframework.boot.web.servlet.context.ServletWebServerApplicationContext.refresh(ServletWebServerApplicationContext.java:146)
	at org.springframework.boot.SpringApplication.refresh(SpringApplication.java:752)
	at org.springframework.boot.SpringApplication.refreshContext(SpringApplication.java:439)
	at org.springframework.boot.SpringApplication.run(SpringApplication.java:318)
	at org.springframework.boot.SpringApplication.run(SpringApplication.java:1361)
	at org.springframework.boot.SpringApplication.run(SpringApplication.java:1350)
	at com.planit.basetemplate.PlanitBaseTemplateApplication.main(PlanitBaseTemplateApplication.java:18)
Caused by: java.sql.SQLInvalidAuthorizationSpecException: (conn=456) Access denied for user 'root'@'localhost' (using password: YES)
	at org.mariadb.jdbc.export.ExceptionFactory.createException(ExceptionFactory.java:293)
	at org.mariadb.jdbc.export.ExceptionFactory.create(ExceptionFactory.java:378)
	at org.mariadb.jdbc.client.impl.StandardClient.authenticationHandler(StandardClient.java:306)
	at org.mariadb.jdbc.client.impl.StandardClient.<init>(StandardClient.java:226)
	at org.mariadb.jdbc.Driver.connect(Driver.java:68)
	at org.mariadb.jdbc.Driver.connect(Driver.java:92)
	at org.mariadb.jdbc.Driver.connect(Driver.java:26)
	at com.zaxxer.hikari.util.DriverDataSource.getConnection(DriverDataSource.java:137)
	at com.zaxxer.hikari.pool.PoolBase.newConnection(PoolBase.java:360)
	at com.zaxxer.hikari.pool.PoolBase.newPoolEntry(PoolBase.java:202)
	at com.zaxxer.hikari.pool.HikariPool.createPoolEntry(HikariPool.java:461)
	at com.zaxxer.hikari.pool.HikariPool.checkFailFast(HikariPool.java:550)
	at com.zaxxer.hikari.pool.HikariPool.<init>(HikariPool.java:98)
	at com.zaxxer.hikari.HikariDataSource.getConnection(HikariDataSource.java:111)
	at org.hibernate.engine.jdbc.connections.internal.DatasourceConnectionProviderImpl.getConnection(DatasourceConnectionProviderImpl.java:126)
	at org.hibernate.engine.jdbc.env.internal.JdbcEnvironmentInitiator$ConnectionProviderJdbcConnectionAccess.obtainConnection(JdbcEnvironmentInitiator.java:467)
	at org.hibernate.resource.transaction.backend.jdbc.internal.JdbcIsolationDelegate.delegateWork(JdbcIsolationDelegate.java:61)
	... 35 common frames omitted
2026-03-05 09:27:15 ERROR [] [main] o.s.o.j.LocalContainerEntityManagerFactoryBean : Failed to initialize JPA EntityManagerFactory: Unable to create requested service [org.hibernate.engine.jdbc.env.spi.JdbcEnvironment] due to: Unable to determine Dialect without JDBC metadata (please set 'jakarta.persistence.jdbc.url' for common cases or 'hibernate.dialect' when a custom Dialect implementation must be provided)
2026-03-05 09:27:15 WARN  [] [main] o.s.b.w.s.c.AnnotationConfigServletWebServerApplicationContext : Exception encountered during context initialization - cancelling refresh attempt: org.springframework.beans.factory.BeanCreationException: Error creating bean with name 'entityManagerFactory' defined in class path resource [org/springframework/boot/autoconfigure/orm/jpa/HibernateJpaConfiguration.class]: Unable to create requested service [org.hibernate.engine.jdbc.env.spi.JdbcEnvironment] due to: Unable to determine Dialect without JDBC metadata (please set 'jakarta.persistence.jdbc.url' for common cases or 'hibernate.dialect' when a custom Dialect implementation must be provided)
2026-03-05 09:27:15 INFO  [] [main] o.a.catalina.core.StandardService : Stopping service [Tomcat]
2026-03-05 09:27:15 INFO  [] [main] o.s.b.a.l.ConditionEvaluationReportLogger : 

Error starting ApplicationContext. To display the condition evaluation report re-run your application with 'debug' enabled.
2026-03-05 09:27:15 ERROR [] [main] o.s.boot.SpringApplication : Application run failed
org.springframework.beans.factory.BeanCreationException: Error creating bean with name 'entityManagerFactory' defined in class path resource [org/springframework/boot/autoconfigure/orm/jpa/HibernateJpaConfiguration.class]: Unable to create requested service [org.hibernate.engine.jdbc.env.spi.JdbcEnvironment] due to: Unable to determine Dialect without JDBC metadata (please set 'jakarta.persistence.jdbc.url' for common cases or 'hibernate.dialect' when a custom Dialect implementation must be provided)
	at org.springframework.beans.factory.support.AbstractAutowireCapableBeanFactory.initializeBean(AbstractAutowireCapableBeanFactory.java:1812)
	at org.springframework.beans.factory.support.AbstractAutowireCapableBeanFactory.doCreateBean(AbstractAutowireCapableBeanFactory.java:601)
	at org.springframework.beans.factory.support.AbstractAutowireCapableBeanFactory.createBean(AbstractAutowireCapableBeanFactory.java:523)
	at org.springframework.beans.factory.support.AbstractBeanFactory.lambda$doGetBean$0(AbstractBeanFactory.java:339)
	at org.springframework.beans.factory.support.DefaultSingletonBeanRegistry.getSingleton(DefaultSingletonBeanRegistry.java:346)
	at org.springframework.beans.factory.support.AbstractBeanFactory.doGetBean(AbstractBeanFactory.java:337)
	at org.springframework.beans.factory.support.AbstractBeanFactory.getBean(AbstractBeanFactory.java:207)
	at org.springframework.context.support.AbstractApplicationContext.finishBeanFactoryInitialization(AbstractApplicationContext.java:970)
	at org.springframework.context.support.AbstractApplicationContext.refresh(AbstractApplicationContext.java:627)
	at org.springframework.boot.web.servlet.context.ServletWebServerApplicationContext.refresh(ServletWebServerApplicationContext.java:146)
	at org.springframework.boot.SpringApplication.refresh(SpringApplication.java:752)
	at org.springframework.boot.SpringApplication.refreshContext(SpringApplication.java:439)
	at org.springframework.boot.SpringApplication.run(SpringApplication.java:318)
	at org.springframework.boot.SpringApplication.run(SpringApplication.java:1361)
	at org.springframework.boot.SpringApplication.run(SpringApplication.java:1350)
	at com.planit.basetemplate.PlanitBaseTemplateApplication.main(PlanitBaseTemplateApplication.java:18)
Caused by: org.hibernate.service.spi.ServiceException: Unable to create requested service [org.hibernate.engine.jdbc.env.spi.JdbcEnvironment] due to: Unable to determine Dialect without JDBC metadata (please set 'jakarta.persistence.jdbc.url' for common cases or 'hibernate.dialect' when a custom Dialect implementation must be provided)
	at org.hibernate.service.internal.AbstractServiceRegistryImpl.createService(AbstractServiceRegistryImpl.java:276)
	at org.hibernate.service.internal.AbstractServiceRegistryImpl.initializeService(AbstractServiceRegistryImpl.java:238)
	at org.hibernate.service.internal.AbstractServiceRegistryImpl.getService(AbstractServiceRegistryImpl.java:215)
	at org.hibernate.boot.model.relational.Database.<init>(Database.java:45)
	at org.hibernate.boot.internal.InFlightMetadataCollectorImpl.getDatabase(InFlightMetadataCollectorImpl.java:226)
	at org.hibernate.boot.internal.InFlightMetadataCollectorImpl.<init>(InFlightMetadataCollectorImpl.java:194)
	at org.hibernate.boot.model.process.spi.MetadataBuildingProcess.complete(MetadataBuildingProcess.java:171)
	at org.hibernate.jpa.boot.internal.EntityManagerFactoryBuilderImpl.metadata(EntityManagerFactoryBuilderImpl.java:1442)
	at org.hibernate.jpa.boot.internal.EntityManagerFactoryBuilderImpl.build(EntityManagerFactoryBuilderImpl.java:1513)
	at org.springframework.orm.jpa.vendor.SpringHibernateJpaPersistenceProvider.createContainerEntityManagerFactory(SpringHibernateJpaPersistenceProvider.java:66)
	at org.springframework.orm.jpa.LocalContainerEntityManagerFactoryBean.createNativeEntityManagerFactory(LocalContainerEntityManagerFactoryBean.java:390)
	at org.springframework.orm.jpa.AbstractEntityManagerFactoryBean.buildNativeEntityManagerFactory(AbstractEntityManagerFactoryBean.java:419)
	at org.springframework.orm.jpa.AbstractEntityManagerFactoryBean.afterPropertiesSet(AbstractEntityManagerFactoryBean.java:400)
	at org.springframework.orm.jpa.LocalContainerEntityManagerFactoryBean.afterPropertiesSet(LocalContainerEntityManagerFactoryBean.java:366)
	at org.springframework.beans.factory.support.AbstractAutowireCapableBeanFactory.invokeInitMethods(AbstractAutowireCapableBeanFactory.java:1859)
	at org.springframework.beans.factory.support.AbstractAutowireCapableBeanFactory.initializeBean(AbstractAutowireCapableBeanFactory.java:1808)
	... 15 common frames omitted
Caused by: org.hibernate.HibernateException: Unable to determine Dialect without JDBC metadata (please set 'jakarta.persistence.jdbc.url' for common cases or 'hibernate.dialect' when a custom Dialect implementation must be provided)
	at org.hibernate.engine.jdbc.dialect.internal.DialectFactoryImpl.determineDialect(DialectFactoryImpl.java:191)
	at org.hibernate.engine.jdbc.dialect.internal.DialectFactoryImpl.buildDialect(DialectFactoryImpl.java:87)
	at org.hibernate.engine.jdbc.env.internal.JdbcEnvironmentInitiator.getJdbcEnvironmentWithDefaults(JdbcEnvironmentInitiator.java:181)
	at org.hibernate.engine.jdbc.env.internal.JdbcEnvironmentInitiator.getJdbcEnvironmentUsingJdbcMetadata(JdbcEnvironmentInitiator.java:392)
	at org.hibernate.engine.jdbc.env.internal.JdbcEnvironmentInitiator.initiateService(JdbcEnvironmentInitiator.java:129)
	at org.hibernate.engine.jdbc.env.internal.JdbcEnvironmentInitiator.initiateService(JdbcEnvironmentInitiator.java:81)
	at org.hibernate.boot.registry.internal.StandardServiceRegistryImpl.initiateService(StandardServiceRegistryImpl.java:130)
	at org.hibernate.service.internal.AbstractServiceRegistryImpl.createService(AbstractServiceRegistryImpl.java:263)
	... 30 common frames omitted
2026-03-05 09:29:04 INFO  [] [background-preinit] o.h.validator.internal.util.Version : HV000001: Hibernate Validator 8.0.2.Final
2026-03-05 09:29:04 INFO  [] [main] c.p.b.PlanitBaseTemplateApplication : Starting PlanitBaseTemplateApplication using Java 17.0.18 with PID 8816 (C:\barumi\PlanIt-User-svc\build\classes\java\main started by DS23 in C:\barumi\PlanIt-User-svc)
2026-03-05 09:29:04 INFO  [] [main] c.p.b.PlanitBaseTemplateApplication : No active profile set, falling back to 1 default profile: "default"
2026-03-05 09:29:05 INFO  [] [main] o.s.d.r.c.RepositoryConfigurationDelegate : Multiple Spring Data modules found, entering strict repository configuration mode
2026-03-05 09:29:05 INFO  [] [main] o.s.d.r.c.RepositoryConfigurationDelegate : Bootstrapping Spring Data JPA repositories in DEFAULT mode.
2026-03-05 09:29:05 INFO  [] [main] o.s.d.r.c.RepositoryConfigurationDelegate : Finished Spring Data repository scanning in 139 ms. Found 6 JPA repository interfaces.
2026-03-05 09:29:06 INFO  [] [main] o.s.d.r.c.RepositoryConfigurationDelegate : Multiple Spring Data modules found, entering strict repository configuration mode
2026-03-05 09:29:06 INFO  [] [main] o.s.d.r.c.RepositoryConfigurationDelegate : Bootstrapping Spring Data Redis repositories in DEFAULT mode.
2026-03-05 09:29:06 INFO  [] [main] o.s.d.r.c.RepositoryConfigurationDelegate : Finished Spring Data repository scanning in 2 ms. Found 0 Redis repository interfaces.
2026-03-05 09:29:06 INFO  [] [main] o.s.b.w.e.tomcat.TomcatWebServer : Tomcat initialized with port 8081 (http)
2026-03-05 09:29:06 INFO  [] [main] o.a.coyote.http11.Http11NioProtocol : Initializing ProtocolHandler ["http-nio-8081"]
2026-03-05 09:29:06 INFO  [] [main] o.a.catalina.core.StandardService : Starting service [Tomcat]
2026-03-05 09:29:06 INFO  [] [main] o.a.catalina.core.StandardEngine : Starting Servlet engine: [Apache Tomcat/10.1.36]
2026-03-05 09:29:06 INFO  [] [main] o.a.c.c.C.[Tomcat].[localhost].[/] : Initializing Spring embedded WebApplicationContext
2026-03-05 09:29:06 INFO  [] [main] o.s.b.w.s.c.ServletWebServerApplicationContext : Root WebApplicationContext: initialization completed in 2109 ms
2026-03-05 09:29:07 INFO  [] [main] o.h.jpa.internal.util.LogHelper : HHH000204: Processing PersistenceUnitInfo [name: default]
2026-03-05 09:29:07 INFO  [] [main] org.hibernate.Version : HHH000412: Hibernate ORM core version 6.6.8.Final
2026-03-05 09:29:07 INFO  [] [main] o.h.c.i.RegionFactoryInitiator : HHH000026: Second-level cache disabled
2026-03-05 09:29:07 INFO  [] [main] o.s.o.j.p.SpringPersistenceUnitInfo : No LoadTimeWeaver setup: ignoring JPA class transformer
2026-03-05 09:29:07 INFO  [] [main] com.zaxxer.hikari.HikariDataSource : HikariPool-1 - Starting...
2026-03-05 09:29:08 WARN  [] [main] o.m.jdbc.message.server.ErrorPacket : Error: 1045-28000: Access denied for user 'root'@'localhost' (using password: YES)
2026-03-05 09:29:09 WARN  [] [main] o.h.e.jdbc.spi.SqlExceptionHelper : SQL Error: 1045, SQLState: 28000
2026-03-05 09:29:09 ERROR [] [main] o.h.e.jdbc.spi.SqlExceptionHelper : (conn=459) Access denied for user 'root'@'localhost' (using password: YES)
2026-03-05 09:29:09 WARN  [] [main] o.h.e.j.e.i.JdbcEnvironmentInitiator : HHH000342: Could not obtain connection to query metadata
org.hibernate.exception.GenericJDBCException: unable to obtain isolated JDBC connection [(conn=459) Access denied for user 'root'@'localhost' (using password: YES)] [n/a]
	at org.hibernate.exception.internal.StandardSQLExceptionConverter.convert(StandardSQLExceptionConverter.java:63)
	at org.hibernate.engine.jdbc.spi.SqlExceptionHelper.convert(SqlExceptionHelper.java:108)
	at org.hibernate.engine.jdbc.spi.SqlExceptionHelper.convert(SqlExceptionHelper.java:94)
	at org.hibernate.resource.transaction.backend.jdbc.internal.JdbcIsolationDelegate.delegateWork(JdbcIsolationDelegate.java:116)
	at org.hibernate.engine.jdbc.env.internal.JdbcEnvironmentInitiator.getJdbcEnvironmentUsingJdbcMetadata(JdbcEnvironmentInitiator.java:320)
	at org.hibernate.engine.jdbc.env.internal.JdbcEnvironmentInitiator.initiateService(JdbcEnvironmentInitiator.java:129)
	at org.hibernate.engine.jdbc.env.internal.JdbcEnvironmentInitiator.initiateService(JdbcEnvironmentInitiator.java:81)
	at org.hibernate.boot.registry.internal.StandardServiceRegistryImpl.initiateService(StandardServiceRegistryImpl.java:130)
	at org.hibernate.service.internal.AbstractServiceRegistryImpl.createService(AbstractServiceRegistryImpl.java:263)
	at org.hibernate.service.internal.AbstractServiceRegistryImpl.initializeService(AbstractServiceRegistryImpl.java:238)
	at org.hibernate.service.internal.AbstractServiceRegistryImpl.getService(AbstractServiceRegistryImpl.java:215)
	at org.hibernate.boot.model.relational.Database.<init>(Database.java:45)
	at org.hibernate.boot.internal.InFlightMetadataCollectorImpl.getDatabase(InFlightMetadataCollectorImpl.java:226)
	at org.hibernate.boot.internal.InFlightMetadataCollectorImpl.<init>(InFlightMetadataCollectorImpl.java:194)
	at org.hibernate.boot.model.process.spi.MetadataBuildingProcess.complete(MetadataBuildingProcess.java:171)
	at org.hibernate.jpa.boot.internal.EntityManagerFactoryBuilderImpl.metadata(EntityManagerFactoryBuilderImpl.java:1442)
	at org.hibernate.jpa.boot.internal.EntityManagerFactoryBuilderImpl.build(EntityManagerFactoryBuilderImpl.java:1513)
	at org.springframework.orm.jpa.vendor.SpringHibernateJpaPersistenceProvider.createContainerEntityManagerFactory(SpringHibernateJpaPersistenceProvider.java:66)
	at org.springframework.orm.jpa.LocalContainerEntityManagerFactoryBean.createNativeEntityManagerFactory(LocalContainerEntityManagerFactoryBean.java:390)
	at org.springframework.orm.jpa.AbstractEntityManagerFactoryBean.buildNativeEntityManagerFactory(AbstractEntityManagerFactoryBean.java:419)
	at org.springframework.orm.jpa.AbstractEntityManagerFactoryBean.afterPropertiesSet(AbstractEntityManagerFactoryBean.java:400)
	at org.springframework.orm.jpa.LocalContainerEntityManagerFactoryBean.afterPropertiesSet(LocalContainerEntityManagerFactoryBean.java:366)
	at org.springframework.beans.factory.support.AbstractAutowireCapableBeanFactory.invokeInitMethods(AbstractAutowireCapableBeanFactory.java:1859)
	at org.springframework.beans.factory.support.AbstractAutowireCapableBeanFactory.initializeBean(AbstractAutowireCapableBeanFactory.java:1808)
	at org.springframework.beans.factory.support.AbstractAutowireCapableBeanFactory.doCreateBean(AbstractAutowireCapableBeanFactory.java:601)
	at org.springframework.beans.factory.support.AbstractAutowireCapableBeanFactory.createBean(AbstractAutowireCapableBeanFactory.java:523)
	at org.springframework.beans.factory.support.AbstractBeanFactory.lambda$doGetBean$0(AbstractBeanFactory.java:339)
	at org.springframework.beans.factory.support.DefaultSingletonBeanRegistry.getSingleton(DefaultSingletonBeanRegistry.java:346)
	at org.springframework.beans.factory.support.AbstractBeanFactory.doGetBean(AbstractBeanFactory.java:337)
	at org.springframework.beans.factory.support.AbstractBeanFactory.getBean(AbstractBeanFactory.java:207)
	at org.springframework.context.support.AbstractApplicationContext.finishBeanFactoryInitialization(AbstractApplicationContext.java:970)
	at org.springframework.context.support.AbstractApplicationContext.refresh(AbstractApplicationContext.java:627)
	at org.springframework.boot.web.servlet.context.ServletWebServerApplicationContext.refresh(ServletWebServerApplicationContext.java:146)
	at org.springframework.boot.SpringApplication.refresh(SpringApplication.java:752)
	at org.springframework.boot.SpringApplication.refreshContext(SpringApplication.java:439)
	at org.springframework.boot.SpringApplication.run(SpringApplication.java:318)
	at org.springframework.boot.SpringApplication.run(SpringApplication.java:1361)
	at org.springframework.boot.SpringApplication.run(SpringApplication.java:1350)
	at com.planit.basetemplate.PlanitBaseTemplateApplication.main(PlanitBaseTemplateApplication.java:18)
Caused by: java.sql.SQLInvalidAuthorizationSpecException: (conn=459) Access denied for user 'root'@'localhost' (using password: YES)
	at org.mariadb.jdbc.export.ExceptionFactory.createException(ExceptionFactory.java:293)
	at org.mariadb.jdbc.export.ExceptionFactory.create(ExceptionFactory.java:378)
	at org.mariadb.jdbc.client.impl.StandardClient.authenticationHandler(StandardClient.java:306)
	at org.mariadb.jdbc.client.impl.StandardClient.<init>(StandardClient.java:226)
	at org.mariadb.jdbc.Driver.connect(Driver.java:68)
	at org.mariadb.jdbc.Driver.connect(Driver.java:92)
	at org.mariadb.jdbc.Driver.connect(Driver.java:26)
	at com.zaxxer.hikari.util.DriverDataSource.getConnection(DriverDataSource.java:137)
	at com.zaxxer.hikari.pool.PoolBase.newConnection(PoolBase.java:360)
	at com.zaxxer.hikari.pool.PoolBase.newPoolEntry(PoolBase.java:202)
	at com.zaxxer.hikari.pool.HikariPool.createPoolEntry(HikariPool.java:461)
	at com.zaxxer.hikari.pool.HikariPool.checkFailFast(HikariPool.java:550)
	at com.zaxxer.hikari.pool.HikariPool.<init>(HikariPool.java:98)
	at com.zaxxer.hikari.HikariDataSource.getConnection(HikariDataSource.java:111)
	at org.hibernate.engine.jdbc.connections.internal.DatasourceConnectionProviderImpl.getConnection(DatasourceConnectionProviderImpl.java:126)
	at org.hibernate.engine.jdbc.env.internal.JdbcEnvironmentInitiator$ConnectionProviderJdbcConnectionAccess.obtainConnection(JdbcEnvironmentInitiator.java:467)
	at org.hibernate.resource.transaction.backend.jdbc.internal.JdbcIsolationDelegate.delegateWork(JdbcIsolationDelegate.java:61)
	... 35 common frames omitted
2026-03-05 09:29:09 ERROR [] [main] o.s.o.j.LocalContainerEntityManagerFactoryBean : Failed to initialize JPA EntityManagerFactory: Unable to create requested service [org.hibernate.engine.jdbc.env.spi.JdbcEnvironment] due to: Unable to determine Dialect without JDBC metadata (please set 'jakarta.persistence.jdbc.url' for common cases or 'hibernate.dialect' when a custom Dialect implementation must be provided)
2026-03-05 09:29:09 WARN  [] [main] o.s.b.w.s.c.AnnotationConfigServletWebServerApplicationContext : Exception encountered during context initialization - cancelling refresh attempt: org.springframework.beans.factory.BeanCreationException: Error creating bean with name 'entityManagerFactory' defined in class path resource [org/springframework/boot/autoconfigure/orm/jpa/HibernateJpaConfiguration.class]: Unable to create requested service [org.hibernate.engine.jdbc.env.spi.JdbcEnvironment] due to: Unable to determine Dialect without JDBC metadata (please set 'jakarta.persistence.jdbc.url' for common cases or 'hibernate.dialect' when a custom Dialect implementation must be provided)
2026-03-05 09:29:09 INFO  [] [main] o.a.catalina.core.StandardService : Stopping service [Tomcat]
2026-03-05 09:29:09 INFO  [] [main] o.s.b.a.l.ConditionEvaluationReportLogger : 

Error starting ApplicationContext. To display the condition evaluation report re-run your application with 'debug' enabled.
2026-03-05 09:29:09 ERROR [] [main] o.s.boot.SpringApplication : Application run failed
org.springframework.beans.factory.BeanCreationException: Error creating bean with name 'entityManagerFactory' defined in class path resource [org/springframework/boot/autoconfigure/orm/jpa/HibernateJpaConfiguration.class]: Unable to create requested service [org.hibernate.engine.jdbc.env.spi.JdbcEnvironment] due to: Unable to determine Dialect without JDBC metadata (please set 'jakarta.persistence.jdbc.url' for common cases or 'hibernate.dialect' when a custom Dialect implementation must be provided)
	at org.springframework.beans.factory.support.AbstractAutowireCapableBeanFactory.initializeBean(AbstractAutowireCapableBeanFactory.java:1812)
	at org.springframework.beans.factory.support.AbstractAutowireCapableBeanFactory.doCreateBean(AbstractAutowireCapableBeanFactory.java:601)
	at org.springframework.beans.factory.support.AbstractAutowireCapableBeanFactory.createBean(AbstractAutowireCapableBeanFactory.java:523)
	at org.springframework.beans.factory.support.AbstractBeanFactory.lambda$doGetBean$0(AbstractBeanFactory.java:339)
	at org.springframework.beans.factory.support.DefaultSingletonBeanRegistry.getSingleton(DefaultSingletonBeanRegistry.java:346)
	at org.springframework.beans.factory.support.AbstractBeanFactory.doGetBean(AbstractBeanFactory.java:337)
	at org.springframework.beans.factory.support.AbstractBeanFactory.getBean(AbstractBeanFactory.java:207)
	at org.springframework.context.support.AbstractApplicationContext.finishBeanFactoryInitialization(AbstractApplicationContext.java:970)
	at org.springframework.context.support.AbstractApplicationContext.refresh(AbstractApplicationContext.java:627)
	at org.springframework.boot.web.servlet.context.ServletWebServerApplicationContext.refresh(ServletWebServerApplicationContext.java:146)
	at org.springframework.boot.SpringApplication.refresh(SpringApplication.java:752)
	at org.springframework.boot.SpringApplication.refreshContext(SpringApplication.java:439)
	at org.springframework.boot.SpringApplication.run(SpringApplication.java:318)
	at org.springframework.boot.SpringApplication.run(SpringApplication.java:1361)
	at org.springframework.boot.SpringApplication.run(SpringApplication.java:1350)
	at com.planit.basetemplate.PlanitBaseTemplateApplication.main(PlanitBaseTemplateApplication.java:18)
Caused by: org.hibernate.service.spi.ServiceException: Unable to create requested service [org.hibernate.engine.jdbc.env.spi.JdbcEnvironment] due to: Unable to determine Dialect without JDBC metadata (please set 'jakarta.persistence.jdbc.url' for common cases or 'hibernate.dialect' when a custom Dialect implementation must be provided)
	at org.hibernate.service.internal.AbstractServiceRegistryImpl.createService(AbstractServiceRegistryImpl.java:276)
	at org.hibernate.service.internal.AbstractServiceRegistryImpl.initializeService(AbstractServiceRegistryImpl.java:238)
	at org.hibernate.service.internal.AbstractServiceRegistryImpl.getService(AbstractServiceRegistryImpl.java:215)
	at org.hibernate.boot.model.relational.Database.<init>(Database.java:45)
	at org.hibernate.boot.internal.InFlightMetadataCollectorImpl.getDatabase(InFlightMetadataCollectorImpl.java:226)
	at org.hibernate.boot.internal.InFlightMetadataCollectorImpl.<init>(InFlightMetadataCollectorImpl.java:194)
	at org.hibernate.boot.model.process.spi.MetadataBuildingProcess.complete(MetadataBuildingProcess.java:171)
	at org.hibernate.jpa.boot.internal.EntityManagerFactoryBuilderImpl.metadata(EntityManagerFactoryBuilderImpl.java:1442)
	at org.hibernate.jpa.boot.internal.EntityManagerFactoryBuilderImpl.build(EntityManagerFactoryBuilderImpl.java:1513)
	at org.springframework.orm.jpa.vendor.SpringHibernateJpaPersistenceProvider.createContainerEntityManagerFactory(SpringHibernateJpaPersistenceProvider.java:66)
	at org.springframework.orm.jpa.LocalContainerEntityManagerFactoryBean.createNativeEntityManagerFactory(LocalContainerEntityManagerFactoryBean.java:390)
	at org.springframework.orm.jpa.AbstractEntityManagerFactoryBean.buildNativeEntityManagerFactory(AbstractEntityManagerFactoryBean.java:419)
	at org.springframework.orm.jpa.AbstractEntityManagerFactoryBean.afterPropertiesSet(AbstractEntityManagerFactoryBean.java:400)
	at org.springframework.orm.jpa.LocalContainerEntityManagerFactoryBean.afterPropertiesSet(LocalContainerEntityManagerFactoryBean.java:366)
	at org.springframework.beans.factory.support.AbstractAutowireCapableBeanFactory.invokeInitMethods(AbstractAutowireCapableBeanFactory.java:1859)
	at org.springframework.beans.factory.support.AbstractAutowireCapableBeanFactory.initializeBean(AbstractAutowireCapableBeanFactory.java:1808)
	... 15 common frames omitted
Caused by: org.hibernate.HibernateException: Unable to determine Dialect without JDBC metadata (please set 'jakarta.persistence.jdbc.url' for common cases or 'hibernate.dialect' when a custom Dialect implementation must be provided)
	at org.hibernate.engine.jdbc.dialect.internal.DialectFactoryImpl.determineDialect(DialectFactoryImpl.java:191)
	at org.hibernate.engine.jdbc.dialect.internal.DialectFactoryImpl.buildDialect(DialectFactoryImpl.java:87)
	at org.hibernate.engine.jdbc.env.internal.JdbcEnvironmentInitiator.getJdbcEnvironmentWithDefaults(JdbcEnvironmentInitiator.java:181)
	at org.hibernate.engine.jdbc.env.internal.JdbcEnvironmentInitiator.getJdbcEnvironmentUsingJdbcMetadata(JdbcEnvironmentInitiator.java:392)
	at org.hibernate.engine.jdbc.env.internal.JdbcEnvironmentInitiator.initiateService(JdbcEnvironmentInitiator.java:129)
	at org.hibernate.engine.jdbc.env.internal.JdbcEnvironmentInitiator.initiateService(JdbcEnvironmentInitiator.java:81)
	at org.hibernate.boot.registry.internal.StandardServiceRegistryImpl.initiateService(StandardServiceRegistryImpl.java:130)
	at org.hibernate.service.internal.AbstractServiceRegistryImpl.createService(AbstractServiceRegistryImpl.java:263)
	... 30 common frames omitted
2026-03-05 09:34:49 INFO  [] [background-preinit] o.h.validator.internal.util.Version : HV000001: Hibernate Validator 8.0.2.Final
2026-03-05 09:34:49 INFO  [] [main] c.p.b.PlanitBaseTemplateApplication : Starting PlanitBaseTemplateApplication using Java 17.0.18 with PID 8532 (C:\barumi\PlanIt-User-svc\build\classes\java\main started by DS23 in C:\barumi\PlanIt-User-svc)
2026-03-05 09:34:49 INFO  [] [main] c.p.b.PlanitBaseTemplateApplication : No active profile set, falling back to 1 default profile: "default"
2026-03-05 09:34:49 INFO  [] [main] o.s.d.r.c.RepositoryConfigurationDelegate : Multiple Spring Data modules found, entering strict repository configuration mode
2026-03-05 09:34:49 INFO  [] [main] o.s.d.r.c.RepositoryConfigurationDelegate : Bootstrapping Spring Data JPA repositories in DEFAULT mode.
2026-03-05 09:34:50 INFO  [] [main] o.s.d.r.c.RepositoryConfigurationDelegate : Finished Spring Data repository scanning in 119 ms. Found 6 JPA repository interfaces.
2026-03-05 09:34:50 INFO  [] [main] o.s.d.r.c.RepositoryConfigurationDelegate : Multiple Spring Data modules found, entering strict repository configuration mode
2026-03-05 09:34:50 INFO  [] [main] o.s.d.r.c.RepositoryConfigurationDelegate : Bootstrapping Spring Data Redis repositories in DEFAULT mode.
2026-03-05 09:34:50 INFO  [] [main] o.s.d.r.c.RepositoryConfigurationDelegate : Finished Spring Data repository scanning in 2 ms. Found 0 Redis repository interfaces.
2026-03-05 09:34:51 INFO  [] [main] o.s.b.w.e.tomcat.TomcatWebServer : Tomcat initialized with port 8081 (http)
2026-03-05 09:34:51 INFO  [] [main] o.a.coyote.http11.Http11NioProtocol : Initializing ProtocolHandler ["http-nio-8081"]
2026-03-05 09:34:51 INFO  [] [main] o.a.catalina.core.StandardService : Starting service [Tomcat]
2026-03-05 09:34:51 INFO  [] [main] o.a.catalina.core.StandardEngine : Starting Servlet engine: [Apache Tomcat/10.1.36]
2026-03-05 09:34:51 INFO  [] [main] o.a.c.c.C.[Tomcat].[localhost].[/] : Initializing Spring embedded WebApplicationContext
2026-03-05 09:34:51 INFO  [] [main] o.s.b.w.s.c.ServletWebServerApplicationContext : Root WebApplicationContext: initialization completed in 2001 ms
2026-03-05 09:34:51 INFO  [] [main] o.h.jpa.internal.util.LogHelper : HHH000204: Processing PersistenceUnitInfo [name: default]
2026-03-05 09:34:51 INFO  [] [main] org.hibernate.Version : HHH000412: Hibernate ORM core version 6.6.8.Final
2026-03-05 09:34:51 INFO  [] [main] o.h.c.i.RegionFactoryInitiator : HHH000026: Second-level cache disabled
2026-03-05 09:34:51 INFO  [] [main] o.s.o.j.p.SpringPersistenceUnitInfo : No LoadTimeWeaver setup: ignoring JPA class transformer
2026-03-05 09:34:51 INFO  [] [main] com.zaxxer.hikari.HikariDataSource : HikariPool-1 - Starting...
2026-03-05 09:34:51 INFO  [] [main] com.zaxxer.hikari.pool.HikariPool : HikariPool-1 - Added connection org.mariadb.jdbc.Connection@43b74979
2026-03-05 09:34:51 INFO  [] [main] com.zaxxer.hikari.HikariDataSource : HikariPool-1 - Start completed.
2026-03-05 09:34:52 INFO  [] [main] o.hibernate.orm.connections.pooling : HHH10001005: Database info:
	Database JDBC URL [Connecting through datasource 'HikariDataSource (HikariPool-1)']
	Database driver: undefined/unknown
	Database version: 11.8.3
	Autocommit mode: undefined/unknown
	Isolation level: undefined/unknown
	Minimum pool size: undefined/unknown
	Maximum pool size: undefined/unknown
2026-03-05 09:34:53 INFO  [] [main] o.h.e.t.j.p.i.JtaPlatformInitiator : HHH000489: No JTA platform available (set 'hibernate.transaction.jta.platform' to enable JTA platform integration)
2026-03-05 09:34:53 INFO  [] [main] o.s.o.j.LocalContainerEntityManagerFactoryBean : Initialized JPA EntityManagerFactory for persistence unit 'default'
2026-03-05 09:34:53 INFO  [] [main] o.s.d.j.r.query.QueryEnhancerFactory : Hibernate is in classpath; If applicable, HQL parser will be used.
2026-03-05 09:34:55 WARN  [] [main] o.s.b.a.o.j.JpaBaseConfiguration$JpaWebConfiguration : spring.jpa.open-in-view is enabled by default. Therefore, database queries may be performed during view rendering. Explicitly configure spring.jpa.open-in-view to disable this warning
2026-03-05 09:34:55 WARN  [] [main] o.s.b.a.s.s.UserDetailsServiceAutoConfiguration : 

Using generated security password: b5307e99-334c-4ce9-9782-2b6d8cb5801c

This generated password is for development use only. Your security configuration must be updated before running your application in production.

2026-03-05 09:34:55 INFO  [] [main] o.s.s.c.a.a.c.InitializeUserDetailsBeanManagerConfigurer$InitializeUserDetailsManagerConfigurer : Global AuthenticationManager configured with UserDetailsService bean with name inMemoryUserDetailsManager
2026-03-05 09:34:55 INFO  [] [main] n.d.b.g.c.a.GrpcClientAutoConfiguration : Detected grpc-netty-shaded: Creating ShadedNettyChannelFactory + InProcessChannelFactory
2026-03-05 09:34:55 INFO  [] [main] o.s.b.a.e.web.EndpointLinksResolver : Exposing 2 endpoints beneath base path '/api/v1/users/actuator'
2026-03-05 09:34:56 INFO  [] [main] n.d.b.g.s.a.GrpcServerFactoryAutoConfiguration : Detected grpc-netty-shaded: Creating ShadedNettyGrpcServerFactory
2026-03-05 09:34:56 INFO  [] [main] o.a.coyote.http11.Http11NioProtocol : Starting ProtocolHandler ["http-nio-8081"]
2026-03-05 09:34:56 INFO  [] [main] o.s.b.w.e.tomcat.TomcatWebServer : Tomcat started on port 8081 (http) with context path '/'
2026-03-05 09:34:56 INFO  [] [main] n.d.b.g.s.s.AbstractGrpcServerFactory : Registered gRPC service: BaseTestGrpcService, bean: baseGrpcController, class: com.planit.basetemplate.grpc.BaseGrpcController
2026-03-05 09:34:56 INFO  [] [main] n.d.b.g.s.s.AbstractGrpcServerFactory : Registered gRPC service: grpc.health.v1.Health, bean: grpcHealthService, class: io.grpc.protobuf.services.HealthServiceImpl
2026-03-05 09:34:56 INFO  [] [main] n.d.b.g.s.s.AbstractGrpcServerFactory : Registered gRPC service: grpc.reflection.v1alpha.ServerReflection, bean: protoReflectionService, class: io.grpc.protobuf.services.ProtoReflectionService
2026-03-05 09:34:56 INFO  [] [main] n.d.b.g.s.s.GrpcServerLifecycle : gRPC Server started, listening on address: *, port: 9090
2026-03-05 09:34:56 INFO  [] [main] c.p.b.PlanitBaseTemplateApplication : Started PlanitBaseTemplateApplication in 8.184 seconds (process running for 8.526)
2026-03-05 09:35:40 INFO  [] [http-nio-8081-exec-1] o.a.c.c.C.[Tomcat].[localhost].[/] : Initializing Spring DispatcherServlet 'dispatcherServlet'
2026-03-05 09:35:40 INFO  [] [http-nio-8081-exec-1] o.s.web.servlet.DispatcherServlet : Initializing Servlet 'dispatcherServlet'
2026-03-05 09:35:40 INFO  [] [http-nio-8081-exec-1] o.s.web.servlet.DispatcherServlet : Completed initialization in 2 ms
2026-03-05 09:35:40 INFO  [69a8cfdc8acad946988dd93e89174d73] [http-nio-8081-exec-1] c.p.u.controller.CategoryController : Get categories request
2026-03-05 09:35:40 INFO  [69a8cfdc8acad946988dd93e89174d73] [http-nio-8081-exec-1] c.p.u.service.CategoryService : Fetching categories from database
2026-03-05 09:35:44 INFO  [69a8cfe0025defb7fcaa72af0fa558e8] [http-nio-8081-exec-2] c.p.u.controller.CategoryController : Get categories request
2026-03-05 09:35:44 INFO  [69a8cfe0025defb7fcaa72af0fa558e8] [http-nio-8081-exec-2] c.p.u.service.CategoryService : Fetching categories from database
2026-03-05 09:35:49 INFO  [69a8cfe5064951735bb1e37c6018251a] [http-nio-8081-exec-4] c.p.u.controller.AuthController : Login request
2026-03-05 09:35:49 INFO  [69a8cfe5064951735bb1e37c6018251a] [http-nio-8081-exec-4] c.p.u.security.CognitoService : Local profile detected - skipping Cognito validation, returning dummy user
2026-03-05 09:35:49 INFO  [69a8cfe573db89e1c0572771940ca3f8] [http-nio-8081-exec-6] c.p.u.controller.CategoryController : Get categories request
2026-03-05 09:35:49 INFO  [69a8cfe573db89e1c0572771940ca3f8] [http-nio-8081-exec-6] c.p.u.service.CategoryService : Fetching categories from database
2026-03-05 09:35:57 INFO  [69a8cfed1a5b8f76f81523edf0a47d49] [http-nio-8081-exec-9] c.p.u.controller.AuthController : Signup request: ÁÁÀº¾ÆÄ§
2026-03-05 09:35:57 INFO  [69a8cfed1a5b8f76f81523edf0a47d49] [http-nio-8081-exec-9] c.p.u.security.CognitoService : Local profile detected - skipping Cognito validation, returning dummy user
2026-03-05 09:35:57 WARN  [69a8cfed1a5b8f76f81523edf0a47d49] [http-nio-8081-exec-9] o.m.jdbc.message.server.ErrorPacket : Error: 1062-23000: Duplicate entry 'wlsdudgnzn@gmail.com' for key 'UK6dotkott2kjsp8vw4d0m25fb7'
2026-03-05 09:35:57 WARN  [69a8cfed1a5b8f76f81523edf0a47d49] [http-nio-8081-exec-9] o.h.e.jdbc.spi.SqlExceptionHelper : SQL Error: 1062, SQLState: 23000
2026-03-05 09:35:57 ERROR [69a8cfed1a5b8f76f81523edf0a47d49] [http-nio-8081-exec-9] o.h.e.jdbc.spi.SqlExceptionHelper : (conn=461) Duplicate entry 'wlsdudgnzn@gmail.com' for key 'UK6dotkott2kjsp8vw4d0m25fb7'
2026-03-05 09:45:51 INFO  [] [background-preinit] o.h.validator.internal.util.Version : HV000001: Hibernate Validator 8.0.2.Final
2026-03-05 09:45:51 INFO  [] [main] c.p.b.PlanitBaseTemplateApplication : Starting PlanitBaseTemplateApplication using Java 17.0.18 with PID 30024 (C:\barumi\PlanIt-User-svc\build\classes\java\main started by DS23 in C:\barumi\PlanIt-User-svc)
2026-03-05 09:45:51 INFO  [] [main] c.p.b.PlanitBaseTemplateApplication : No active profile set, falling back to 1 default profile: "default"
2026-03-05 09:45:52 INFO  [] [main] o.s.d.r.c.RepositoryConfigurationDelegate : Multiple Spring Data modules found, entering strict repository configuration mode
2026-03-05 09:45:52 INFO  [] [main] o.s.d.r.c.RepositoryConfigurationDelegate : Bootstrapping Spring Data JPA repositories in DEFAULT mode.
2026-03-05 09:45:52 INFO  [] [main] o.s.d.r.c.RepositoryConfigurationDelegate : Finished Spring Data repository scanning in 130 ms. Found 6 JPA repository interfaces.
2026-03-05 09:45:53 INFO  [] [main] o.s.d.r.c.RepositoryConfigurationDelegate : Multiple Spring Data modules found, entering strict repository configuration mode
2026-03-05 09:45:53 INFO  [] [main] o.s.d.r.c.RepositoryConfigurationDelegate : Bootstrapping Spring Data Redis repositories in DEFAULT mode.
2026-03-05 09:45:53 INFO  [] [main] o.s.d.r.c.RepositoryConfigurationDelegate : Finished Spring Data repository scanning in 1 ms. Found 0 Redis repository interfaces.
2026-03-05 09:45:54 INFO  [] [main] o.s.b.w.e.tomcat.TomcatWebServer : Tomcat initialized with port 8081 (http)
2026-03-05 09:45:54 INFO  [] [main] o.a.coyote.http11.Http11NioProtocol : Initializing ProtocolHandler ["http-nio-8081"]
2026-03-05 09:45:54 INFO  [] [main] o.a.catalina.core.StandardService : Starting service [Tomcat]
2026-03-05 09:45:54 INFO  [] [main] o.a.catalina.core.StandardEngine : Starting Servlet engine: [Apache Tomcat/10.1.36]
2026-03-05 09:45:54 INFO  [] [main] o.a.c.c.C.[Tomcat].[localhost].[/] : Initializing Spring embedded WebApplicationContext
2026-03-05 09:45:54 INFO  [] [main] o.s.b.w.s.c.ServletWebServerApplicationContext : Root WebApplicationContext: initialization completed in 2257 ms
2026-03-05 09:45:54 INFO  [] [main] o.h.jpa.internal.util.LogHelper : HHH000204: Processing PersistenceUnitInfo [name: default]
2026-03-05 09:45:54 INFO  [] [main] org.hibernate.Version : HHH000412: Hibernate ORM core version 6.6.8.Final
2026-03-05 09:45:54 INFO  [] [main] o.h.c.i.RegionFactoryInitiator : HHH000026: Second-level cache disabled
2026-03-05 09:45:54 INFO  [] [main] o.s.o.j.p.SpringPersistenceUnitInfo : No LoadTimeWeaver setup: ignoring JPA class transformer
2026-03-05 09:45:54 INFO  [] [main] com.zaxxer.hikari.HikariDataSource : HikariPool-1 - Starting...
2026-03-05 09:45:54 INFO  [] [main] com.zaxxer.hikari.pool.HikariPool : HikariPool-1 - Added connection org.mariadb.jdbc.Connection@43b74979
2026-03-05 09:45:54 INFO  [] [main] com.zaxxer.hikari.HikariDataSource : HikariPool-1 - Start completed.
2026-03-05 09:45:55 INFO  [] [main] o.hibernate.orm.connections.pooling : HHH10001005: Database info:
	Database JDBC URL [Connecting through datasource 'HikariDataSource (HikariPool-1)']
	Database driver: undefined/unknown
	Database version: 11.8.3
	Autocommit mode: undefined/unknown
	Isolation level: undefined/unknown
	Minimum pool size: undefined/unknown
	Maximum pool size: undefined/unknown
2026-03-05 09:45:55 INFO  [] [main] o.h.e.t.j.p.i.JtaPlatformInitiator : HHH000489: No JTA platform available (set 'hibernate.transaction.jta.platform' to enable JTA platform integration)
2026-03-05 09:45:55 INFO  [] [main] o.s.o.j.LocalContainerEntityManagerFactoryBean : Initialized JPA EntityManagerFactory for persistence unit 'default'
2026-03-05 09:45:56 INFO  [] [main] o.s.d.j.r.query.QueryEnhancerFactory : Hibernate is in classpath; If applicable, HQL parser will be used.
2026-03-05 09:45:58 WARN  [] [main] o.s.b.a.o.j.JpaBaseConfiguration$JpaWebConfiguration : spring.jpa.open-in-view is enabled by default. Therefore, database queries may be performed during view rendering. Explicitly configure spring.jpa.open-in-view to disable this warning
2026-03-05 09:45:58 WARN  [] [main] o.s.b.a.s.s.UserDetailsServiceAutoConfiguration : 

Using generated security password: 5d07c6c2-098c-40db-af64-7ce0e68d21ff

This generated password is for development use only. Your security configuration must be updated before running your application in production.

2026-03-05 09:45:58 INFO  [] [main] o.s.s.c.a.a.c.InitializeUserDetailsBeanManagerConfigurer$InitializeUserDetailsManagerConfigurer : Global AuthenticationManager configured with UserDetailsService bean with name inMemoryUserDetailsManager
2026-03-05 09:45:58 INFO  [] [main] n.d.b.g.c.a.GrpcClientAutoConfiguration : Detected grpc-netty-shaded: Creating ShadedNettyChannelFactory + InProcessChannelFactory
2026-03-05 09:45:58 INFO  [] [main] o.s.b.a.e.web.EndpointLinksResolver : Exposing 2 endpoints beneath base path '/api/v1/users/actuator'
2026-03-05 09:45:59 INFO  [] [main] n.d.b.g.s.a.GrpcServerFactoryAutoConfiguration : Detected grpc-netty-shaded: Creating ShadedNettyGrpcServerFactory
2026-03-05 09:45:59 INFO  [] [main] o.a.coyote.http11.Http11NioProtocol : Starting ProtocolHandler ["http-nio-8081"]
2026-03-05 09:45:59 INFO  [] [main] o.s.b.w.e.tomcat.TomcatWebServer : Tomcat started on port 8081 (http) with context path '/'
2026-03-05 09:45:59 INFO  [] [main] n.d.b.g.s.s.AbstractGrpcServerFactory : Registered gRPC service: BaseTestGrpcService, bean: baseGrpcController, class: com.planit.basetemplate.grpc.BaseGrpcController
2026-03-05 09:45:59 INFO  [] [main] n.d.b.g.s.s.AbstractGrpcServerFactory : Registered gRPC service: grpc.health.v1.Health, bean: grpcHealthService, class: io.grpc.protobuf.services.HealthServiceImpl
2026-03-05 09:45:59 INFO  [] [main] n.d.b.g.s.s.AbstractGrpcServerFactory : Registered gRPC service: grpc.reflection.v1alpha.ServerReflection, bean: protoReflectionService, class: io.grpc.protobuf.services.ProtoReflectionService
2026-03-05 09:45:59 INFO  [] [main] n.d.b.g.s.s.GrpcServerLifecycle : gRPC Server started, listening on address: *, port: 9090
2026-03-05 09:45:59 INFO  [] [main] c.p.b.PlanitBaseTemplateApplication : Started PlanitBaseTemplateApplication in 8.497 seconds (process running for 8.855)
2026-03-05 09:46:50 INFO  [] [http-nio-8081-exec-1] o.a.c.c.C.[Tomcat].[localhost].[/] : Initializing Spring DispatcherServlet 'dispatcherServlet'
2026-03-05 09:46:50 INFO  [] [http-nio-8081-exec-1] o.s.web.servlet.DispatcherServlet : Initializing Servlet 'dispatcherServlet'
2026-03-05 09:46:50 INFO  [] [http-nio-8081-exec-1] o.s.web.servlet.DispatcherServlet : Completed initialization in 2 ms
2026-03-05 09:46:50 INFO  [69a8d27ad5c8285d36c94c4df59d56b4] [http-nio-8081-exec-1] c.p.u.controller.CategoryController : Get categories request
2026-03-05 09:46:50 INFO  [69a8d27ad5c8285d36c94c4df59d56b4] [http-nio-8081-exec-1] c.p.u.service.CategoryService : Fetching categories from database
2026-03-05 09:46:54 INFO  [69a8d27d3c4e1a14cebe952589710e3a] [http-nio-8081-exec-3] c.p.u.controller.AuthController : Login request
2026-03-05 09:46:54 INFO  [69a8d27d3c4e1a14cebe952589710e3a] [http-nio-8081-exec-3] c.p.u.security.CognitoService : Local profile detected - skipping Cognito validation, returning dummy user
2026-03-05 09:46:54 INFO  [69a8d27e85245e6af71d65229582f6aa] [http-nio-8081-exec-4] c.p.u.controller.CategoryController : Get categories request
2026-03-05 09:46:54 INFO  [69a8d27e85245e6af71d65229582f6aa] [http-nio-8081-exec-4] c.p.u.service.CategoryService : Fetching categories from database
2026-03-05 09:47:09 INFO  [69a8d28de76376af684ae4b9b6f898bc] [http-nio-8081-exec-6] c.p.u.controller.AuthController : Signup request: Á¦À°
2026-03-05 09:47:09 INFO  [69a8d28de76376af684ae4b9b6f898bc] [http-nio-8081-exec-6] c.p.u.security.CognitoService : Local profile detected - skipping Cognito validation, returning dummy user
2026-03-05 09:47:09 WARN  [69a8d28de76376af684ae4b9b6f898bc] [http-nio-8081-exec-6] o.m.jdbc.message.server.ErrorPacket : Error: 1062-23000: Duplicate entry 'wlsdudgnzn@gmail.com' for key 'UK6dotkott2kjsp8vw4d0m25fb7'
2026-03-05 09:47:09 WARN  [69a8d28de76376af684ae4b9b6f898bc] [http-nio-8081-exec-6] o.h.e.jdbc.spi.SqlExceptionHelper : SQL Error: 1062, SQLState: 23000
2026-03-05 09:47:09 ERROR [69a8d28de76376af684ae4b9b6f898bc] [http-nio-8081-exec-6] o.h.e.jdbc.spi.SqlExceptionHelper : (conn=471) Duplicate entry 'wlsdudgnzn@gmail.com' for key 'UK6dotkott2kjsp8vw4d0m25fb7'
2026-03-05 09:52:18 INFO  [69a8d3c20879d315cc77768fc3030fa0] [http-nio-8081-exec-8] c.p.u.controller.CategoryController : Get categories request
2026-03-05 09:52:18 INFO  [69a8d3c20879d315cc77768fc3030fa0] [http-nio-8081-exec-8] c.p.u.service.CategoryService : Fetching categories from database
2026-03-05 09:52:50 INFO  [69a8d3e2472df5b936c3937563d19bf4] [http-nio-8081-exec-10] c.p.u.controller.AuthController : Login request
2026-03-05 09:52:50 INFO  [69a8d3e2472df5b936c3937563d19bf4] [http-nio-8081-exec-10] c.p.u.security.CognitoService : Local profile detected - skipping Cognito validation, returning dummy user
2026-03-05 09:52:50 INFO  [69a8d3e23eb63fb37086a1dbbb5b616c] [http-nio-8081-exec-1] c.p.u.controller.CategoryController : Get categories request
2026-03-05 09:52:50 INFO  [69a8d3e23eb63fb37086a1dbbb5b616c] [http-nio-8081-exec-1] c.p.u.service.CategoryService : Fetching categories from database
2026-03-05 09:53:10 INFO  [69a8d3f698765c519fe2b2e6ea45bd6e] [http-nio-8081-exec-3] c.p.u.controller.AuthController : Signup request: µ·±î½ºÁ¦À°µ¤¹ä
2026-03-05 09:53:10 INFO  [69a8d3f698765c519fe2b2e6ea45bd6e] [http-nio-8081-exec-3] c.p.u.security.CognitoService : Local profile detected - skipping Cognito validation, returning dummy user
2026-03-05 09:53:11 WARN  [69a8d3f698765c519fe2b2e6ea45bd6e] [http-nio-8081-exec-3] c.p.userservice.service.AuthService : Redis is not available, skipping refresh token storage: Unable to connect to Redis
2026-03-05 09:53:17 INFO  [69a8d3fd70bb007039a049f29ae09553] [http-nio-8081-exec-7] c.p.u.controller.FriendController : Get friends: 019cbb7b-f9d1-7f8b-b610-4d96342d79c5
2026-03-05 09:53:17 INFO  [69a8d3fd60fe7e11025d665d7de874f5] [http-nio-8081-exec-6] c.p.u.controller.FriendController : Get received requests: 019cbb7b-f9d1-7f8b-b610-4d96342d79c5
2026-03-05 09:53:17 WARN  [69a8d3fd60fe7e11025d665d7de874f5] [http-nio-8081-exec-6] o.s.d.w.c.SpringDataJacksonConfiguration$PageModule$WarningLoggingModifier : Serializing PageImpl instances as-is is not supported, meaning that there is no guarantee about the stability of the resulting JSON structure!
	For a stable JSON structure, please use Spring Data's PagedModel (globally via @EnableSpringDataWebSupport(pageSerializationMode = VIA_DTO))
	or Spring HATEOAS and Spring Data's PagedResourcesAssembler as documented in https://docs.spring.io/spring-data/commons/reference/repositories/core-extensions.html#core.web.pageables.

2026-03-05 09:53:21 INFO  [69a8d401f5a7a7dae100038903d7c75a] [http-nio-8081-exec-9] c.p.u.controller.UserController : Search users request: ·Î±×
2026-03-05 09:53:24 INFO  [69a8d4045918ad1de415f6d73ace06a4] [http-nio-8081-exec-1] c.p.u.controller.FriendController : Send friend request: 019cbb7b-f9d1-7f8b-b610-4d96342d79c5 -> 019cb7c8-39eb-7fca-9e1f-1f3ccb30473a
2026-03-05 09:53:24 INFO  [69a8d4045918ad1de415f6d73ace06a4] [http-nio-8081-exec-1] c.p.u.service.FriendService : Friend request sent: 019cbb7b-f9d1-7f8b-b610-4d96342d79c5 -> 019cb7c8-39eb-7fca-9e1f-1f3ccb30473a
2026-03-05 09:53:24 INFO  [69a8d4049179871289e1982e2981988b] [http-nio-8081-exec-3] c.p.u.controller.FriendController : Get received requests: 019cbb7b-f9d1-7f8b-b610-4d96342d79c5
2026-03-05 09:53:26 INFO  [69a8d40680ab276215bc0b346c15104d] [http-nio-8081-exec-4] c.p.u.controller.FriendController : Get received requests: 019cbb7b-f9d1-7f8b-b610-4d96342d79c5
2026-03-05 09:53:27 INFO  [69a8d407edc9958ca4fc451563bde08f] [http-nio-8081-exec-7] c.p.u.controller.FriendController : Get friends: 019cbb7b-f9d1-7f8b-b610-4d96342d79c5
2026-03-05 09:53:28 INFO  [69a8d408852fc0f11e478fe4ccfb135b] [http-nio-8081-exec-9] c.p.u.controller.FriendController : Get received requests: 019cbb7b-f9d1-7f8b-b610-4d96342d79c5
2026-03-05 09:53:28 INFO  [69a8d408245f8b8a42711ab8e62c2636] [http-nio-8081-exec-1] c.p.u.controller.FriendController : Get friends: 019cbb7b-f9d1-7f8b-b610-4d96342d79c5
2026-03-05 09:53:29 INFO  [69a8d409ce1a1f84dc3220f302f63343] [http-nio-8081-exec-3] c.p.u.controller.UserController : Get profile request: 019cbb7b-f9d1-7f8b-b610-4d96342d79c5
2026-03-05 09:53:34 INFO  [69a8d40eb666d9662b4421b0694408bc] [http-nio-8081-exec-4] c.p.u.controller.UserController : Update profile request: 019cbb7b-f9d1-7f8b-b610-4d96342d79c5
2026-03-05 09:53:34 INFO  [69a8d40e68b4c8d71addba935941b4a7] [http-nio-8081-exec-7] c.p.u.controller.UserController : Get profile request: 019cbb7b-f9d1-7f8b-b610-4d96342d79c5
2026-03-05 09:53:38 INFO  [69a8d412f2a1cef693f0b34ee4912402] [http-nio-8081-exec-10] c.p.u.controller.FriendController : Get received requests: 019cbb7b-f9d1-7f8b-b610-4d96342d79c5
2026-03-05 09:53:38 INFO  [69a8d4122dabc356d51be662b41dc2e9] [http-nio-8081-exec-1] c.p.u.controller.FriendController : Get friends: 019cbb7b-f9d1-7f8b-b610-4d96342d79c5
2026-03-05 10:00:12 INFO  [69a8d59c1cb273f0ebaea0ac2bc25af2] [http-nio-8081-exec-5] c.p.u.controller.CategoryController : Get categories request
2026-03-05 10:00:12 INFO  [69a8d59c1cb273f0ebaea0ac2bc25af2] [http-nio-8081-exec-5] c.p.u.service.CategoryService : Fetching categories from database
2026-03-05 10:00:15 INFO  [69a8d59fba1640e59a80b7b084a2bc35] [http-nio-8081-exec-6] c.p.u.controller.AuthController : Login request
2026-03-05 10:00:15 INFO  [69a8d59fba1640e59a80b7b084a2bc35] [http-nio-8081-exec-6] c.p.u.security.CognitoService : Local profile detected - skipping Cognito validation, returning dummy user
2026-03-05 10:00:16 INFO  [69a8d5a0a88a87ba725821cfb4de57d9] [http-nio-8081-exec-7] c.p.u.controller.CategoryController : Get categories request
2026-03-05 10:00:16 INFO  [69a8d5a0a88a87ba725821cfb4de57d9] [http-nio-8081-exec-7] c.p.u.service.CategoryService : Fetching categories from database
2026-03-05 10:00:30 INFO  [69a8d5ae66296dfc9768632960bcf3e4] [http-nio-8081-exec-8] c.p.u.controller.AuthController : Signup request: È¸µ¤¹ä
2026-03-05 10:00:30 INFO  [69a8d5ae66296dfc9768632960bcf3e4] [http-nio-8081-exec-8] c.p.u.security.CognitoService : Local profile detected - skipping Cognito validation, returning dummy user
2026-03-05 10:00:30 WARN  [69a8d5ae66296dfc9768632960bcf3e4] [http-nio-8081-exec-8] o.m.jdbc.message.server.ErrorPacket : Error: 1062-23000: Duplicate entry 'wlsdudgnzn@gmail.com' for key 'UK6dotkott2kjsp8vw4d0m25fb7'
2026-03-05 10:00:30 WARN  [69a8d5ae66296dfc9768632960bcf3e4] [http-nio-8081-exec-8] o.h.e.jdbc.spi.SqlExceptionHelper : SQL Error: 1062, SQLState: 23000
2026-03-05 10:00:30 ERROR [69a8d5ae66296dfc9768632960bcf3e4] [http-nio-8081-exec-8] o.h.e.jdbc.spi.SqlExceptionHelper : (conn=471) Duplicate entry 'wlsdudgnzn@gmail.com' for key 'UK6dotkott2kjsp8vw4d0m25fb7'
2026-03-05 10:06:17 INFO  [69a8d709f4ccba958b6ea342e844985d] [http-nio-8081-exec-10] c.p.u.controller.CategoryController : Get categories request
2026-03-05 10:06:17 INFO  [69a8d709f4ccba958b6ea342e844985d] [http-nio-8081-exec-10] c.p.u.service.CategoryService : Fetching categories from database
2026-03-05 10:06:51 INFO  [69a8d72b953926909120f5712fc94e36] [http-nio-8081-exec-2] c.p.u.controller.AuthController : Login request
2026-03-05 10:06:51 INFO  [69a8d72b953926909120f5712fc94e36] [http-nio-8081-exec-2] c.p.u.security.CognitoService : Local profile detected - skipping Cognito validation, returning dummy user
2026-03-05 10:06:52 INFO  [69a8d72ca10ca2a6f510a35c3141df23] [http-nio-8081-exec-5] c.p.u.controller.CategoryController : Get categories request
2026-03-05 10:06:52 INFO  [69a8d72ca10ca2a6f510a35c3141df23] [http-nio-8081-exec-5] c.p.u.service.CategoryService : Fetching categories from database
2026-03-05 10:07:09 INFO  [69a8d73d234098e3eaac51122abd1155] [http-nio-8081-exec-6] c.p.u.controller.AuthController : Signup request: ÈÄ·¹½¬º£¸®
2026-03-05 10:07:09 INFO  [69a8d73d234098e3eaac51122abd1155] [http-nio-8081-exec-6] c.p.u.security.CognitoService : Local profile detected - skipping Cognito validation, returning dummy user
2026-03-05 10:07:09 WARN  [69a8d73d234098e3eaac51122abd1155] [http-nio-8081-exec-6] c.p.userservice.service.AuthService : Redis is not available, skipping refresh token storage: Unable to connect to Redis
2026-03-05 10:07:15 INFO  [69a8d74357d11c1db79fb1344d512c9e] [http-nio-8081-exec-9] c.p.u.controller.UserController : Get profile request: 019cbb88-c955-7736-a798-146df97345eb
2026-03-05 10:07:23 INFO  [69a8d74bfff3c9ae956b4f39300b025a] [http-nio-8081-exec-1] c.p.u.controller.AuthController : Withdraw request: 019cbb88-c955-7736-a798-146df97345eb
2026-03-05 10:07:23 WARN  [69a8d74bfff3c9ae956b4f39300b025a] [http-nio-8081-exec-1] c.p.userservice.service.AuthService : Redis is not available, skipping refresh token deletion: Unable to connect to Redis
2026-03-05 10:07:23 INFO  [69a8d74bfff3c9ae956b4f39300b025a] [http-nio-8081-exec-1] c.p.u.security.CognitoService : Local profile detected - skipping Cognito user deletion
2026-03-05 10:07:23 INFO  [69a8d74bfff3c9ae956b4f39300b025a] [http-nio-8081-exec-1] c.p.userservice.service.AuthService : User withdrawn: 019cbb88-c955-7736-a798-146df97345eb
2026-03-05 10:07:23 INFO  [69a8d74b823714f6ae6acbc5e24e1ce8] [http-nio-8081-exec-5] c.p.u.controller.CategoryController : Get categories request
2026-03-05 10:07:23 INFO  [69a8d74b117a7437c05d74704b13b3e9] [http-nio-8081-exec-2] c.p.u.controller.UserController : Get profile request: 019cbb88-c955-7736-a798-146df97345eb
2026-03-05 10:07:23 INFO  [69a8d74b823714f6ae6acbc5e24e1ce8] [http-nio-8081-exec-5] c.p.u.service.CategoryService : Fetching categories from database
2026-03-05 10:07:24 INFO  [69a8d74cc9e5af63b6b2ed2985e0443d] [http-nio-8081-exec-4] c.p.u.controller.CategoryController : Get categories request
2026-03-05 10:07:24 INFO  [69a8d74cc9e5af63b6b2ed2985e0443d] [http-nio-8081-exec-4] c.p.u.service.CategoryService : Fetching categories from database
2026-03-05 10:07:45 INFO  [69a8d7615d1626dc5316a41190b3fc77] [http-nio-8081-exec-7] c.p.u.controller.AuthController : Login request
2026-03-05 10:07:45 INFO  [69a8d7615d1626dc5316a41190b3fc77] [http-nio-8081-exec-7] c.p.u.security.CognitoService : Local profile detected - skipping Cognito validation, returning dummy user
2026-03-05 10:07:45 INFO  [69a8d761d416da5cc68745ef01601fe0] [http-nio-8081-exec-9] c.p.u.controller.CategoryController : Get categories request
2026-03-05 10:07:45 INFO  [69a8d761d416da5cc68745ef01601fe0] [http-nio-8081-exec-9] c.p.u.service.CategoryService : Fetching categories from database
2026-03-05 10:07:59 INFO  [69a8d76fc194d1fd6d4ee15a999bb850] [http-nio-8081-exec-1] c.p.u.controller.AuthController : Signup request: Ä¿½ºÅ¸µå
2026-03-05 10:07:59 INFO  [69a8d76fc194d1fd6d4ee15a999bb850] [http-nio-8081-exec-1] c.p.u.security.CognitoService : Local profile detected - skipping Cognito validation, returning dummy user
2026-03-05 10:07:59 WARN  [69a8d76fc194d1fd6d4ee15a999bb850] [http-nio-8081-exec-1] o.m.jdbc.message.server.ErrorPacket : Error: 1062-23000: Duplicate entry 'wlsdudgnzn@gmail.com' for key 'UK6dotkott2kjsp8vw4d0m25fb7'
2026-03-05 10:07:59 WARN  [69a8d76fc194d1fd6d4ee15a999bb850] [http-nio-8081-exec-1] o.h.e.jdbc.spi.SqlExceptionHelper : SQL Error: 1062, SQLState: 23000
2026-03-05 10:07:59 ERROR [69a8d76fc194d1fd6d4ee15a999bb850] [http-nio-8081-exec-1] o.h.e.jdbc.spi.SqlExceptionHelper : (conn=472) Duplicate entry 'wlsdudgnzn@gmail.com' for key 'UK6dotkott2kjsp8vw4d0m25fb7'
2026-03-05 10:20:33 INFO  [69a8da6193af0b7a7931e308cf52fe47] [http-nio-8081-exec-2] c.p.u.controller.CategoryController : Get categories request
2026-03-05 10:20:33 INFO  [69a8da6193af0b7a7931e308cf52fe47] [http-nio-8081-exec-2] c.p.u.service.CategoryService : Fetching categories from database
2026-03-05 10:20:37 INFO  [69a8da65a7fe55eef059ec7b82eb2fdb] [http-nio-8081-exec-4] c.p.u.controller.AuthController : Login request
2026-03-05 10:20:37 INFO  [69a8da65a7fe55eef059ec7b82eb2fdb] [http-nio-8081-exec-4] c.p.u.security.CognitoService : Local profile detected - skipping Cognito validation, returning dummy user
2026-03-05 10:20:37 INFO  [69a8da65409202013a2f8bb851c3fc8a] [http-nio-8081-exec-6] c.p.u.controller.CategoryController : Get categories request
2026-03-05 10:20:37 INFO  [69a8da65409202013a2f8bb851c3fc8a] [http-nio-8081-exec-6] c.p.u.service.CategoryService : Fetching categories from database
2026-03-05 10:20:46 INFO  [69a8da6e1941ba0f01f870db494e1367] [http-nio-8081-exec-9] c.p.u.controller.AuthController : Signup request: ºØ¾î»§
2026-03-05 10:20:46 INFO  [69a8da6e1941ba0f01f870db494e1367] [http-nio-8081-exec-9] c.p.u.security.CognitoService : Local profile detected - skipping Cognito validation, returning dummy user
2026-03-05 10:20:46 WARN  [69a8da6e1941ba0f01f870db494e1367] [http-nio-8081-exec-9] c.p.userservice.service.AuthService : Redis is not available, skipping refresh token storage: Unable to connect to Redis
2026-03-05 10:20:51 INFO  [69a8da732538e5506c3cddd4fa945706] [http-nio-8081-exec-1] c.p.u.controller.UserController : Get profile request: 019cbb95-3f78-773a-86e4-fb2b63c281c3
2026-03-05 10:20:53 INFO  [69a8da7518273ed6ce22496102567a5b] [http-nio-8081-exec-3] c.p.u.controller.AuthController : Withdraw request: 019cbb95-3f78-773a-86e4-fb2b63c281c3
2026-03-05 10:20:53 WARN  [69a8da7518273ed6ce22496102567a5b] [http-nio-8081-exec-3] c.p.userservice.service.AuthService : Redis is not available, skipping refresh token deletion: Unable to connect to Redis
2026-03-05 10:20:53 INFO  [69a8da7518273ed6ce22496102567a5b] [http-nio-8081-exec-3] c.p.u.security.CognitoService : Local profile detected - skipping Cognito user deletion
2026-03-05 10:20:53 INFO  [69a8da7518273ed6ce22496102567a5b] [http-nio-8081-exec-3] c.p.userservice.service.AuthService : User withdrawn: 019cbb95-3f78-773a-86e4-fb2b63c281c3
2026-03-05 10:20:53 INFO  [69a8da750fdf0c96aa804c56142d6322] [http-nio-8081-exec-6] c.p.u.controller.CategoryController : Get categories request
2026-03-05 10:20:53 INFO  [69a8da750fdf0c96aa804c56142d6322] [http-nio-8081-exec-6] c.p.u.service.CategoryService : Fetching categories from database
2026-03-05 10:20:53 INFO  [69a8da75dadd0071269735202a50fe63] [http-nio-8081-exec-4] c.p.u.controller.UserController : Get profile request: 019cbb95-3f78-773a-86e4-fb2b63c281c3
2026-03-05 10:20:54 INFO  [69a8da76fb25fa74d81d746a0ca089fe] [http-nio-8081-exec-7] c.p.u.controller.CategoryController : Get categories request
2026-03-05 10:20:54 INFO  [69a8da76fb25fa74d81d746a0ca089fe] [http-nio-8081-exec-7] c.p.u.service.CategoryService : Fetching categories from database
2026-03-05 10:21:10 INFO  [69a8da86cfad8950c0c90b7b7ac4e893] [http-nio-8081-exec-8] c.p.u.controller.AuthController : Login request
2026-03-05 10:21:10 INFO  [69a8da86cfad8950c0c90b7b7ac4e893] [http-nio-8081-exec-8] c.p.u.security.CognitoService : Local profile detected - skipping Cognito validation, returning dummy user
2026-03-05 10:21:10 INFO  [69a8da868cea1a829b11f8623e2bb739] [http-nio-8081-exec-1] c.p.u.controller.CategoryController : Get categories request
2026-03-05 10:21:10 INFO  [69a8da868cea1a829b11f8623e2bb739] [http-nio-8081-exec-1] c.p.u.service.CategoryService : Fetching categories from database
2026-03-05 10:21:19 INFO  [69a8da8f8d462a48bf334f516512eeac] [http-nio-8081-exec-3] c.p.u.controller.AuthController : Signup request: ±¹È­»§
2026-03-05 10:21:19 INFO  [69a8da8f8d462a48bf334f516512eeac] [http-nio-8081-exec-3] c.p.u.security.CognitoService : Local profile detected - skipping Cognito validation, returning dummy user
2026-03-05 10:21:19 WARN  [69a8da8f8d462a48bf334f516512eeac] [http-nio-8081-exec-3] c.p.userservice.service.AuthService : Redis is not available, skipping refresh token storage: Unable to connect to Redis
2026-03-05 10:25:15 INFO  [] [background-preinit] o.h.validator.internal.util.Version : HV000001: Hibernate Validator 8.0.2.Final
2026-03-05 10:25:15 INFO  [] [main] c.p.b.PlanitBaseTemplateApplication : Starting PlanitBaseTemplateApplication using Java 17.0.18 with PID 132 (C:\barumi\PlanIt-User-svc\build\classes\java\main started by DS23 in C:\barumi\PlanIt-User-svc)
2026-03-05 10:25:15 INFO  [] [main] c.p.b.PlanitBaseTemplateApplication : No active profile set, falling back to 1 default profile: "default"
2026-03-05 10:25:16 INFO  [] [main] o.s.d.r.c.RepositoryConfigurationDelegate : Multiple Spring Data modules found, entering strict repository configuration mode
2026-03-05 10:25:16 INFO  [] [main] o.s.d.r.c.RepositoryConfigurationDelegate : Bootstrapping Spring Data JPA repositories in DEFAULT mode.
2026-03-05 10:25:16 INFO  [] [main] o.s.d.r.c.RepositoryConfigurationDelegate : Finished Spring Data repository scanning in 200 ms. Found 6 JPA repository interfaces.
2026-03-05 10:25:16 INFO  [] [main] o.s.d.r.c.RepositoryConfigurationDelegate : Multiple Spring Data modules found, entering strict repository configuration mode
2026-03-05 10:25:16 INFO  [] [main] o.s.d.r.c.RepositoryConfigurationDelegate : Bootstrapping Spring Data Redis repositories in DEFAULT mode.
2026-03-05 10:25:16 INFO  [] [main] o.s.d.r.c.RepositoryConfigurationDelegate : Finished Spring Data repository scanning in 2 ms. Found 0 Redis repository interfaces.
2026-03-05 10:25:17 INFO  [] [main] o.s.b.w.e.tomcat.TomcatWebServer : Tomcat initialized with port 8081 (http)
2026-03-05 10:25:17 INFO  [] [main] o.a.coyote.http11.Http11NioProtocol : Initializing ProtocolHandler ["http-nio-8081"]
2026-03-05 10:25:17 INFO  [] [main] o.a.catalina.core.StandardService : Starting service [Tomcat]
2026-03-05 10:25:17 INFO  [] [main] o.a.catalina.core.StandardEngine : Starting Servlet engine: [Apache Tomcat/10.1.36]
2026-03-05 10:25:17 INFO  [] [main] o.a.c.c.C.[Tomcat].[localhost].[/] : Initializing Spring embedded WebApplicationContext
2026-03-05 10:25:17 INFO  [] [main] o.s.b.w.s.c.ServletWebServerApplicationContext : Root WebApplicationContext: initialization completed in 2303 ms
2026-03-05 10:25:18 INFO  [] [main] o.h.jpa.internal.util.LogHelper : HHH000204: Processing PersistenceUnitInfo [name: default]
2026-03-05 10:25:18 INFO  [] [main] org.hibernate.Version : HHH000412: Hibernate ORM core version 6.6.8.Final
2026-03-05 10:25:18 INFO  [] [main] o.h.c.i.RegionFactoryInitiator : HHH000026: Second-level cache disabled
2026-03-05 10:25:18 INFO  [] [main] o.s.o.j.p.SpringPersistenceUnitInfo : No LoadTimeWeaver setup: ignoring JPA class transformer
2026-03-05 10:25:18 INFO  [] [main] com.zaxxer.hikari.HikariDataSource : HikariPool-1 - Starting...
2026-03-05 10:25:18 INFO  [] [main] com.zaxxer.hikari.pool.HikariPool : HikariPool-1 - Added connection org.mariadb.jdbc.Connection@70efdd18
2026-03-05 10:25:18 INFO  [] [main] com.zaxxer.hikari.HikariDataSource : HikariPool-1 - Start completed.
2026-03-05 10:25:18 INFO  [] [main] o.hibernate.orm.connections.pooling : HHH10001005: Database info:
	Database JDBC URL [Connecting through datasource 'HikariDataSource (HikariPool-1)']
	Database driver: undefined/unknown
	Database version: 11.8.3
	Autocommit mode: undefined/unknown
	Isolation level: undefined/unknown
	Minimum pool size: undefined/unknown
	Maximum pool size: undefined/unknown
2026-03-05 10:25:19 INFO  [] [main] o.h.e.t.j.p.i.JtaPlatformInitiator : HHH000489: No JTA platform available (set 'hibernate.transaction.jta.platform' to enable JTA platform integration)
2026-03-05 10:25:19 INFO  [] [main] o.s.o.j.LocalContainerEntityManagerFactoryBean : Initialized JPA EntityManagerFactory for persistence unit 'default'
2026-03-05 10:25:19 INFO  [] [main] o.s.d.j.r.query.QueryEnhancerFactory : Hibernate is in classpath; If applicable, HQL parser will be used.
2026-03-05 10:25:21 WARN  [] [main] o.s.b.a.o.j.JpaBaseConfiguration$JpaWebConfiguration : spring.jpa.open-in-view is enabled by default. Therefore, database queries may be performed during view rendering. Explicitly configure spring.jpa.open-in-view to disable this warning
2026-03-05 10:25:21 WARN  [] [main] o.s.b.a.s.s.UserDetailsServiceAutoConfiguration : 

Using generated security password: 2b04c62b-bd28-42e2-b41f-aeed2b5f3f95

This generated password is for development use only. Your security configuration must be updated before running your application in production.

2026-03-05 10:25:21 INFO  [] [main] o.s.s.c.a.a.c.InitializeUserDetailsBeanManagerConfigurer$InitializeUserDetailsManagerConfigurer : Global AuthenticationManager configured with UserDetailsService bean with name inMemoryUserDetailsManager
2026-03-05 10:25:21 INFO  [] [main] n.d.b.g.c.a.GrpcClientAutoConfiguration : Detected grpc-netty-shaded: Creating ShadedNettyChannelFactory + InProcessChannelFactory
2026-03-05 10:25:21 INFO  [] [main] o.s.b.a.e.web.EndpointLinksResolver : Exposing 2 endpoints beneath base path '/api/v1/users/actuator'
2026-03-05 10:25:22 INFO  [] [main] n.d.b.g.s.a.GrpcServerFactoryAutoConfiguration : Detected grpc-netty-shaded: Creating ShadedNettyGrpcServerFactory
2026-03-05 10:25:22 INFO  [] [main] o.a.coyote.http11.Http11NioProtocol : Starting ProtocolHandler ["http-nio-8081"]
2026-03-05 10:25:22 INFO  [] [main] o.s.b.w.e.tomcat.TomcatWebServer : Tomcat started on port 8081 (http) with context path '/'
2026-03-05 10:25:22 INFO  [] [main] n.d.b.g.s.s.AbstractGrpcServerFactory : Registered gRPC service: BaseTestGrpcService, bean: baseGrpcController, class: com.planit.basetemplate.grpc.BaseGrpcController
2026-03-05 10:25:22 INFO  [] [main] n.d.b.g.s.s.AbstractGrpcServerFactory : Registered gRPC service: grpc.health.v1.Health, bean: grpcHealthService, class: io.grpc.protobuf.services.HealthServiceImpl
2026-03-05 10:25:22 INFO  [] [main] n.d.b.g.s.s.AbstractGrpcServerFactory : Registered gRPC service: grpc.reflection.v1alpha.ServerReflection, bean: protoReflectionService, class: io.grpc.protobuf.services.ProtoReflectionService
2026-03-05 10:25:22 INFO  [] [main] n.d.b.g.s.s.GrpcServerLifecycle : gRPC Server started, listening on address: *, port: 9090
2026-03-05 10:25:22 INFO  [] [main] c.p.b.PlanitBaseTemplateApplication : Started PlanitBaseTemplateApplication in 7.862 seconds (process running for 8.218)
2026-03-05 10:26:54 INFO  [] [http-nio-8081-exec-1] o.a.c.c.C.[Tomcat].[localhost].[/] : Initializing Spring DispatcherServlet 'dispatcherServlet'
2026-03-05 10:26:54 INFO  [] [http-nio-8081-exec-1] o.s.web.servlet.DispatcherServlet : Initializing Servlet 'dispatcherServlet'
2026-03-05 10:26:54 INFO  [] [http-nio-8081-exec-1] o.s.web.servlet.DispatcherServlet : Completed initialization in 2 ms
2026-03-05 10:26:54 INFO  [69a8dbdecab4af145fde45e7cb98652a] [http-nio-8081-exec-4] c.p.u.controller.CategoryController : Get categories request
2026-03-05 10:26:54 INFO  [69a8dbdecab4af145fde45e7cb98652a] [http-nio-8081-exec-4] c.p.u.service.CategoryService : Fetching categories from database
2026-03-05 10:26:54 INFO  [69a8dbded3c6bc05ffdecc3148937919] [http-nio-8081-exec-3] c.p.u.controller.UserController : Get profile request: 019cbb95-bf72-7dbd-9530-354043013956
2026-03-05 10:26:59 INFO  [69a8dbe3eacbed0d1d9aa6008f93d32f] [http-nio-8081-exec-9] c.p.u.controller.CategoryController : Get categories request
2026-03-05 10:26:59 INFO  [69a8dbe3674bcfdf714fea611afc54da] [http-nio-8081-exec-8] c.p.u.controller.UserController : Get profile request: 019cbb95-bf72-7dbd-9530-354043013956
2026-03-05 10:26:59 INFO  [69a8dbe3eacbed0d1d9aa6008f93d32f] [http-nio-8081-exec-9] c.p.u.service.CategoryService : Fetching categories from database
2026-03-05 10:27:02 INFO  [69a8dbe6c8584e2391d7575d9f31112c] [http-nio-8081-exec-10] c.p.u.controller.UserController : Update profile request: 019cbb95-bf72-7dbd-9530-354043013956
2026-03-05 10:27:03 INFO  [69a8dbe77c75b27208381de88209a66b] [http-nio-8081-exec-1] c.p.u.controller.UserController : Get profile request: 019cbb95-bf72-7dbd-9530-354043013956
2026-03-05 10:27:07 INFO  [69a8dbeb75e8424be4c3c585e388b9a9] [http-nio-8081-exec-4] c.p.u.controller.CategoryController : Get categories request
2026-03-05 10:27:07 INFO  [69a8dbeb75e8424be4c3c585e388b9a9] [http-nio-8081-exec-4] c.p.u.service.CategoryService : Fetching categories from database
2026-03-05 10:27:21 INFO  [69a8dbf911b3c67f3f8739a1ca6c086c] [http-nio-8081-exec-5] c.p.u.controller.AuthController : Login request
2026-03-05 10:27:21 INFO  [69a8dbf911b3c67f3f8739a1ca6c086c] [http-nio-8081-exec-5] c.p.u.security.CognitoService : Local profile detected - skipping Cognito validation, returning dummy user
2026-03-05 10:27:22 INFO  [69a8dbfae82540868b2cdaa68f3b401e] [http-nio-8081-exec-6] c.p.u.controller.CategoryController : Get categories request
2026-03-05 10:27:22 INFO  [69a8dbfae82540868b2cdaa68f3b401e] [http-nio-8081-exec-6] c.p.u.service.CategoryService : Fetching categories from database
2026-03-05 10:27:31 INFO  [69a8dc03cd886a53bb682aad6562a7e7] [http-nio-8081-exec-8] c.p.u.controller.AuthController : Signup request: °è¶õ»§
2026-03-05 10:27:31 INFO  [69a8dc03cd886a53bb682aad6562a7e7] [http-nio-8081-exec-8] c.p.u.security.CognitoService : Local profile detected - skipping Cognito validation, returning dummy user
2026-03-05 10:27:32 WARN  [69a8dc03cd886a53bb682aad6562a7e7] [http-nio-8081-exec-8] c.p.userservice.service.AuthService : Redis is not available, skipping refresh token storage: Unable to connect to Redis
2026-03-05 10:27:35 INFO  [69a8dc07f994c84101826f8ea5b609d6] [http-nio-8081-exec-10] c.p.u.controller.UserController : Get profile request: 019cbb9b-6e7a-7423-801a-63d20f6fade5
2026-03-05 10:27:40 INFO  [69a8dc0c6eb9dfd4494043855de99443] [http-nio-8081-exec-4] c.p.u.controller.CategoryController : Get categories request
2026-03-05 10:27:40 INFO  [69a8dc0c6eb9dfd4494043855de99443] [http-nio-8081-exec-4] c.p.u.service.CategoryService : Fetching categories from database
2026-03-05 10:27:40 INFO  [69a8dc0ceedf00a8e2c841f4d5d1197e] [http-nio-8081-exec-3] c.p.u.controller.UserController : Get profile request: 019cbb9b-6e7a-7423-801a-63d20f6fade5
2026-03-05 10:27:43 INFO  [69a8dc0fa752af5b4e57fad8fba7267f] [http-nio-8081-exec-6] c.p.u.controller.UserController : Update profile request: 019cbb9b-6e7a-7423-801a-63d20f6fade5
2026-03-05 10:27:43 INFO  [69a8dc0f59951c5e601ea220f0b8eeaf] [http-nio-8081-exec-8] c.p.u.controller.UserController : Get profile request: 019cbb9b-6e7a-7423-801a-63d20f6fade5
2026-03-05 10:32:33 INFO  [69a8dd31bfeaae2ad8023a80768b6a87] [http-nio-8081-exec-1] c.p.u.controller.CategoryController : Get categories request
2026-03-05 10:32:33 INFO  [69a8dd31bfeaae2ad8023a80768b6a87] [http-nio-8081-exec-1] c.p.u.service.CategoryService : Fetching categories from database
2026-03-05 10:32:34 INFO  [69a8dd32e735b8bd21fc069c5408cf76] [http-nio-8081-exec-2] c.p.u.controller.CategoryController : Get categories request
2026-03-05 10:32:34 INFO  [69a8dd32e735b8bd21fc069c5408cf76] [http-nio-8081-exec-2] c.p.u.service.CategoryService : Fetching categories from database
2026-03-05 10:32:38 INFO  [69a8dd36d131dda4d9cf6f0586841035] [http-nio-8081-exec-3] c.p.u.controller.AuthController : Login request
2026-03-05 10:32:38 INFO  [69a8dd36d131dda4d9cf6f0586841035] [http-nio-8081-exec-3] c.p.u.security.CognitoService : Local profile detected - skipping Cognito validation, returning dummy user
2026-03-05 10:32:39 INFO  [69a8dd37c2c68680ff88c9fb4aa23e70] [http-nio-8081-exec-5] c.p.u.controller.CategoryController : Get categories request
2026-03-05 10:32:39 INFO  [69a8dd37c2c68680ff88c9fb4aa23e70] [http-nio-8081-exec-5] c.p.u.service.CategoryService : Fetching categories from database
2026-03-05 10:32:45 INFO  [69a8dd3dae5c1ef74e008c0a97ea94cd] [http-nio-8081-exec-9] c.p.u.controller.AuthController : Signup request: À×¾î»§
2026-03-05 10:32:45 INFO  [69a8dd3dae5c1ef74e008c0a97ea94cd] [http-nio-8081-exec-9] c.p.u.security.CognitoService : Local profile detected - skipping Cognito validation, returning dummy user
2026-03-05 10:32:45 WARN  [69a8dd3dae5c1ef74e008c0a97ea94cd] [http-nio-8081-exec-9] c.p.userservice.service.AuthService : Redis is not available, skipping refresh token storage: Unable to connect to Redis
2026-03-05 10:32:59 INFO  [69a8dd4be4e7716f41ae6c2b25a33167] [http-nio-8081-exec-7] c.p.u.controller.UserController : Get profile request: 019cbba0-39df-75f1-a7d0-cb87aa911c5d
2026-03-05 10:33:02 INFO  [69a8dd4e267717439550939cbadf4f43] [http-nio-8081-exec-1] c.p.u.controller.AuthController : Withdraw request: 019cbba0-39df-75f1-a7d0-cb87aa911c5d
2026-03-05 10:33:02 WARN  [69a8dd4e267717439550939cbadf4f43] [http-nio-8081-exec-1] c.p.userservice.service.AuthService : Redis is not available, skipping refresh token deletion: Unable to connect to Redis
2026-03-05 10:33:02 INFO  [69a8dd4e267717439550939cbadf4f43] [http-nio-8081-exec-1] c.p.u.security.CognitoService : Local profile detected - skipping Cognito user deletion
2026-03-05 10:33:02 INFO  [69a8dd4e267717439550939cbadf4f43] [http-nio-8081-exec-1] c.p.userservice.service.AuthService : User withdrawn: 019cbba0-39df-75f1-a7d0-cb87aa911c5d
2026-03-05 10:33:02 INFO  [69a8dd4e9377d7b1c27d0b314e3bad96] [http-nio-8081-exec-3] c.p.u.controller.CategoryController : Get categories request
2026-03-05 10:33:02 INFO  [69a8dd4e9377d7b1c27d0b314e3bad96] [http-nio-8081-exec-3] c.p.u.service.CategoryService : Fetching categories from database
2026-03-05 10:33:02 INFO  [69a8dd4e414aa79a75f1e0345954f099] [http-nio-8081-exec-5] c.p.u.controller.UserController : Get profile request: 019cbba0-39df-75f1-a7d0-cb87aa911c5d
2026-03-05 10:33:03 INFO  [69a8dd4f428ac04227c6cc6587528eb3] [http-nio-8081-exec-6] c.p.u.controller.CategoryController : Get categories request
2026-03-05 10:33:03 INFO  [69a8dd4f428ac04227c6cc6587528eb3] [http-nio-8081-exec-6] c.p.u.service.CategoryService : Fetching categories from database
2026-03-05 10:33:16 INFO  [69a8dd5cb588c066531bc6bd7afb7d0b] [http-nio-8081-exec-8] c.p.u.controller.AuthController : Login request
2026-03-05 10:33:16 INFO  [69a8dd5cb588c066531bc6bd7afb7d0b] [http-nio-8081-exec-8] c.p.u.security.CognitoService : Local profile detected - skipping Cognito validation, returning dummy user
2026-03-05 10:33:17 INFO  [69a8dd5d5c3cd51a2f5dad79169b33fd] [http-nio-8081-exec-7] c.p.u.controller.CategoryController : Get categories request
2026-03-05 10:33:17 INFO  [69a8dd5d5c3cd51a2f5dad79169b33fd] [http-nio-8081-exec-7] c.p.u.service.CategoryService : Fetching categories from database
2026-03-05 10:33:26 INFO  [69a8dd669fd0a4aac50c54dd6a4b0e39] [http-nio-8081-exec-1] c.p.u.controller.AuthController : Signup request: ½´Å©¸²
2026-03-05 10:33:26 INFO  [69a8dd669fd0a4aac50c54dd6a4b0e39] [http-nio-8081-exec-1] c.p.u.security.CognitoService : Local profile detected - skipping Cognito validation, returning dummy user
2026-03-05 10:33:26 WARN  [69a8dd669fd0a4aac50c54dd6a4b0e39] [http-nio-8081-exec-1] c.p.userservice.service.AuthService : Redis is not available, skipping refresh token storage: Unable to connect to Redis
2026-03-05 11:04:07 INFO  [] [background-preinit] o.h.validator.internal.util.Version : HV000001: Hibernate Validator 8.0.2.Final
2026-03-05 11:04:07 INFO  [] [main] c.p.b.PlanitBaseTemplateApplication : Starting PlanitBaseTemplateApplication using Java 17.0.18 with PID 15180 (C:\barumi\PlanIt-User-svc\build\classes\java\main started by DS23 in C:\barumi\PlanIt-User-svc)
2026-03-05 11:04:07 INFO  [] [main] c.p.b.PlanitBaseTemplateApplication : No active profile set, falling back to 1 default profile: "default"
2026-03-05 11:04:08 INFO  [] [main] o.s.d.r.c.RepositoryConfigurationDelegate : Multiple Spring Data modules found, entering strict repository configuration mode
2026-03-05 11:04:08 INFO  [] [main] o.s.d.r.c.RepositoryConfigurationDelegate : Bootstrapping Spring Data JPA repositories in DEFAULT mode.
2026-03-05 11:04:08 INFO  [] [main] o.s.d.r.c.RepositoryConfigurationDelegate : Finished Spring Data repository scanning in 147 ms. Found 6 JPA repository interfaces.
2026-03-05 11:04:09 INFO  [] [main] o.s.d.r.c.RepositoryConfigurationDelegate : Multiple Spring Data modules found, entering strict repository configuration mode
2026-03-05 11:04:09 INFO  [] [main] o.s.d.r.c.RepositoryConfigurationDelegate : Bootstrapping Spring Data Redis repositories in DEFAULT mode.
2026-03-05 11:04:09 INFO  [] [main] o.s.d.r.c.RepositoryConfigurationDelegate : Finished Spring Data repository scanning in 3 ms. Found 0 Redis repository interfaces.
2026-03-05 11:04:10 INFO  [] [main] o.s.b.w.e.tomcat.TomcatWebServer : Tomcat initialized with port 8081 (http)
2026-03-05 11:04:10 INFO  [] [main] o.a.coyote.http11.Http11NioProtocol : Initializing ProtocolHandler ["http-nio-8081"]
2026-03-05 11:04:10 INFO  [] [main] o.a.catalina.core.StandardService : Starting service [Tomcat]
2026-03-05 11:04:10 INFO  [] [main] o.a.catalina.core.StandardEngine : Starting Servlet engine: [Apache Tomcat/10.1.36]
2026-03-05 11:04:10 INFO  [] [main] o.a.c.c.C.[Tomcat].[localhost].[/] : Initializing Spring embedded WebApplicationContext
2026-03-05 11:04:10 INFO  [] [main] o.s.b.w.s.c.ServletWebServerApplicationContext : Root WebApplicationContext: initialization completed in 2170 ms
2026-03-05 11:04:10 INFO  [] [main] o.h.jpa.internal.util.LogHelper : HHH000204: Processing PersistenceUnitInfo [name: default]
2026-03-05 11:04:10 INFO  [] [main] org.hibernate.Version : HHH000412: Hibernate ORM core version 6.6.8.Final
2026-03-05 11:04:10 INFO  [] [main] o.h.c.i.RegionFactoryInitiator : HHH000026: Second-level cache disabled
2026-03-05 11:04:10 INFO  [] [main] o.s.o.j.p.SpringPersistenceUnitInfo : No LoadTimeWeaver setup: ignoring JPA class transformer
2026-03-05 11:04:10 INFO  [] [main] com.zaxxer.hikari.HikariDataSource : HikariPool-1 - Starting...
2026-03-05 11:04:11 INFO  [] [main] com.zaxxer.hikari.pool.HikariPool : HikariPool-1 - Added connection org.mariadb.jdbc.Connection@28dd8786
2026-03-05 11:04:11 INFO  [] [main] com.zaxxer.hikari.HikariDataSource : HikariPool-1 - Start completed.
2026-03-05 11:04:11 INFO  [] [main] o.hibernate.orm.connections.pooling : HHH10001005: Database info:
	Database JDBC URL [Connecting through datasource 'HikariDataSource (HikariPool-1)']
	Database driver: undefined/unknown
	Database version: 11.8.3
	Autocommit mode: undefined/unknown
	Isolation level: undefined/unknown
	Minimum pool size: undefined/unknown
	Maximum pool size: undefined/unknown
2026-03-05 11:04:12 INFO  [] [main] o.h.e.t.j.p.i.JtaPlatformInitiator : HHH000489: No JTA platform available (set 'hibernate.transaction.jta.platform' to enable JTA platform integration)
2026-03-05 11:04:12 INFO  [] [main] o.s.o.j.LocalContainerEntityManagerFactoryBean : Initialized JPA EntityManagerFactory for persistence unit 'default'
2026-03-05 11:04:12 INFO  [] [main] o.s.d.j.r.query.QueryEnhancerFactory : Hibernate is in classpath; If applicable, HQL parser will be used.
2026-03-05 11:04:15 WARN  [] [main] o.s.b.a.o.j.JpaBaseConfiguration$JpaWebConfiguration : spring.jpa.open-in-view is enabled by default. Therefore, database queries may be performed during view rendering. Explicitly configure spring.jpa.open-in-view to disable this warning
2026-03-05 11:04:15 WARN  [] [main] o.s.b.a.s.s.UserDetailsServiceAutoConfiguration : 

Using generated security password: f4247d62-8396-4c92-b8a4-78624a5cee4b

This generated password is for development use only. Your security configuration must be updated before running your application in production.

2026-03-05 11:04:15 INFO  [] [main] o.s.s.c.a.a.c.InitializeUserDetailsBeanManagerConfigurer$InitializeUserDetailsManagerConfigurer : Global AuthenticationManager configured with UserDetailsService bean with name inMemoryUserDetailsManager
2026-03-05 11:04:15 INFO  [] [main] n.d.b.g.c.a.GrpcClientAutoConfiguration : Detected grpc-netty-shaded: Creating ShadedNettyChannelFactory + InProcessChannelFactory
2026-03-05 11:04:15 INFO  [] [main] o.s.b.a.e.web.EndpointLinksResolver : Exposing 2 endpoints beneath base path '/api/v1/users/actuator'
2026-03-05 11:04:15 INFO  [] [main] n.d.b.g.s.a.GrpcServerFactoryAutoConfiguration : Detected grpc-netty-shaded: Creating ShadedNettyGrpcServerFactory
2026-03-05 11:04:16 INFO  [] [main] o.a.coyote.http11.Http11NioProtocol : Starting ProtocolHandler ["http-nio-8081"]
2026-03-05 11:04:16 INFO  [] [main] o.s.b.w.e.tomcat.TomcatWebServer : Tomcat started on port 8081 (http) with context path '/'
2026-03-05 11:04:16 INFO  [] [main] n.d.b.g.s.s.AbstractGrpcServerFactory : Registered gRPC service: BaseTestGrpcService, bean: baseGrpcController, class: com.planit.basetemplate.grpc.BaseGrpcController
2026-03-05 11:04:16 INFO  [] [main] n.d.b.g.s.s.AbstractGrpcServerFactory : Registered gRPC service: grpc.health.v1.Health, bean: grpcHealthService, class: io.grpc.protobuf.services.HealthServiceImpl
2026-03-05 11:04:16 INFO  [] [main] n.d.b.g.s.s.AbstractGrpcServerFactory : Registered gRPC service: grpc.reflection.v1alpha.ServerReflection, bean: protoReflectionService, class: io.grpc.protobuf.services.ProtoReflectionService
2026-03-05 11:04:17 INFO  [] [main] n.d.b.g.s.s.GrpcServerLifecycle : gRPC Server started, listening on address: *, port: 9090
2026-03-05 11:04:17 INFO  [] [main] c.p.b.PlanitBaseTemplateApplication : Started PlanitBaseTemplateApplication in 9.689 seconds (process running for 10.03)
2026-03-05 11:04:21 INFO  [] [http-nio-8081-exec-1] o.a.c.c.C.[Tomcat].[localhost].[/] : Initializing Spring DispatcherServlet 'dispatcherServlet'
2026-03-05 11:04:21 INFO  [] [http-nio-8081-exec-1] o.s.web.servlet.DispatcherServlet : Initializing Servlet 'dispatcherServlet'
2026-03-05 11:04:21 INFO  [] [http-nio-8081-exec-1] o.s.web.servlet.DispatcherServlet : Completed initialization in 19 ms
2026-03-05 11:04:21 INFO  [69a8e4a5eb42b6e6ed65cebb7ade3a5d] [http-nio-8081-exec-1] c.p.u.controller.CategoryController : Get categories request
2026-03-05 11:04:21 INFO  [69a8e4a5eb42b6e6ed65cebb7ade3a5d] [http-nio-8081-exec-1] c.p.u.service.CategoryService : Fetching categories from database
2026-03-05 11:23:28 INFO  [69a8e9203fb745493d9579ba0f35235b] [http-nio-8081-exec-7] c.p.u.controller.AuthController : Login request
2026-03-05 11:23:28 INFO  [69a8e9203fb745493d9579ba0f35235b] [http-nio-8081-exec-7] c.p.u.security.CognitoService : Local profile detected - extracting sub from idToken directly
2026-03-05 11:23:28 INFO  [69a8e9203fb745493d9579ba0f35235b] [http-nio-8081-exec-7] c.p.u.security.CognitoService : Token payload: {"at_hash":"H8PRbeylQTLIlk9_iOo6IQ","sub":"14c86ddc-5011-7010-9dc7-48fdc8a936bc","cognito:groups":["ap-northeast-2_GKpckavjT_Google"],"email_verified":false,"iss":"https:\/\/cognito-idp.ap-northeast-2.amazonaws.com\/ap-northeast-2_GKpckavjT","cognito:username":"google_114412924775395995162","origin_jti":"c7ece80c-c0fa-4410-b422-34f8b8644fe4","aud":"6j5ajq8p3b7d894qt5msp4hair","identities":[{"dateCreated":"1772670123025","userId":"114412924775395995162","providerName":"Google","providerType":"Google","issuer":null,"primary":"true"}],"token_use":"id","auth_time":1772677407,"exp":1772681008,"iat":1772677408,"jti":"8f46f328-791e-4b35-98ee-ee7e4668b024","email":"wlsdudgnzn@gmail.com"}
2026-03-05 11:23:28 INFO  [69a8e9203fb745493d9579ba0f35235b] [http-nio-8081-exec-7] c.p.u.security.CognitoService : Extracted sub from token: 14c86ddc-5011-7010-9dc7-48fdc8a936bc
2026-03-05 11:23:28 INFO  [69a8e920a44b4bbe06642e5e1838c731] [http-nio-8081-exec-5] c.p.u.controller.CategoryController : Get categories request
2026-03-05 11:23:28 INFO  [69a8e920a44b4bbe06642e5e1838c731] [http-nio-8081-exec-5] c.p.u.service.CategoryService : Fetching categories from database
2026-03-05 11:23:41 INFO  [69a8e92d0c3a0e5081e452d271420bc3] [http-nio-8081-exec-4] c.p.u.controller.AuthController : Signup request: ¼ÒÁÖ
2026-03-05 11:23:41 INFO  [69a8e92d0c3a0e5081e452d271420bc3] [http-nio-8081-exec-4] c.p.u.security.CognitoService : Local profile detected - extracting sub from idToken directly
2026-03-05 11:23:41 INFO  [69a8e92d0c3a0e5081e452d271420bc3] [http-nio-8081-exec-4] c.p.u.security.CognitoService : Token payload: {"at_hash":"H8PRbeylQTLIlk9_iOo6IQ","sub":"14c86ddc-5011-7010-9dc7-48fdc8a936bc","cognito:groups":["ap-northeast-2_GKpckavjT_Google"],"email_verified":false,"iss":"https:\/\/cognito-idp.ap-northeast-2.amazonaws.com\/ap-northeast-2_GKpckavjT","cognito:username":"google_114412924775395995162","origin_jti":"c7ece80c-c0fa-4410-b422-34f8b8644fe4","aud":"6j5ajq8p3b7d894qt5msp4hair","identities":[{"dateCreated":"1772670123025","userId":"114412924775395995162","providerName":"Google","providerType":"Google","issuer":null,"primary":"true"}],"token_use":"id","auth_time":1772677407,"exp":1772681008,"iat":1772677408,"jti":"8f46f328-791e-4b35-98ee-ee7e4668b024","email":"wlsdudgnzn@gmail.com"}
2026-03-05 11:23:41 INFO  [69a8e92d0c3a0e5081e452d271420bc3] [http-nio-8081-exec-4] c.p.u.security.CognitoService : Extracted sub from token: 14c86ddc-5011-7010-9dc7-48fdc8a936bc
2026-03-05 11:23:42 WARN  [69a8e92d0c3a0e5081e452d271420bc3] [http-nio-8081-exec-4] c.p.userservice.service.AuthService : Redis is not available, skipping refresh token storage: Unable to connect to Redis
2026-03-05 11:23:45 INFO  [69a8e931fd072f0e3df986a5350bf7c8] [http-nio-8081-exec-9] c.p.u.controller.UserController : Get profile request: 019cbbce-da91-7350-9fd8-80adb35e76ef
2026-03-05 11:23:49 INFO  [69a8e935aa4e07b54716a4763ec1186f] [http-nio-8081-exec-1] c.p.u.controller.UserController : Update profile request: 019cbbce-da91-7350-9fd8-80adb35e76ef
2026-03-05 11:23:49 INFO  [69a8e935a3e2e91f0b2757f3eb5f26ca] [http-nio-8081-exec-6] c.p.u.controller.UserController : Get profile request: 019cbbce-da91-7350-9fd8-80adb35e76ef
2026-03-05 11:23:51 INFO  [69a8e937aeeaa41c871451d34470f08a] [http-nio-8081-exec-4] c.p.u.controller.FriendController : Get friends: 019cbbce-da91-7350-9fd8-80adb35e76ef
2026-03-05 11:23:51 INFO  [69a8e9377eaf0462ffede06f56d873cb] [http-nio-8081-exec-2] c.p.u.controller.FriendController : Get received requests: 019cbbce-da91-7350-9fd8-80adb35e76ef
2026-03-05 11:23:51 WARN  [69a8e9377eaf0462ffede06f56d873cb] [http-nio-8081-exec-2] o.s.d.w.c.SpringDataJacksonConfiguration$PageModule$WarningLoggingModifier : Serializing PageImpl instances as-is is not supported, meaning that there is no guarantee about the stability of the resulting JSON structure!
	For a stable JSON structure, please use Spring Data's PagedModel (globally via @EnableSpringDataWebSupport(pageSerializationMode = VIA_DTO))
	or Spring HATEOAS and Spring Data's PagedResourcesAssembler as documented in https://docs.spring.io/spring-data/commons/reference/repositories/core-extensions.html#core.web.pageables.

2026-03-05 11:24:34 INFO  [69a8e962a06bcc32061b3a2642b5fc0f] [http-nio-8081-exec-8] c.p.u.controller.CategoryController : Get categories request
2026-03-05 11:24:34 INFO  [69a8e962a06bcc32061b3a2642b5fc0f] [http-nio-8081-exec-8] c.p.u.service.CategoryService : Fetching categories from database
2026-03-05 11:24:48 INFO  [69a8e970aa7fb4fadb64621ab960bc82] [http-nio-8081-exec-10] c.p.u.controller.AuthController : Login request
2026-03-05 11:24:48 INFO  [69a8e970aa7fb4fadb64621ab960bc82] [http-nio-8081-exec-10] c.p.u.security.CognitoService : Local profile detected - extracting sub from idToken directly
2026-03-05 11:24:48 INFO  [69a8e970aa7fb4fadb64621ab960bc82] [http-nio-8081-exec-10] c.p.u.security.CognitoService : Token payload: {"at_hash":"staEbweTRM0Ci2CHZLHXog","sub":"14c86ddc-5011-7010-9dc7-48fdc8a936bc","cognito:groups":["ap-northeast-2_GKpckavjT_Google"],"email_verified":false,"iss":"https:\/\/cognito-idp.ap-northeast-2.amazonaws.com\/ap-northeast-2_GKpckavjT","cognito:username":"google_114412924775395995162","origin_jti":"d1593036-43b8-4a23-a4e9-0705fb655e65","aud":"6j5ajq8p3b7d894qt5msp4hair","identities":[{"dateCreated":"1772670123025","userId":"114412924775395995162","providerName":"Google","providerType":"Google","issuer":null,"primary":"true"}],"token_use":"id","auth_time":1772677477,"exp":1772681088,"iat":1772677488,"jti":"c17a1d39-089c-4341-9b36-32658317ac73","email":"wlsdudgnzn@gmail.com"}
2026-03-05 11:24:48 INFO  [69a8e970aa7fb4fadb64621ab960bc82] [http-nio-8081-exec-10] c.p.u.security.CognitoService : Extracted sub from token: 14c86ddc-5011-7010-9dc7-48fdc8a936bc
2026-03-05 11:24:48 WARN  [69a8e970aa7fb4fadb64621ab960bc82] [http-nio-8081-exec-10] c.p.userservice.service.AuthService : Redis is not available, skipping refresh token storage: Unable to connect to Redis
2026-03-05 11:25:08 INFO  [69a8e9842477bba85dc7c9c70f877da9] [http-nio-8081-exec-6] c.p.u.controller.CategoryController : Get categories request
2026-03-05 11:25:08 INFO  [69a8e9842477bba85dc7c9c70f877da9] [http-nio-8081-exec-6] c.p.u.service.CategoryService : Fetching categories from database
2026-03-05 11:25:25 INFO  [69a8e995653235d73904226dc7ccf9ce] [http-nio-8081-exec-5] c.p.u.controller.AuthController : Login request
2026-03-05 11:25:25 INFO  [69a8e995653235d73904226dc7ccf9ce] [http-nio-8081-exec-5] c.p.u.security.CognitoService : Local profile detected - extracting sub from idToken directly
2026-03-05 11:25:25 INFO  [69a8e995653235d73904226dc7ccf9ce] [http-nio-8081-exec-5] c.p.u.security.CognitoService : Token payload: {"at_hash":"081wLdxWkFOT6nQq0gtHAQ","sub":"14c86ddc-5011-7010-9dc7-48fdc8a936bc","cognito:groups":["ap-northeast-2_GKpckavjT_Google"],"email_verified":false,"iss":"https:\/\/cognito-idp.ap-northeast-2.amazonaws.com\/ap-northeast-2_GKpckavjT","cognito:username":"google_114412924775395995162","origin_jti":"0489746a-85ee-4aba-8c47-1dec0f939c66","aud":"6j5ajq8p3b7d894qt5msp4hair","identities":[{"dateCreated":"1772670123025","userId":"114412924775395995162","providerName":"Google","providerType":"Google","issuer":null,"primary":"true"}],"token_use":"id","auth_time":1772677515,"exp":1772681125,"iat":1772677525,"jti":"750b168b-4535-422c-9c09-5a4cc8dbf1e6","email":"wlsdudgnzn@gmail.com"}
2026-03-05 11:25:25 INFO  [69a8e995653235d73904226dc7ccf9ce] [http-nio-8081-exec-5] c.p.u.security.CognitoService : Extracted sub from token: 14c86ddc-5011-7010-9dc7-48fdc8a936bc
2026-03-05 11:25:25 WARN  [69a8e995653235d73904226dc7ccf9ce] [http-nio-8081-exec-5] c.p.userservice.service.AuthService : Redis is not available, skipping refresh token storage: Unable to connect to Redis
2026-03-05 11:30:40 INFO  [] [background-preinit] o.h.validator.internal.util.Version : HV000001: Hibernate Validator 8.0.2.Final
2026-03-05 11:30:40 INFO  [] [main] c.p.b.PlanitBaseTemplateApplication : Starting PlanitBaseTemplateApplication using Java 17.0.18 with PID 13948 (C:\barumi\PlanIt-User-svc\build\classes\java\main started by DS23 in C:\barumi\PlanIt-User-svc)
2026-03-05 11:30:40 INFO  [] [main] c.p.b.PlanitBaseTemplateApplication : No active profile set, falling back to 1 default profile: "default"
2026-03-05 11:30:40 INFO  [] [main] o.s.d.r.c.RepositoryConfigurationDelegate : Multiple Spring Data modules found, entering strict repository configuration mode
2026-03-05 11:30:40 INFO  [] [main] o.s.d.r.c.RepositoryConfigurationDelegate : Bootstrapping Spring Data JPA repositories in DEFAULT mode.
2026-03-05 11:30:40 INFO  [] [main] o.s.d.r.c.RepositoryConfigurationDelegate : Finished Spring Data repository scanning in 121 ms. Found 6 JPA repository interfaces.
2026-03-05 11:30:41 INFO  [] [main] o.s.d.r.c.RepositoryConfigurationDelegate : Multiple Spring Data modules found, entering strict repository configuration mode
2026-03-05 11:30:41 INFO  [] [main] o.s.d.r.c.RepositoryConfigurationDelegate : Bootstrapping Spring Data Redis repositories in DEFAULT mode.
2026-03-05 11:30:41 INFO  [] [main] o.s.d.r.c.RepositoryConfigurationDelegate : Finished Spring Data repository scanning in 2 ms. Found 0 Redis repository interfaces.
2026-03-05 11:30:42 INFO  [] [main] o.s.b.w.e.tomcat.TomcatWebServer : Tomcat initialized with port 8081 (http)
2026-03-05 11:30:42 INFO  [] [main] o.a.coyote.http11.Http11NioProtocol : Initializing ProtocolHandler ["http-nio-8081"]
2026-03-05 11:30:42 INFO  [] [main] o.a.catalina.core.StandardService : Starting service [Tomcat]
2026-03-05 11:30:42 INFO  [] [main] o.a.catalina.core.StandardEngine : Starting Servlet engine: [Apache Tomcat/10.1.36]
2026-03-05 11:30:42 INFO  [] [main] o.a.c.c.C.[Tomcat].[localhost].[/] : Initializing Spring embedded WebApplicationContext
2026-03-05 11:30:42 INFO  [] [main] o.s.b.w.s.c.ServletWebServerApplicationContext : Root WebApplicationContext: initialization completed in 2068 ms
2026-03-05 11:30:42 INFO  [] [main] o.h.jpa.internal.util.LogHelper : HHH000204: Processing PersistenceUnitInfo [name: default]
2026-03-05 11:30:42 INFO  [] [main] org.hibernate.Version : HHH000412: Hibernate ORM core version 6.6.8.Final
2026-03-05 11:30:42 INFO  [] [main] o.h.c.i.RegionFactoryInitiator : HHH000026: Second-level cache disabled
2026-03-05 11:30:42 INFO  [] [main] o.s.o.j.p.SpringPersistenceUnitInfo : No LoadTimeWeaver setup: ignoring JPA class transformer
2026-03-05 11:30:42 INFO  [] [main] com.zaxxer.hikari.HikariDataSource : HikariPool-1 - Starting...
2026-03-05 11:30:42 INFO  [] [main] com.zaxxer.hikari.pool.HikariPool : HikariPool-1 - Added connection org.mariadb.jdbc.Connection@1b984ba5
2026-03-05 11:30:42 INFO  [] [main] com.zaxxer.hikari.HikariDataSource : HikariPool-1 - Start completed.
2026-03-05 11:30:43 INFO  [] [main] o.hibernate.orm.connections.pooling : HHH10001005: Database info:
	Database JDBC URL [Connecting through datasource 'HikariDataSource (HikariPool-1)']
	Database driver: undefined/unknown
	Database version: 11.8.3
	Autocommit mode: undefined/unknown
	Isolation level: undefined/unknown
	Minimum pool size: undefined/unknown
	Maximum pool size: undefined/unknown
2026-03-05 11:30:43 INFO  [] [main] o.h.e.t.j.p.i.JtaPlatformInitiator : HHH000489: No JTA platform available (set 'hibernate.transaction.jta.platform' to enable JTA platform integration)
2026-03-05 11:30:43 INFO  [] [main] o.s.o.j.LocalContainerEntityManagerFactoryBean : Initialized JPA EntityManagerFactory for persistence unit 'default'
2026-03-05 11:30:44 INFO  [] [main] o.s.d.j.r.query.QueryEnhancerFactory : Hibernate is in classpath; If applicable, HQL parser will be used.
2026-03-05 11:30:45 WARN  [] [main] o.s.b.a.o.j.JpaBaseConfiguration$JpaWebConfiguration : spring.jpa.open-in-view is enabled by default. Therefore, database queries may be performed during view rendering. Explicitly configure spring.jpa.open-in-view to disable this warning
2026-03-05 11:30:45 WARN  [] [main] o.s.b.a.s.s.UserDetailsServiceAutoConfiguration : 

Using generated security password: eb6a1afe-67f8-499c-b824-c0cd308fe480

This generated password is for development use only. Your security configuration must be updated before running your application in production.

2026-03-05 11:30:45 INFO  [] [main] o.s.s.c.a.a.c.InitializeUserDetailsBeanManagerConfigurer$InitializeUserDetailsManagerConfigurer : Global AuthenticationManager configured with UserDetailsService bean with name inMemoryUserDetailsManager
2026-03-05 11:30:46 INFO  [] [main] n.d.b.g.c.a.GrpcClientAutoConfiguration : Detected grpc-netty-shaded: Creating ShadedNettyChannelFactory + InProcessChannelFactory
2026-03-05 11:30:46 INFO  [] [main] o.s.b.a.e.web.EndpointLinksResolver : Exposing 2 endpoints beneath base path '/api/v1/users/actuator'
2026-03-05 11:30:46 INFO  [] [main] n.d.b.g.s.a.GrpcServerFactoryAutoConfiguration : Detected grpc-netty-shaded: Creating ShadedNettyGrpcServerFactory
2026-03-05 11:30:46 INFO  [] [main] o.a.coyote.http11.Http11NioProtocol : Starting ProtocolHandler ["http-nio-8081"]
2026-03-05 11:30:46 INFO  [] [main] o.s.b.w.e.tomcat.TomcatWebServer : Tomcat started on port 8081 (http) with context path '/'
2026-03-05 11:30:46 INFO  [] [main] n.d.b.g.s.s.AbstractGrpcServerFactory : Registered gRPC service: BaseTestGrpcService, bean: baseGrpcController, class: com.planit.basetemplate.grpc.BaseGrpcController
2026-03-05 11:30:46 INFO  [] [main] n.d.b.g.s.s.AbstractGrpcServerFactory : Registered gRPC service: grpc.health.v1.Health, bean: grpcHealthService, class: io.grpc.protobuf.services.HealthServiceImpl
2026-03-05 11:30:46 INFO  [] [main] n.d.b.g.s.s.AbstractGrpcServerFactory : Registered gRPC service: grpc.reflection.v1alpha.ServerReflection, bean: protoReflectionService, class: io.grpc.protobuf.services.ProtoReflectionService
2026-03-05 11:30:47 INFO  [] [main] n.d.b.g.s.s.GrpcServerLifecycle : gRPC Server started, listening on address: *, port: 9090
2026-03-05 11:30:47 INFO  [] [main] c.p.b.PlanitBaseTemplateApplication : Started PlanitBaseTemplateApplication in 7.425 seconds (process running for 7.739)
2026-03-05 11:31:01 INFO  [] [http-nio-8081-exec-2] o.a.c.c.C.[Tomcat].[localhost].[/] : Initializing Spring DispatcherServlet 'dispatcherServlet'
2026-03-05 11:31:01 INFO  [] [http-nio-8081-exec-2] o.s.web.servlet.DispatcherServlet : Initializing Servlet 'dispatcherServlet'
2026-03-05 11:31:01 INFO  [] [http-nio-8081-exec-2] o.s.web.servlet.DispatcherServlet : Completed initialization in 1 ms
2026-03-05 11:31:02 INFO  [69a8eae622cb429522a2f90f1be6e512] [http-nio-8081-exec-4] c.p.u.controller.FriendController : Get friends: 019cbbce-da91-7350-9fd8-80adb35e76ef
2026-03-05 11:31:02 INFO  [69a8eae6a238db0ab02b8dc834f0887e] [http-nio-8081-exec-3] c.p.u.controller.FriendController : Get received requests: 019cbbce-da91-7350-9fd8-80adb35e76ef
2026-03-05 11:31:02 WARN  [69a8eae622cb429522a2f90f1be6e512] [http-nio-8081-exec-4] o.s.d.w.c.SpringDataJacksonConfiguration$PageModule$WarningLoggingModifier : Serializing PageImpl instances as-is is not supported, meaning that there is no guarantee about the stability of the resulting JSON structure!
	For a stable JSON structure, please use Spring Data's PagedModel (globally via @EnableSpringDataWebSupport(pageSerializationMode = VIA_DTO))
	or Spring HATEOAS and Spring Data's PagedResourcesAssembler as documented in https://docs.spring.io/spring-data/commons/reference/repositories/core-extensions.html#core.web.pageables.

2026-03-05 11:31:03 INFO  [69a8eae7b34f20e5a74c33d9e2cb588d] [http-nio-8081-exec-8] c.p.u.controller.CategoryController : Get categories request
2026-03-05 11:31:03 INFO  [69a8eae7e1edd1c0359dc075e359cfc6] [http-nio-8081-exec-7] c.p.u.controller.UserController : Get profile request: 019cbbce-da91-7350-9fd8-80adb35e76ef
2026-03-05 11:31:03 INFO  [69a8eae7b34f20e5a74c33d9e2cb588d] [http-nio-8081-exec-8] c.p.u.service.CategoryService : Fetching categories from database
2026-03-05 11:31:09 INFO  [69a8eaed1810911753e3cf81207408d3] [http-nio-8081-exec-2] c.p.u.controller.CategoryController : Get categories request
2026-03-05 11:31:09 INFO  [69a8eaed1810911753e3cf81207408d3] [http-nio-8081-exec-2] c.p.u.service.CategoryService : Fetching categories from database
2026-03-05 11:31:09 INFO  [69a8eaedb09dfaf7aa5d18faa9040e4c] [http-nio-8081-exec-1] c.p.u.controller.UserController : Get profile request: 019cbbce-da91-7350-9fd8-80adb35e76ef
2026-03-05 11:31:12 INFO  [69a8eaf08628aa5184335a64105c1541] [http-nio-8081-exec-3] c.p.u.controller.AuthController : Withdraw request: 019cbbce-da91-7350-9fd8-80adb35e76ef
2026-03-05 11:31:12 WARN  [69a8eaf08628aa5184335a64105c1541] [http-nio-8081-exec-3] c.p.userservice.service.AuthService : Redis is not available, skipping refresh token deletion: Unable to connect to Redis
2026-03-05 11:31:12 INFO  [69a8eaf08628aa5184335a64105c1541] [http-nio-8081-exec-3] c.p.u.security.CognitoService : Local profile detected - skipping Cognito user deletion
2026-03-05 11:31:12 INFO  [69a8eaf08628aa5184335a64105c1541] [http-nio-8081-exec-3] c.p.userservice.service.AuthService : User withdrawn: 019cbbce-da91-7350-9fd8-80adb35e76ef
2026-03-05 11:31:12 INFO  [69a8eaf0e500c9a775e89ce6668f1ea9] [http-nio-8081-exec-8] c.p.u.controller.CategoryController : Get categories request
2026-03-05 11:31:12 INFO  [69a8eaf0e500c9a775e89ce6668f1ea9] [http-nio-8081-exec-8] c.p.u.service.CategoryService : Fetching categories from database
2026-03-05 11:31:12 INFO  [69a8eaf0c95efc92c2cb723060bce2d0] [http-nio-8081-exec-7] c.p.u.controller.UserController : Get profile request: 019cbbce-da91-7350-9fd8-80adb35e76ef
2026-03-05 11:31:13 INFO  [69a8eaf13b0e275aaa2ee3892b4e0b69] [http-nio-8081-exec-10] c.p.u.controller.CategoryController : Get categories request
2026-03-05 11:31:13 INFO  [69a8eaf13b0e275aaa2ee3892b4e0b69] [http-nio-8081-exec-10] c.p.u.service.CategoryService : Fetching categories from database
2026-03-05 11:31:23 INFO  [69a8eafadafe02a125cc4d7a4d89de28] [http-nio-8081-exec-2] c.p.u.controller.AuthController : Login request
2026-03-05 11:31:23 INFO  [69a8eafadafe02a125cc4d7a4d89de28] [http-nio-8081-exec-2] c.p.u.security.CognitoService : Local profile detected - extracting sub from idToken directly
2026-03-05 11:31:23 INFO  [69a8eafadafe02a125cc4d7a4d89de28] [http-nio-8081-exec-2] c.p.u.security.CognitoService : Token payload: {"at_hash":"EL7dzQQQrXew0V0QyS9-gQ","sub":"14c86ddc-5011-7010-9dc7-48fdc8a936bc","cognito:groups":["ap-northeast-2_GKpckavjT_Google"],"email_verified":false,"iss":"https:\/\/cognito-idp.ap-northeast-2.amazonaws.com\/ap-northeast-2_GKpckavjT","cognito:username":"google_114412924775395995162","origin_jti":"6e50acdc-3b32-401d-81bb-878bf43115c4","aud":"6j5ajq8p3b7d894qt5msp4hair","identities":[{"dateCreated":"1772670123025","userId":"114412924775395995162","providerName":"Google","providerType":"Google","issuer":null,"primary":"true"}],"token_use":"id","auth_time":1772677882,"exp":1772681482,"iat":1772677882,"jti":"c195715c-57ab-45df-aa8c-6f1be50d05a0","email":"wlsdudgnzn@gmail.com"}
2026-03-05 11:31:23 INFO  [69a8eafadafe02a125cc4d7a4d89de28] [http-nio-8081-exec-2] c.p.u.security.CognitoService : Extracted sub from token: 14c86ddc-5011-7010-9dc7-48fdc8a936bc
2026-03-05 11:31:23 INFO  [69a8eafbcfbc3dcb89d21411b93f7652] [http-nio-8081-exec-1] c.p.u.controller.CategoryController : Get categories request
2026-03-05 11:31:23 INFO  [69a8eafbcfbc3dcb89d21411b93f7652] [http-nio-8081-exec-1] c.p.u.service.CategoryService : Fetching categories from database
2026-03-05 11:31:34 INFO  [69a8eb06c577d9a8b34144ba916e3248] [http-nio-8081-exec-3] c.p.u.controller.AuthController : Signup request: °­³ÃÀÌ
2026-03-05 11:31:34 INFO  [69a8eb06c577d9a8b34144ba916e3248] [http-nio-8081-exec-3] c.p.u.security.CognitoService : Local profile detected - extracting sub from idToken directly
2026-03-05 11:31:34 INFO  [69a8eb06c577d9a8b34144ba916e3248] [http-nio-8081-exec-3] c.p.u.security.CognitoService : Token payload: {"at_hash":"EL7dzQQQrXew0V0QyS9-gQ","sub":"14c86ddc-5011-7010-9dc7-48fdc8a936bc","cognito:groups":["ap-northeast-2_GKpckavjT_Google"],"email_verified":false,"iss":"https:\/\/cognito-idp.ap-northeast-2.amazonaws.com\/ap-northeast-2_GKpckavjT","cognito:username":"google_114412924775395995162","origin_jti":"6e50acdc-3b32-401d-81bb-878bf43115c4","aud":"6j5ajq8p3b7d894qt5msp4hair","identities":[{"dateCreated":"1772670123025","userId":"114412924775395995162","providerName":"Google","providerType":"Google","issuer":null,"primary":"true"}],"token_use":"id","auth_time":1772677882,"exp":1772681482,"iat":1772677882,"jti":"c195715c-57ab-45df-aa8c-6f1be50d05a0","email":"wlsdudgnzn@gmail.com"}
2026-03-05 11:31:34 INFO  [69a8eb06c577d9a8b34144ba916e3248] [http-nio-8081-exec-3] c.p.u.security.CognitoService : Extracted sub from token: 14c86ddc-5011-7010-9dc7-48fdc8a936bc
2026-03-05 11:31:34 WARN  [69a8eb06c577d9a8b34144ba916e3248] [http-nio-8081-exec-3] o.m.jdbc.message.server.ErrorPacket : Error: 1062-23000: Duplicate entry '14c86ddc-5011-7010-9dc7-48fdc8a936bc' for key 'UKicq7oo5rrd402yxcuuvwmaag'
2026-03-05 11:31:34 WARN  [69a8eb06c577d9a8b34144ba916e3248] [http-nio-8081-exec-3] o.h.e.jdbc.spi.SqlExceptionHelper : SQL Error: 1062, SQLState: 23000
2026-03-05 11:31:34 ERROR [69a8eb06c577d9a8b34144ba916e3248] [http-nio-8081-exec-3] o.h.e.jdbc.spi.SqlExceptionHelper : (conn=522) Duplicate entry '14c86ddc-5011-7010-9dc7-48fdc8a936bc' for key 'UKicq7oo5rrd402yxcuuvwmaag'
2026-03-05 11:36:46 INFO  [69a8ec3ec487fe455be2eab611f00547] [http-nio-8081-exec-8] c.p.u.controller.CategoryController : Get categories request
2026-03-05 11:36:46 INFO  [69a8ec3ec487fe455be2eab611f00547] [http-nio-8081-exec-8] c.p.u.service.CategoryService : Fetching categories from database
2026-03-05 11:36:49 INFO  [69a8ec41ae6607bb9583db14cca48924] [http-nio-8081-exec-10] c.p.u.controller.AuthController : Login request
2026-03-05 11:36:49 INFO  [69a8ec41ae6607bb9583db14cca48924] [http-nio-8081-exec-10] c.p.u.security.CognitoService : Local profile detected - extracting sub from idToken directly
2026-03-05 11:36:49 INFO  [69a8ec41ae6607bb9583db14cca48924] [http-nio-8081-exec-10] c.p.u.security.CognitoService : Token payload: {"at_hash":"6hIIJV_I5vFEq4etfy4tOg","sub":"14c86ddc-5011-7010-9dc7-48fdc8a936bc","cognito:groups":["ap-northeast-2_GKpckavjT_Google"],"email_verified":false,"iss":"https:\/\/cognito-idp.ap-northeast-2.amazonaws.com\/ap-northeast-2_GKpckavjT","cognito:username":"google_114412924775395995162","origin_jti":"4495c96a-a525-41a5-963f-76f180865dec","aud":"6j5ajq8p3b7d894qt5msp4hair","identities":[{"dateCreated":"1772670123025","userId":"114412924775395995162","providerName":"Google","providerType":"Google","issuer":null,"primary":"true"}],"token_use":"id","auth_time":1772678209,"exp":1772681809,"iat":1772678209,"jti":"b6186e0c-8098-4896-9423-cca9166c3869","email":"wlsdudgnzn@gmail.com"}
2026-03-05 11:36:49 INFO  [69a8ec41ae6607bb9583db14cca48924] [http-nio-8081-exec-10] c.p.u.security.CognitoService : Extracted sub from token: 14c86ddc-5011-7010-9dc7-48fdc8a936bc
2026-03-05 11:36:50 INFO  [69a8ec42296e71dcc4b62dc2de9fd4ac] [http-nio-8081-exec-9] c.p.u.controller.CategoryController : Get categories request
2026-03-05 11:36:50 INFO  [69a8ec42296e71dcc4b62dc2de9fd4ac] [http-nio-8081-exec-9] c.p.u.service.CategoryService : Fetching categories from database
2026-03-05 11:37:02 INFO  [69a8ec4e7329abb58e7cff376e3a3103] [http-nio-8081-exec-1] c.p.u.controller.AuthController : Signup request: ¹öÆÈ·Î
2026-03-05 11:37:02 INFO  [69a8ec4e7329abb58e7cff376e3a3103] [http-nio-8081-exec-1] c.p.u.security.CognitoService : Local profile detected - extracting sub from idToken directly
2026-03-05 11:37:02 INFO  [69a8ec4e7329abb58e7cff376e3a3103] [http-nio-8081-exec-1] c.p.u.security.CognitoService : Token payload: {"at_hash":"6hIIJV_I5vFEq4etfy4tOg","sub":"14c86ddc-5011-7010-9dc7-48fdc8a936bc","cognito:groups":["ap-northeast-2_GKpckavjT_Google"],"email_verified":false,"iss":"https:\/\/cognito-idp.ap-northeast-2.amazonaws.com\/ap-northeast-2_GKpckavjT","cognito:username":"google_114412924775395995162","origin_jti":"4495c96a-a525-41a5-963f-76f180865dec","aud":"6j5ajq8p3b7d894qt5msp4hair","identities":[{"dateCreated":"1772670123025","userId":"114412924775395995162","providerName":"Google","providerType":"Google","issuer":null,"primary":"true"}],"token_use":"id","auth_time":1772678209,"exp":1772681809,"iat":1772678209,"jti":"b6186e0c-8098-4896-9423-cca9166c3869","email":"wlsdudgnzn@gmail.com"}
2026-03-05 11:37:02 INFO  [69a8ec4e7329abb58e7cff376e3a3103] [http-nio-8081-exec-1] c.p.u.security.CognitoService : Extracted sub from token: 14c86ddc-5011-7010-9dc7-48fdc8a936bc
2026-03-05 11:37:02 WARN  [69a8ec4e7329abb58e7cff376e3a3103] [http-nio-8081-exec-1] o.m.jdbc.message.server.ErrorPacket : Error: 1062-23000: Duplicate entry '14c86ddc-5011-7010-9dc7-48fdc8a936bc' for key 'UKicq7oo5rrd402yxcuuvwmaag'
2026-03-05 11:37:02 WARN  [69a8ec4e7329abb58e7cff376e3a3103] [http-nio-8081-exec-1] o.h.e.jdbc.spi.SqlExceptionHelper : SQL Error: 1062, SQLState: 23000
2026-03-05 11:37:02 ERROR [69a8ec4e7329abb58e7cff376e3a3103] [http-nio-8081-exec-1] o.h.e.jdbc.spi.SqlExceptionHelper : (conn=522) Duplicate entry '14c86ddc-5011-7010-9dc7-48fdc8a936bc' for key 'UKicq7oo5rrd402yxcuuvwmaag'
2026-03-05 11:39:55 INFO  [69a8ecfb26a2479663dcd598eba29310] [http-nio-8081-exec-3] c.p.u.controller.CategoryController : Get categories request
2026-03-05 11:39:55 INFO  [69a8ecfb26a2479663dcd598eba29310] [http-nio-8081-exec-3] c.p.u.service.CategoryService : Fetching categories from database
2026-03-05 11:40:09 INFO  [69a8ed0976a10196555b018f3657616a] [http-nio-8081-exec-6] c.p.u.controller.CategoryController : Get categories request
2026-03-05 11:40:09 INFO  [69a8ed0976a10196555b018f3657616a] [http-nio-8081-exec-6] c.p.u.service.CategoryService : Fetching categories from database
2026-03-05 11:41:04 INFO  [69a8ed40ad930ed547ec4700dbba5ac9] [http-nio-8081-exec-5] c.p.u.controller.CategoryController : Get categories request
2026-03-05 11:41:04 INFO  [69a8ed40ad930ed547ec4700dbba5ac9] [http-nio-8081-exec-5] c.p.u.service.CategoryService : Fetching categories from database
2026-03-05 11:41:17 INFO  [69a8ed4ddc5601dacca3226211e7470b] [http-nio-8081-exec-7] c.p.u.controller.AuthController : Login request
2026-03-05 11:41:17 INFO  [69a8ed4ddc5601dacca3226211e7470b] [http-nio-8081-exec-7] c.p.u.security.CognitoService : Local profile detected - extracting sub from idToken directly
2026-03-05 11:41:17 INFO  [69a8ed4ddc5601dacca3226211e7470b] [http-nio-8081-exec-7] c.p.u.security.CognitoService : Token payload: {"at_hash":"tAc-AwvH1QvRs9BuVTQjAw","sub":"14c86ddc-5011-7010-9dc7-48fdc8a936bc","cognito:groups":["ap-northeast-2_GKpckavjT_Google"],"email_verified":false,"iss":"https:\/\/cognito-idp.ap-northeast-2.amazonaws.com\/ap-northeast-2_GKpckavjT","cognito:username":"google_114412924775395995162","origin_jti":"9cdf8514-863f-458d-8b1e-ced9f830adb4","aud":"6j5ajq8p3b7d894qt5msp4hair","identities":[{"dateCreated":"1772670123025","userId":"114412924775395995162","providerName":"Google","providerType":"Google","issuer":null,"primary":"true"}],"token_use":"id","auth_time":1772678467,"exp":1772682077,"iat":1772678477,"jti":"600799dc-4356-48df-8796-99a6064a27cc","email":"wlsdudgnzn@gmail.com"}
2026-03-05 11:41:17 INFO  [69a8ed4ddc5601dacca3226211e7470b] [http-nio-8081-exec-7] c.p.u.security.CognitoService : Extracted sub from token: 14c86ddc-5011-7010-9dc7-48fdc8a936bc
2026-03-05 11:41:18 INFO  [69a8ed4ee74dee864ae0b1ccb0053680] [http-nio-8081-exec-10] c.p.u.controller.CategoryController : Get categories request
2026-03-05 11:41:18 INFO  [69a8ed4ee74dee864ae0b1ccb0053680] [http-nio-8081-exec-10] c.p.u.service.CategoryService : Fetching categories from database
2026-03-05 11:41:27 INFO  [69a8ed5723c3caf55500d4bfc5ced5f3] [http-nio-8081-exec-2] c.p.u.controller.AuthController : Signup request: ¸¶¿ì½º
2026-03-05 11:41:27 INFO  [69a8ed5723c3caf55500d4bfc5ced5f3] [http-nio-8081-exec-2] c.p.u.security.CognitoService : Local profile detected - extracting sub from idToken directly
2026-03-05 11:41:27 INFO  [69a8ed5723c3caf55500d4bfc5ced5f3] [http-nio-8081-exec-2] c.p.u.security.CognitoService : Token payload: {"at_hash":"tAc-AwvH1QvRs9BuVTQjAw","sub":"14c86ddc-5011-7010-9dc7-48fdc8a936bc","cognito:groups":["ap-northeast-2_GKpckavjT_Google"],"email_verified":false,"iss":"https:\/\/cognito-idp.ap-northeast-2.amazonaws.com\/ap-northeast-2_GKpckavjT","cognito:username":"google_114412924775395995162","origin_jti":"9cdf8514-863f-458d-8b1e-ced9f830adb4","aud":"6j5ajq8p3b7d894qt5msp4hair","identities":[{"dateCreated":"1772670123025","userId":"114412924775395995162","providerName":"Google","providerType":"Google","issuer":null,"primary":"true"}],"token_use":"id","auth_time":1772678467,"exp":1772682077,"iat":1772678477,"jti":"600799dc-4356-48df-8796-99a6064a27cc","email":"wlsdudgnzn@gmail.com"}
2026-03-05 11:41:27 INFO  [69a8ed5723c3caf55500d4bfc5ced5f3] [http-nio-8081-exec-2] c.p.u.security.CognitoService : Extracted sub from token: 14c86ddc-5011-7010-9dc7-48fdc8a936bc
2026-03-05 11:41:27 WARN  [69a8ed5723c3caf55500d4bfc5ced5f3] [http-nio-8081-exec-2] c.p.userservice.service.AuthService : Redis is not available, skipping refresh token storage: Unable to connect to Redis
2026-03-05 11:50:45 INFO  [69a8ef857498bac94b74444bd450e00e] [http-nio-8081-exec-5] c.p.u.controller.CategoryController : Get categories request
2026-03-05 11:50:45 INFO  [69a8ef850aede2f393c8fe0b71cdbcd4] [http-nio-8081-exec-6] c.p.u.controller.UserController : Get profile request: 019cbbdf-1c2c-741d-9b34-7c19c47a47f2
2026-03-05 11:50:45 INFO  [69a8ef857498bac94b74444bd450e00e] [http-nio-8081-exec-5] c.p.u.service.CategoryService : Fetching categories from database
2026-03-05 11:50:47 INFO  [69a8ef872e261115ace2c7179d4491be] [http-nio-8081-exec-7] c.p.u.controller.AuthController : Withdraw request: 019cbbdf-1c2c-741d-9b34-7c19c47a47f2
2026-03-05 11:50:47 WARN  [69a8ef872e261115ace2c7179d4491be] [http-nio-8081-exec-7] c.p.userservice.service.AuthService : Redis is not available, skipping refresh token deletion: Unable to connect to Redis
2026-03-05 11:50:47 INFO  [69a8ef872e261115ace2c7179d4491be] [http-nio-8081-exec-7] c.p.u.security.CognitoService : Local profile detected - skipping Cognito user deletion
2026-03-05 11:50:47 INFO  [69a8ef872e261115ace2c7179d4491be] [http-nio-8081-exec-7] c.p.userservice.service.AuthService : User withdrawn: 019cbbdf-1c2c-741d-9b34-7c19c47a47f2
2026-03-05 11:50:47 INFO  [69a8ef879fc0a0f6c16ff8185ddae572] [http-nio-8081-exec-1] c.p.u.controller.CategoryController : Get categories request
2026-03-05 11:50:47 INFO  [69a8ef879fc0a0f6c16ff8185ddae572] [http-nio-8081-exec-1] c.p.u.service.CategoryService : Fetching categories from database
2026-03-05 11:50:47 INFO  [69a8ef87b63dd6fc8bb1f8ecdbd47963] [http-nio-8081-exec-2] c.p.u.controller.UserController : Get profile request: 019cbbdf-1c2c-741d-9b34-7c19c47a47f2
2026-03-05 11:50:49 INFO  [69a8ef8950b151100db17ea88865770d] [http-nio-8081-exec-3] c.p.u.controller.CategoryController : Get categories request
2026-03-05 11:50:49 INFO  [69a8ef8950b151100db17ea88865770d] [http-nio-8081-exec-3] c.p.u.service.CategoryService : Fetching categories from database
2026-03-05 11:50:53 INFO  [69a8ef8d2c292d947dcf84529c791517] [http-nio-8081-exec-5] c.p.u.controller.AuthController : Login request
2026-03-05 11:50:53 INFO  [69a8ef8d2c292d947dcf84529c791517] [http-nio-8081-exec-5] c.p.u.security.CognitoService : Local profile detected - extracting sub from idToken directly
2026-03-05 11:50:53 INFO  [69a8ef8d2c292d947dcf84529c791517] [http-nio-8081-exec-5] c.p.u.security.CognitoService : Token payload: {"at_hash":"JyX2jLzES7RsmKDAvUun5g","sub":"14c86ddc-5011-7010-9dc7-48fdc8a936bc","cognito:groups":["ap-northeast-2_GKpckavjT_Google"],"email_verified":false,"iss":"https:\/\/cognito-idp.ap-northeast-2.amazonaws.com\/ap-northeast-2_GKpckavjT","cognito:username":"google_114412924775395995162","origin_jti":"20af8319-f7a2-4ea9-81b3-c33c6ddfa094","aud":"6j5ajq8p3b7d894qt5msp4hair","identities":[{"dateCreated":"1772670123025","userId":"114412924775395995162","providerName":"Google","providerType":"Google","issuer":null,"primary":"true"}],"token_use":"id","auth_time":1772679053,"exp":1772682653,"iat":1772679053,"jti":"b7b81071-7fbf-48ee-a5b6-6e37e0def621","email":"wlsdudgnzn@gmail.com"}
2026-03-05 11:50:53 INFO  [69a8ef8d2c292d947dcf84529c791517] [http-nio-8081-exec-5] c.p.u.security.CognitoService : Extracted sub from token: 14c86ddc-5011-7010-9dc7-48fdc8a936bc
2026-03-05 11:50:54 INFO  [69a8ef8edbb7acaa941c1ad0fd817fe4] [http-nio-8081-exec-6] c.p.u.controller.CategoryController : Get categories request
2026-03-05 11:50:54 INFO  [69a8ef8edbb7acaa941c1ad0fd817fe4] [http-nio-8081-exec-6] c.p.u.service.CategoryService : Fetching categories from database
2026-03-05 11:51:02 INFO  [69a8ef96c8a9925ba287a4ec7445fc7d] [http-nio-8081-exec-7] c.p.u.controller.AuthController : Signup request: º½µ¿¹«Ä§
2026-03-05 11:51:02 INFO  [69a8ef96c8a9925ba287a4ec7445fc7d] [http-nio-8081-exec-7] c.p.u.security.CognitoService : Local profile detected - extracting sub from idToken directly
2026-03-05 11:51:02 INFO  [69a8ef96c8a9925ba287a4ec7445fc7d] [http-nio-8081-exec-7] c.p.u.security.CognitoService : Token payload: {"at_hash":"JyX2jLzES7RsmKDAvUun5g","sub":"14c86ddc-5011-7010-9dc7-48fdc8a936bc","cognito:groups":["ap-northeast-2_GKpckavjT_Google"],"email_verified":false,"iss":"https:\/\/cognito-idp.ap-northeast-2.amazonaws.com\/ap-northeast-2_GKpckavjT","cognito:username":"google_114412924775395995162","origin_jti":"20af8319-f7a2-4ea9-81b3-c33c6ddfa094","aud":"6j5ajq8p3b7d894qt5msp4hair","identities":[{"dateCreated":"1772670123025","userId":"114412924775395995162","providerName":"Google","providerType":"Google","issuer":null,"primary":"true"}],"token_use":"id","auth_time":1772679053,"exp":1772682653,"iat":1772679053,"jti":"b7b81071-7fbf-48ee-a5b6-6e37e0def621","email":"wlsdudgnzn@gmail.com"}
2026-03-05 11:51:02 INFO  [69a8ef96c8a9925ba287a4ec7445fc7d] [http-nio-8081-exec-7] c.p.u.security.CognitoService : Extracted sub from token: 14c86ddc-5011-7010-9dc7-48fdc8a936bc
2026-03-05 11:51:02 WARN  [69a8ef96c8a9925ba287a4ec7445fc7d] [http-nio-8081-exec-7] o.m.jdbc.message.server.ErrorPacket : Error: 1062-23000: Duplicate entry 'wlsdudgnzn@gmail.com' for key 'UK_users_email'
2026-03-05 11:51:02 WARN  [69a8ef96c8a9925ba287a4ec7445fc7d] [http-nio-8081-exec-7] o.h.e.jdbc.spi.SqlExceptionHelper : SQL Error: 1062, SQLState: 23000
2026-03-05 11:51:02 ERROR [69a8ef96c8a9925ba287a4ec7445fc7d] [http-nio-8081-exec-7] o.h.e.jdbc.spi.SqlExceptionHelper : (conn=522) Duplicate entry 'wlsdudgnzn@gmail.com' for key 'UK_users_email'
2026-03-05 12:44:16 INFO  [69a8fc100a7d382c2c3bfcc8b83c6c14] [http-nio-8081-exec-2] c.p.u.controller.CategoryController : Get categories request
2026-03-05 12:44:16 INFO  [69a8fc100a7d382c2c3bfcc8b83c6c14] [http-nio-8081-exec-2] c.p.u.service.CategoryService : Fetching categories from database
2026-03-05 12:44:24 INFO  [69a8fc1811e7f818340e1b9e3f754ac5] [http-nio-8081-exec-3] c.p.u.controller.AuthController : Login request
2026-03-05 12:44:24 INFO  [69a8fc1811e7f818340e1b9e3f754ac5] [http-nio-8081-exec-3] c.p.u.security.CognitoService : Local profile detected - extracting sub from idToken directly
2026-03-05 12:44:24 INFO  [69a8fc1811e7f818340e1b9e3f754ac5] [http-nio-8081-exec-3] c.p.u.security.CognitoService : Token payload: {"at_hash":"8CWsh8DI0wwxKD1gkgZJNA","sub":"14c86ddc-5011-7010-9dc7-48fdc8a936bc","cognito:groups":["ap-northeast-2_GKpckavjT_Google"],"email_verified":false,"iss":"https:\/\/cognito-idp.ap-northeast-2.amazonaws.com\/ap-northeast-2_GKpckavjT","cognito:username":"google_114412924775395995162","origin_jti":"76e0df21-d8d5-4292-a04c-a15943a7e0fb","aud":"6j5ajq8p3b7d894qt5msp4hair","identities":[{"dateCreated":"1772670123025","userId":"114412924775395995162","providerName":"Google","providerType":"Google","issuer":null,"primary":"true"}],"token_use":"id","auth_time":1772682264,"exp":1772685864,"iat":1772682264,"jti":"9d7a9ca1-9631-4aaa-94f0-8da5603f01e7","email":"wlsdudgnzn@gmail.com"}
2026-03-05 12:44:24 INFO  [69a8fc1811e7f818340e1b9e3f754ac5] [http-nio-8081-exec-3] c.p.u.security.CognitoService : Extracted sub from token: 14c86ddc-5011-7010-9dc7-48fdc8a936bc
2026-03-05 12:44:24 INFO  [69a8fc18516ee83eddd8168fee723b7b] [http-nio-8081-exec-4] c.p.u.controller.CategoryController : Get categories request
2026-03-05 12:44:24 INFO  [69a8fc18516ee83eddd8168fee723b7b] [http-nio-8081-exec-4] c.p.u.service.CategoryService : Fetching categories from database
2026-03-05 12:49:28 INFO  [69a8fd4834f8b1f5ca56a9c467938dd0] [http-nio-8081-exec-6] c.p.u.controller.CategoryController : Get categories request
2026-03-05 12:49:28 INFO  [69a8fd4834f8b1f5ca56a9c467938dd0] [http-nio-8081-exec-6] c.p.u.service.CategoryService : Fetching categories from database
2026-03-05 12:49:31 INFO  [69a8fd4bfef0d6d188564b53b90d3add] [http-nio-8081-exec-8] c.p.u.controller.CategoryController : Get categories request
2026-03-05 12:49:31 INFO  [69a8fd4bfef0d6d188564b53b90d3add] [http-nio-8081-exec-8] c.p.u.service.CategoryService : Fetching categories from database
2026-03-05 12:49:32 INFO  [69a8fd4cf0a432777dd4a0fd072945b2] [http-nio-8081-exec-7] c.p.u.controller.CategoryController : Get categories request
2026-03-05 12:49:32 INFO  [69a8fd4cf0a432777dd4a0fd072945b2] [http-nio-8081-exec-7] c.p.u.service.CategoryService : Fetching categories from database
2026-03-05 12:49:39 INFO  [69a8fd53c519eb7c372721c5b0b343f1] [http-nio-8081-exec-10] c.p.u.controller.CategoryController : Get categories request
2026-03-05 12:49:39 INFO  [69a8fd53c519eb7c372721c5b0b343f1] [http-nio-8081-exec-10] c.p.u.service.CategoryService : Fetching categories from database
2026-03-05 12:49:40 INFO  [69a8fd54448cba10458d24a784d1a14f] [http-nio-8081-exec-9] c.p.u.controller.CategoryController : Get categories request
2026-03-05 12:49:40 INFO  [69a8fd54448cba10458d24a784d1a14f] [http-nio-8081-exec-9] c.p.u.service.CategoryService : Fetching categories from database
2026-03-05 12:49:44 INFO  [69a8fd58ef394abc759442003982a030] [http-nio-8081-exec-2] c.p.u.controller.CategoryController : Get categories request
2026-03-05 12:49:44 INFO  [69a8fd58ef394abc759442003982a030] [http-nio-8081-exec-2] c.p.u.service.CategoryService : Fetching categories from database
2026-03-05 12:49:48 INFO  [69a8fd5c65f07988243c4078cb0f6d8e] [http-nio-8081-exec-1] c.p.u.controller.CategoryController : Get categories request
2026-03-05 12:49:48 INFO  [69a8fd5c65f07988243c4078cb0f6d8e] [http-nio-8081-exec-1] c.p.u.service.CategoryService : Fetching categories from database
2026-03-05 14:23:13 INFO  [] [background-preinit] o.h.validator.internal.util.Version : HV000001: Hibernate Validator 8.0.2.Final
2026-03-05 14:23:13 INFO  [] [main] c.p.b.PlanitBaseTemplateApplication : Starting PlanitBaseTemplateApplication using Java 17.0.18 with PID 17620 (C:\barumi\PlanIt-User-svc\build\classes\java\main started by DS23 in C:\barumi\PlanIt-User-svc)
2026-03-05 14:23:13 INFO  [] [main] c.p.b.PlanitBaseTemplateApplication : No active profile set, falling back to 1 default profile: "default"
2026-03-05 14:23:14 INFO  [] [main] o.s.d.r.c.RepositoryConfigurationDelegate : Multiple Spring Data modules found, entering strict repository configuration mode
2026-03-05 14:23:14 INFO  [] [main] o.s.d.r.c.RepositoryConfigurationDelegate : Bootstrapping Spring Data JPA repositories in DEFAULT mode.
2026-03-05 14:23:14 INFO  [] [main] o.s.d.r.c.RepositoryConfigurationDelegate : Finished Spring Data repository scanning in 113 ms. Found 6 JPA repository interfaces.
2026-03-05 14:23:14 INFO  [] [main] o.s.d.r.c.RepositoryConfigurationDelegate : Multiple Spring Data modules found, entering strict repository configuration mode
2026-03-05 14:23:14 INFO  [] [main] o.s.d.r.c.RepositoryConfigurationDelegate : Bootstrapping Spring Data Redis repositories in DEFAULT mode.
2026-03-05 14:23:14 INFO  [] [main] o.s.d.r.c.RepositoryConfigurationDelegate : Finished Spring Data repository scanning in 3 ms. Found 0 Redis repository interfaces.
2026-03-05 14:23:15 INFO  [] [main] o.s.b.w.e.tomcat.TomcatWebServer : Tomcat initialized with port 8081 (http)
2026-03-05 14:23:15 INFO  [] [main] o.a.coyote.http11.Http11NioProtocol : Initializing ProtocolHandler ["http-nio-8081"]
2026-03-05 14:23:15 INFO  [] [main] o.a.catalina.core.StandardService : Starting service [Tomcat]
2026-03-05 14:23:15 INFO  [] [main] o.a.catalina.core.StandardEngine : Starting Servlet engine: [Apache Tomcat/10.1.36]
2026-03-05 14:23:15 INFO  [] [main] o.a.c.c.C.[Tomcat].[localhost].[/] : Initializing Spring embedded WebApplicationContext
2026-03-05 14:23:15 INFO  [] [main] o.s.b.w.s.c.ServletWebServerApplicationContext : Root WebApplicationContext: initialization completed in 1825 ms
2026-03-05 14:23:15 INFO  [] [main] o.h.jpa.internal.util.LogHelper : HHH000204: Processing PersistenceUnitInfo [name: default]
2026-03-05 14:23:15 INFO  [] [main] org.hibernate.Version : HHH000412: Hibernate ORM core version 6.6.8.Final
2026-03-05 14:23:15 INFO  [] [main] o.h.c.i.RegionFactoryInitiator : HHH000026: Second-level cache disabled
2026-03-05 14:23:16 INFO  [] [main] o.s.o.j.p.SpringPersistenceUnitInfo : No LoadTimeWeaver setup: ignoring JPA class transformer
2026-03-05 14:23:16 INFO  [] [main] com.zaxxer.hikari.HikariDataSource : HikariPool-1 - Starting...
2026-03-05 14:23:16 INFO  [] [main] com.zaxxer.hikari.pool.HikariPool : HikariPool-1 - Added connection org.mariadb.jdbc.Connection@247a8411
2026-03-05 14:23:16 INFO  [] [main] com.zaxxer.hikari.HikariDataSource : HikariPool-1 - Start completed.
2026-03-05 14:23:16 INFO  [] [main] o.hibernate.orm.connections.pooling : HHH10001005: Database info:
	Database JDBC URL [Connecting through datasource 'HikariDataSource (HikariPool-1)']
	Database driver: undefined/unknown
	Database version: 11.8.3
	Autocommit mode: undefined/unknown
	Isolation level: undefined/unknown
	Minimum pool size: undefined/unknown
	Maximum pool size: undefined/unknown
2026-03-05 14:23:16 INFO  [] [main] o.h.e.t.j.p.i.JtaPlatformInitiator : HHH000489: No JTA platform available (set 'hibernate.transaction.jta.platform' to enable JTA platform integration)
2026-03-05 14:23:17 INFO  [] [main] o.s.o.j.LocalContainerEntityManagerFactoryBean : Initialized JPA EntityManagerFactory for persistence unit 'default'
2026-03-05 14:23:17 INFO  [] [main] o.s.d.j.r.query.QueryEnhancerFactory : Hibernate is in classpath; If applicable, HQL parser will be used.
2026-03-05 14:23:18 WARN  [] [main] o.s.b.a.o.j.JpaBaseConfiguration$JpaWebConfiguration : spring.jpa.open-in-view is enabled by default. Therefore, database queries may be performed during view rendering. Explicitly configure spring.jpa.open-in-view to disable this warning
2026-03-05 14:23:18 WARN  [] [main] o.s.b.a.s.s.UserDetailsServiceAutoConfiguration : 

Using generated security password: 9fdf18bc-4700-452b-8e5d-4bed839b3481

This generated password is for development use only. Your security configuration must be updated before running your application in production.

2026-03-05 14:23:18 INFO  [] [main] o.s.s.c.a.a.c.InitializeUserDetailsBeanManagerConfigurer$InitializeUserDetailsManagerConfigurer : Global AuthenticationManager configured with UserDetailsService bean with name inMemoryUserDetailsManager
2026-03-05 14:23:19 INFO  [] [main] n.d.b.g.c.a.GrpcClientAutoConfiguration : Detected grpc-netty-shaded: Creating ShadedNettyChannelFactory + InProcessChannelFactory
2026-03-05 14:23:19 INFO  [] [main] o.s.b.a.e.web.EndpointLinksResolver : Exposing 2 endpoints beneath base path '/api/v1/users/actuator'
2026-03-05 14:23:19 INFO  [] [main] n.d.b.g.s.a.GrpcServerFactoryAutoConfiguration : Detected grpc-netty-shaded: Creating ShadedNettyGrpcServerFactory
2026-03-05 14:23:19 INFO  [] [main] o.a.coyote.http11.Http11NioProtocol : Starting ProtocolHandler ["http-nio-8081"]
2026-03-05 14:23:19 INFO  [] [main] o.s.b.w.e.tomcat.TomcatWebServer : Tomcat started on port 8081 (http) with context path '/'
2026-03-05 14:23:19 INFO  [] [main] n.d.b.g.s.s.AbstractGrpcServerFactory : Registered gRPC service: BaseTestGrpcService, bean: baseGrpcController, class: com.planit.basetemplate.grpc.BaseGrpcController
2026-03-05 14:23:19 INFO  [] [main] n.d.b.g.s.s.AbstractGrpcServerFactory : Registered gRPC service: grpc.health.v1.Health, bean: grpcHealthService, class: io.grpc.protobuf.services.HealthServiceImpl
2026-03-05 14:23:19 INFO  [] [main] n.d.b.g.s.s.AbstractGrpcServerFactory : Registered gRPC service: grpc.reflection.v1alpha.ServerReflection, bean: protoReflectionService, class: io.grpc.protobuf.services.ProtoReflectionService
2026-03-05 14:23:20 INFO  [] [main] n.d.b.g.s.s.GrpcServerLifecycle : gRPC Server started, listening on address: *, port: 9090
2026-03-05 14:23:20 INFO  [] [main] c.p.b.PlanitBaseTemplateApplication : Started PlanitBaseTemplateApplication in 7.009 seconds (process running for 7.338)
2026-03-05 14:23:29 INFO  [] [http-nio-8081-exec-1] o.a.c.c.C.[Tomcat].[localhost].[/] : Initializing Spring DispatcherServlet 'dispatcherServlet'
2026-03-05 14:23:29 INFO  [] [http-nio-8081-exec-1] o.s.web.servlet.DispatcherServlet : Initializing Servlet 'dispatcherServlet'
2026-03-05 14:23:29 INFO  [] [http-nio-8081-exec-1] o.s.web.servlet.DispatcherServlet : Completed initialization in 6 ms
2026-03-05 14:23:29 INFO  [69a913517b2ab77ac8ba1e7de00e79dc] [http-nio-8081-exec-1] c.p.u.controller.CategoryController : Get categories request
2026-03-05 14:23:29 INFO  [69a913517b2ab77ac8ba1e7de00e79dc] [http-nio-8081-exec-1] c.p.u.service.CategoryService : Fetching categories from database
2026-03-05 14:23:33 INFO  [69a913550697ebc51281ec588a9dbbd0] [http-nio-8081-exec-2] c.p.u.controller.CategoryController : Get categories request
2026-03-05 14:23:33 INFO  [69a913550697ebc51281ec588a9dbbd0] [http-nio-8081-exec-2] c.p.u.service.CategoryService : Fetching categories from database
2026-03-05 14:23:36 INFO  [69a91358bb2b25c88cdf43fcbcf6be61] [http-nio-8081-exec-10] c.p.u.controller.CategoryController : Get categories request
2026-03-05 14:23:36 INFO  [69a91358bb2b25c88cdf43fcbcf6be61] [http-nio-8081-exec-10] c.p.u.service.CategoryService : Fetching categories from database
2026-03-05 14:23:41 INFO  [69a9135dd2fd57d9dd11faddeb1333ce] [http-nio-8081-exec-4] c.p.u.controller.CategoryController : Get categories request
2026-03-05 14:23:41 INFO  [69a9135dd2fd57d9dd11faddeb1333ce] [http-nio-8081-exec-4] c.p.u.service.CategoryService : Fetching categories from database
2026-03-05 14:23:44 INFO  [69a913608693b9cc8723ddc68b8086a9] [http-nio-8081-exec-5] c.p.u.controller.CategoryController : Get categories request
2026-03-05 14:23:44 INFO  [69a913608693b9cc8723ddc68b8086a9] [http-nio-8081-exec-5] c.p.u.service.CategoryService : Fetching categories from database
2026-03-05 14:23:46 INFO  [69a913627553f7800910f3378e8eb94d] [http-nio-8081-exec-6] c.p.u.controller.CategoryController : Get categories request
2026-03-05 14:23:46 INFO  [69a913627553f7800910f3378e8eb94d] [http-nio-8081-exec-6] c.p.u.service.CategoryService : Fetching categories from database
2026-03-05 14:23:48 INFO  [69a91364b8484e3ae0f889e1bb826e47] [http-nio-8081-exec-7] c.p.u.controller.CategoryController : Get categories request
2026-03-05 14:23:48 INFO  [69a91364b8484e3ae0f889e1bb826e47] [http-nio-8081-exec-7] c.p.u.service.CategoryService : Fetching categories from database
2026-03-05 14:23:49 INFO  [69a913652f071fae56e0ebe2d755a168] [http-nio-8081-exec-8] c.p.u.controller.CategoryController : Get categories request
2026-03-05 14:23:49 INFO  [69a913652f071fae56e0ebe2d755a168] [http-nio-8081-exec-8] c.p.u.service.CategoryService : Fetching categories from database
2026-03-05 14:23:50 INFO  [69a91366e7f5b500afbdf28b76ea62af] [http-nio-8081-exec-9] c.p.u.controller.CategoryController : Get categories request
2026-03-05 14:23:50 INFO  [69a91366e7f5b500afbdf28b76ea62af] [http-nio-8081-exec-9] c.p.u.service.CategoryService : Fetching categories from database
2026-03-05 14:23:51 INFO  [69a91367abbd7702895a234345e67371] [http-nio-8081-exec-3] c.p.u.controller.CategoryController : Get categories request
2026-03-05 14:23:51 INFO  [69a91367abbd7702895a234345e67371] [http-nio-8081-exec-3] c.p.u.service.CategoryService : Fetching categories from database
2026-03-05 14:23:53 INFO  [69a913698760328636b42c9fb716de99] [http-nio-8081-exec-1] c.p.u.controller.CategoryController : Get categories request
2026-03-05 14:23:53 INFO  [69a913698760328636b42c9fb716de99] [http-nio-8081-exec-1] c.p.u.service.CategoryService : Fetching categories from database
2026-03-05 14:23:54 INFO  [69a9136afb474668170fbb22800cf267] [http-nio-8081-exec-2] c.p.u.controller.CategoryController : Get categories request
2026-03-05 14:23:54 INFO  [69a9136afb474668170fbb22800cf267] [http-nio-8081-exec-2] c.p.u.service.CategoryService : Fetching categories from database
2026-03-05 14:24:06 INFO  [69a91376f49a0a958f564a82bb8fdfe3] [http-nio-8081-exec-10] c.p.u.controller.CategoryController : Get categories request
2026-03-05 14:24:06 INFO  [69a91376f49a0a958f564a82bb8fdfe3] [http-nio-8081-exec-10] c.p.u.service.CategoryService : Fetching categories from database
2026-03-05 14:24:32 INFO  [69a91390d3a1ce262dab66148a7f5db2] [http-nio-8081-exec-4] c.p.u.controller.CategoryController : Get categories request
2026-03-05 14:24:32 INFO  [69a91390d3a1ce262dab66148a7f5db2] [http-nio-8081-exec-4] c.p.u.service.CategoryService : Fetching categories from database
2026-03-05 14:24:34 INFO  [69a91392382d38dee82ae47c37e2ba13] [http-nio-8081-exec-5] c.p.u.controller.CategoryController : Get categories request
2026-03-05 14:24:34 INFO  [69a91392382d38dee82ae47c37e2ba13] [http-nio-8081-exec-5] c.p.u.service.CategoryService : Fetching categories from database
2026-03-05 14:24:47 INFO  [69a9139f9e89aed96e9ac6d02f7f77c2] [http-nio-8081-exec-6] c.p.u.controller.CategoryController : Get categories request
2026-03-05 14:24:47 INFO  [69a9139f9e89aed96e9ac6d02f7f77c2] [http-nio-8081-exec-6] c.p.u.service.CategoryService : Fetching categories from database
2026-03-05 14:24:54 INFO  [69a913a6eed6298022dd1cfdcdcc0389] [http-nio-8081-exec-7] c.p.u.controller.CategoryController : Get categories request
2026-03-05 14:24:54 INFO  [69a913a6eed6298022dd1cfdcdcc0389] [http-nio-8081-exec-7] c.p.u.service.CategoryService : Fetching categories from database
2026-03-05 14:25:01 INFO  [69a913ad66facb68fcc7268d20b50b0f] [http-nio-8081-exec-9] c.p.u.controller.CategoryController : Get categories request
2026-03-05 14:25:01 INFO  [69a913ad66facb68fcc7268d20b50b0f] [http-nio-8081-exec-9] c.p.u.service.CategoryService : Fetching categories from database
2026-03-05 14:25:32 INFO  [69a913cc5d6f4d426cd2f597f0bf33cf] [http-nio-8081-exec-1] c.p.u.controller.AuthController : Login request
2026-03-05 14:25:32 INFO  [69a913cc5d6f4d426cd2f597f0bf33cf] [http-nio-8081-exec-1] c.p.u.security.CognitoService : Local profile detected - extracting sub from idToken directly
2026-03-05 14:25:32 INFO  [69a913cc5d6f4d426cd2f597f0bf33cf] [http-nio-8081-exec-1] c.p.u.security.CognitoService : Token payload: {"at_hash":"FRgBVWJz-BvvEeNy-vidfA","sub":"04d86d8c-c061-707d-e967-411aa42e8415","cognito:groups":["ap-northeast-2_GKpckavjT_Google"],"email_verified":false,"iss":"https:\/\/cognito-idp.ap-northeast-2.amazonaws.com\/ap-northeast-2_GKpckavjT","cognito:username":"google_114412924775395995162","origin_jti":"1134ea94-a41f-40ae-9425-649fde9cc5ce","aud":"6j5ajq8p3b7d894qt5msp4hair","identities":[{"dateCreated":"1772688331246","userId":"114412924775395995162","providerName":"Google","providerType":"Google","issuer":null,"primary":"true"}],"token_use":"id","auth_time":1772688332,"exp":1772691932,"iat":1772688332,"jti":"428cd0d2-2e15-40af-bc6e-fa9f476dcae1","email":"wlsdudgnzn@gmail.com"}
2026-03-05 14:25:32 INFO  [69a913cc5d6f4d426cd2f597f0bf33cf] [http-nio-8081-exec-1] c.p.u.security.CognitoService : Extracted sub from token: 04d86d8c-c061-707d-e967-411aa42e8415
2026-03-05 14:25:38 INFO  [69a913d2c9eea3be4d1f707ca4276319] [http-nio-8081-exec-2] c.p.u.controller.CategoryController : Get categories request
2026-03-05 14:25:38 INFO  [69a913d2c9eea3be4d1f707ca4276319] [http-nio-8081-exec-2] c.p.u.service.CategoryService : Fetching categories from database
2026-03-05 14:25:52 INFO  [69a913dfe20272820d632b3ec2ac9a89] [http-nio-8081-exec-4] c.p.u.controller.AuthController : Login request
2026-03-05 14:25:52 INFO  [69a913dfe20272820d632b3ec2ac9a89] [http-nio-8081-exec-4] c.p.u.security.CognitoService : Local profile detected - extracting sub from idToken directly
2026-03-05 14:25:52 INFO  [69a913dfe20272820d632b3ec2ac9a89] [http-nio-8081-exec-4] c.p.u.security.CognitoService : Token payload: {"at_hash":"L8tdqxIvV2wP4Lpu3iejNw","sub":"04d86d8c-c061-707d-e967-411aa42e8415","cognito:groups":["ap-northeast-2_GKpckavjT_Google"],"email_verified":false,"iss":"https:\/\/cognito-idp.ap-northeast-2.amazonaws.com\/ap-northeast-2_GKpckavjT","cognito:username":"google_114412924775395995162","origin_jti":"60b8490c-fbc6-4e24-8bcd-7c617ba2f254","aud":"6j5ajq8p3b7d894qt5msp4hair","identities":[{"dateCreated":"1772688331246","userId":"114412924775395995162","providerName":"Google","providerType":"Google","issuer":null,"primary":"true"}],"token_use":"id","auth_time":1772688341,"exp":1772691952,"iat":1772688352,"jti":"51b5d6fe-7df8-4102-9b0b-9f3fff47cd16","email":"wlsdudgnzn@gmail.com"}
2026-03-05 14:25:52 INFO  [69a913dfe20272820d632b3ec2ac9a89] [http-nio-8081-exec-4] c.p.u.security.CognitoService : Extracted sub from token: 04d86d8c-c061-707d-e967-411aa42e8415
2026-03-05 14:30:35 INFO  [] [background-preinit] o.h.validator.internal.util.Version : HV000001: Hibernate Validator 8.0.2.Final
2026-03-05 14:30:35 INFO  [] [main] c.p.b.PlanitBaseTemplateApplication : Starting PlanitBaseTemplateApplication using Java 17.0.18 with PID 23136 (C:\barumi\PlanIt-User-svc\build\classes\java\main started by DS23 in C:\barumi\PlanIt-User-svc)
2026-03-05 14:30:35 INFO  [] [main] c.p.b.PlanitBaseTemplateApplication : No active profile set, falling back to 1 default profile: "default"
2026-03-05 14:30:36 INFO  [] [main] o.s.d.r.c.RepositoryConfigurationDelegate : Multiple Spring Data modules found, entering strict repository configuration mode
2026-03-05 14:30:36 INFO  [] [main] o.s.d.r.c.RepositoryConfigurationDelegate : Bootstrapping Spring Data JPA repositories in DEFAULT mode.
2026-03-05 14:30:36 INFO  [] [main] o.s.d.r.c.RepositoryConfigurationDelegate : Finished Spring Data repository scanning in 130 ms. Found 6 JPA repository interfaces.
2026-03-05 14:30:36 INFO  [] [main] o.s.d.r.c.RepositoryConfigurationDelegate : Multiple Spring Data modules found, entering strict repository configuration mode
2026-03-05 14:30:36 INFO  [] [main] o.s.d.r.c.RepositoryConfigurationDelegate : Bootstrapping Spring Data Redis repositories in DEFAULT mode.
2026-03-05 14:30:36 INFO  [] [main] o.s.d.r.c.RepositoryConfigurationDelegate : Finished Spring Data repository scanning in 2 ms. Found 0 Redis repository interfaces.
2026-03-05 14:30:37 INFO  [] [main] o.s.b.w.e.tomcat.TomcatWebServer : Tomcat initialized with port 8081 (http)
2026-03-05 14:30:37 INFO  [] [main] o.a.coyote.http11.Http11NioProtocol : Initializing ProtocolHandler ["http-nio-8081"]
2026-03-05 14:30:37 INFO  [] [main] o.a.catalina.core.StandardService : Starting service [Tomcat]
2026-03-05 14:30:37 INFO  [] [main] o.a.catalina.core.StandardEngine : Starting Servlet engine: [Apache Tomcat/10.1.36]
2026-03-05 14:30:37 INFO  [] [main] o.a.c.c.C.[Tomcat].[localhost].[/] : Initializing Spring embedded WebApplicationContext
2026-03-05 14:30:37 INFO  [] [main] o.s.b.w.s.c.ServletWebServerApplicationContext : Root WebApplicationContext: initialization completed in 1998 ms
2026-03-05 14:30:37 INFO  [] [main] o.h.jpa.internal.util.LogHelper : HHH000204: Processing PersistenceUnitInfo [name: default]
2026-03-05 14:30:37 INFO  [] [main] org.hibernate.Version : HHH000412: Hibernate ORM core version 6.6.8.Final
2026-03-05 14:30:38 INFO  [] [main] o.h.c.i.RegionFactoryInitiator : HHH000026: Second-level cache disabled
2026-03-05 14:30:38 INFO  [] [main] o.s.o.j.p.SpringPersistenceUnitInfo : No LoadTimeWeaver setup: ignoring JPA class transformer
2026-03-05 14:30:38 INFO  [] [main] com.zaxxer.hikari.HikariDataSource : HikariPool-1 - Starting...
2026-03-05 14:30:38 INFO  [] [main] com.zaxxer.hikari.pool.HikariPool : HikariPool-1 - Added connection org.mariadb.jdbc.Connection@247a8411
2026-03-05 14:30:38 INFO  [] [main] com.zaxxer.hikari.HikariDataSource : HikariPool-1 - Start completed.
2026-03-05 14:30:38 INFO  [] [main] o.hibernate.orm.connections.pooling : HHH10001005: Database info:
	Database JDBC URL [Connecting through datasource 'HikariDataSource (HikariPool-1)']
	Database driver: undefined/unknown
	Database version: 11.8.3
	Autocommit mode: undefined/unknown
	Isolation level: undefined/unknown
	Minimum pool size: undefined/unknown
	Maximum pool size: undefined/unknown
2026-03-05 14:30:39 INFO  [] [main] o.h.e.t.j.p.i.JtaPlatformInitiator : HHH000489: No JTA platform available (set 'hibernate.transaction.jta.platform' to enable JTA platform integration)
2026-03-05 14:30:39 INFO  [] [main] o.s.o.j.LocalContainerEntityManagerFactoryBean : Initialized JPA EntityManagerFactory for persistence unit 'default'
2026-03-05 14:30:39 INFO  [] [main] o.s.d.j.r.query.QueryEnhancerFactory : Hibernate is in classpath; If applicable, HQL parser will be used.
2026-03-05 14:30:41 WARN  [] [main] o.s.b.a.o.j.JpaBaseConfiguration$JpaWebConfiguration : spring.jpa.open-in-view is enabled by default. Therefore, database queries may be performed during view rendering. Explicitly configure spring.jpa.open-in-view to disable this warning
2026-03-05 14:30:41 WARN  [] [main] o.s.b.a.s.s.UserDetailsServiceAutoConfiguration : 

Using generated security password: 634a6dc7-fe8f-455d-8b68-fdeb57d2007d

This generated password is for development use only. Your security configuration must be updated before running your application in production.

2026-03-05 14:30:41 INFO  [] [main] o.s.s.c.a.a.c.InitializeUserDetailsBeanManagerConfigurer$InitializeUserDetailsManagerConfigurer : Global AuthenticationManager configured with UserDetailsService bean with name inMemoryUserDetailsManager
2026-03-05 14:30:42 INFO  [] [main] n.d.b.g.c.a.GrpcClientAutoConfiguration : Detected grpc-netty-shaded: Creating ShadedNettyChannelFactory + InProcessChannelFactory
2026-03-05 14:30:42 INFO  [] [main] o.s.b.a.e.web.EndpointLinksResolver : Exposing 2 endpoints beneath base path '/api/v1/users/actuator'
2026-03-05 14:30:43 INFO  [] [main] n.d.b.g.s.a.GrpcServerFactoryAutoConfiguration : Detected grpc-netty-shaded: Creating ShadedNettyGrpcServerFactory
2026-03-05 14:30:43 INFO  [] [main] o.a.coyote.http11.Http11NioProtocol : Starting ProtocolHandler ["http-nio-8081"]
2026-03-05 14:30:43 INFO  [] [main] o.s.b.w.e.tomcat.TomcatWebServer : Tomcat started on port 8081 (http) with context path '/'
2026-03-05 14:30:43 INFO  [] [main] n.d.b.g.s.s.AbstractGrpcServerFactory : Registered gRPC service: BaseTestGrpcService, bean: baseGrpcController, class: com.planit.basetemplate.grpc.BaseGrpcController
2026-03-05 14:30:43 INFO  [] [main] n.d.b.g.s.s.AbstractGrpcServerFactory : Registered gRPC service: grpc.health.v1.Health, bean: grpcHealthService, class: io.grpc.protobuf.services.HealthServiceImpl
2026-03-05 14:30:43 INFO  [] [main] n.d.b.g.s.s.AbstractGrpcServerFactory : Registered gRPC service: grpc.reflection.v1alpha.ServerReflection, bean: protoReflectionService, class: io.grpc.protobuf.services.ProtoReflectionService
2026-03-05 14:30:43 INFO  [] [http-nio-8081-exec-1] o.a.c.c.C.[Tomcat].[localhost].[/] : Initializing Spring DispatcherServlet 'dispatcherServlet'
2026-03-05 14:30:43 INFO  [] [http-nio-8081-exec-1] o.s.web.servlet.DispatcherServlet : Initializing Servlet 'dispatcherServlet'
2026-03-05 14:30:43 INFO  [] [http-nio-8081-exec-1] o.s.web.servlet.DispatcherServlet : Completed initialization in 2 ms
2026-03-05 14:30:44 INFO  [69a91503e2b161d1474170ea4dd97195] [http-nio-8081-exec-1] c.p.u.controller.CategoryController : Get categories request
2026-03-05 14:30:44 INFO  [69a91503e2b161d1474170ea4dd97195] [http-nio-8081-exec-1] c.p.u.service.CategoryService : Fetching categories from database
2026-03-05 14:30:44 INFO  [] [main] n.d.b.g.s.s.GrpcServerLifecycle : gRPC Server started, listening on address: *, port: 9090
2026-03-05 14:30:44 INFO  [] [main] c.p.b.PlanitBaseTemplateApplication : Started PlanitBaseTemplateApplication in 9.102 seconds (process running for 9.535)
2026-03-05 14:30:57 INFO  [69a915114fbcf98d7e05d0f1b6c5725e] [http-nio-8081-exec-3] c.p.u.controller.AuthController : Login request
2026-03-05 14:30:57 INFO  [69a915114fbcf98d7e05d0f1b6c5725e] [http-nio-8081-exec-3] c.p.u.security.CognitoService : Local profile detected - extracting sub from idToken directly
2026-03-05 14:30:57 INFO  [69a915114fbcf98d7e05d0f1b6c5725e] [http-nio-8081-exec-3] c.p.u.security.CognitoService : Token payload: {"at_hash":"XGIZrRlDPcNPsUFA4z6Z_Q","sub":"04d86d8c-c061-707d-e967-411aa42e8415","cognito:groups":["ap-northeast-2_GKpckavjT_Google"],"email_verified":false,"iss":"https:\/\/cognito-idp.ap-northeast-2.amazonaws.com\/ap-northeast-2_GKpckavjT","cognito:username":"google_114412924775395995162","origin_jti":"819b88e4-9a31-4cd8-a268-51deac6fb06c","aud":"6j5ajq8p3b7d894qt5msp4hair","identities":[{"dateCreated":"1772688331246","userId":"114412924775395995162","providerName":"Google","providerType":"Google","issuer":null,"primary":"true"}],"token_use":"id","auth_time":1772688647,"exp":1772692257,"iat":1772688657,"jti":"dea27fcf-02b1-4015-a1c1-def9fe634ec8","email":"wlsdudgnzn@gmail.com"}
2026-03-05 14:30:57 INFO  [69a915114fbcf98d7e05d0f1b6c5725e] [http-nio-8081-exec-3] c.p.u.security.CognitoService : Extracted sub from token: 04d86d8c-c061-707d-e967-411aa42e8415
2026-03-05 14:31:00 INFO  [69a91514dd4327909f942b6168db76ac] [http-nio-8081-exec-4] c.p.u.controller.CategoryController : Get categories request
2026-03-05 14:31:00 INFO  [69a91514dd4327909f942b6168db76ac] [http-nio-8081-exec-4] c.p.u.service.CategoryService : Fetching categories from database
2026-03-05 14:31:05 INFO  [69a91519f928dd126e3ee85a651a8cef] [http-nio-8081-exec-7] c.p.u.controller.AuthController : Login request
2026-03-05 14:31:05 INFO  [69a91519f928dd126e3ee85a651a8cef] [http-nio-8081-exec-7] c.p.u.security.CognitoService : Local profile detected - extracting sub from idToken directly
2026-03-05 14:31:05 INFO  [69a91519f928dd126e3ee85a651a8cef] [http-nio-8081-exec-7] c.p.u.security.CognitoService : Token payload: {"at_hash":"pjHo41P1nYSpes4M5g9Cbg","sub":"04d86d8c-c061-707d-e967-411aa42e8415","cognito:groups":["ap-northeast-2_GKpckavjT_Google"],"email_verified":false,"iss":"https:\/\/cognito-idp.ap-northeast-2.amazonaws.com\/ap-northeast-2_GKpckavjT","cognito:username":"google_114412924775395995162","origin_jti":"685bbc5f-3d60-46a6-a8b2-5877a6688f22","aud":"6j5ajq8p3b7d894qt5msp4hair","identities":[{"dateCreated":"1772688331246","userId":"114412924775395995162","providerName":"Google","providerType":"Google","issuer":null,"primary":"true"}],"token_use":"id","auth_time":1772688664,"exp":1772692265,"iat":1772688665,"jti":"2b7c4864-b1d1-4e01-8493-8230686fea55","email":"wlsdudgnzn@gmail.com"}
2026-03-05 14:31:05 INFO  [69a91519f928dd126e3ee85a651a8cef] [http-nio-8081-exec-7] c.p.u.security.CognitoService : Extracted sub from token: 04d86d8c-c061-707d-e967-411aa42e8415
2026-03-05 14:39:30 INFO  [] [background-preinit] o.h.validator.internal.util.Version : HV000001: Hibernate Validator 8.0.2.Final
2026-03-05 14:39:30 INFO  [] [main] c.p.b.PlanitBaseTemplateApplication : Starting PlanitBaseTemplateApplication using Java 17.0.18 with PID 21772 (C:\barumi\PlanIt-User-svc\build\classes\java\main started by DS23 in C:\barumi\PlanIt-User-svc)
2026-03-05 14:39:30 INFO  [] [main] c.p.b.PlanitBaseTemplateApplication : No active profile set, falling back to 1 default profile: "default"
2026-03-05 14:39:31 INFO  [] [main] o.s.d.r.c.RepositoryConfigurationDelegate : Multiple Spring Data modules found, entering strict repository configuration mode
2026-03-05 14:39:31 INFO  [] [main] o.s.d.r.c.RepositoryConfigurationDelegate : Bootstrapping Spring Data JPA repositories in DEFAULT mode.
2026-03-05 14:39:31 INFO  [] [main] o.s.d.r.c.RepositoryConfigurationDelegate : Finished Spring Data repository scanning in 162 ms. Found 6 JPA repository interfaces.
2026-03-05 14:39:31 INFO  [] [main] o.s.d.r.c.RepositoryConfigurationDelegate : Multiple Spring Data modules found, entering strict repository configuration mode
2026-03-05 14:39:31 INFO  [] [main] o.s.d.r.c.RepositoryConfigurationDelegate : Bootstrapping Spring Data Redis repositories in DEFAULT mode.
2026-03-05 14:39:31 INFO  [] [main] o.s.d.r.c.RepositoryConfigurationDelegate : Finished Spring Data repository scanning in 2 ms. Found 0 Redis repository interfaces.
2026-03-05 14:39:32 INFO  [] [main] o.s.b.w.e.tomcat.TomcatWebServer : Tomcat initialized with port 8081 (http)
2026-03-05 14:39:32 INFO  [] [main] o.a.coyote.http11.Http11NioProtocol : Initializing ProtocolHandler ["http-nio-8081"]
2026-03-05 14:39:32 INFO  [] [main] o.a.catalina.core.StandardService : Starting service [Tomcat]
2026-03-05 14:39:32 INFO  [] [main] o.a.catalina.core.StandardEngine : Starting Servlet engine: [Apache Tomcat/10.1.36]
2026-03-05 14:39:32 INFO  [] [main] o.a.c.c.C.[Tomcat].[localhost].[/] : Initializing Spring embedded WebApplicationContext
2026-03-05 14:39:32 INFO  [] [main] o.s.b.w.s.c.ServletWebServerApplicationContext : Root WebApplicationContext: initialization completed in 2560 ms
2026-03-05 14:39:33 INFO  [] [main] o.h.jpa.internal.util.LogHelper : HHH000204: Processing PersistenceUnitInfo [name: default]
2026-03-05 14:39:33 INFO  [] [main] org.hibernate.Version : HHH000412: Hibernate ORM core version 6.6.8.Final
2026-03-05 14:39:33 INFO  [] [main] o.h.c.i.RegionFactoryInitiator : HHH000026: Second-level cache disabled
2026-03-05 14:39:33 INFO  [] [main] o.s.o.j.p.SpringPersistenceUnitInfo : No LoadTimeWeaver setup: ignoring JPA class transformer
2026-03-05 14:39:33 INFO  [] [main] com.zaxxer.hikari.HikariDataSource : HikariPool-1 - Starting...
2026-03-05 14:39:33 INFO  [] [main] com.zaxxer.hikari.pool.HikariPool : HikariPool-1 - Added connection org.mariadb.jdbc.Connection@401002ce
2026-03-05 14:39:33 INFO  [] [main] com.zaxxer.hikari.HikariDataSource : HikariPool-1 - Start completed.
2026-03-05 14:39:33 INFO  [] [main] o.hibernate.orm.connections.pooling : HHH10001005: Database info:
	Database JDBC URL [Connecting through datasource 'HikariDataSource (HikariPool-1)']
	Database driver: undefined/unknown
	Database version: 11.8.3
	Autocommit mode: undefined/unknown
	Isolation level: undefined/unknown
	Minimum pool size: undefined/unknown
	Maximum pool size: undefined/unknown
2026-03-05 14:39:34 INFO  [] [main] o.h.e.t.j.p.i.JtaPlatformInitiator : HHH000489: No JTA platform available (set 'hibernate.transaction.jta.platform' to enable JTA platform integration)
2026-03-05 14:39:35 INFO  [] [main] o.s.o.j.LocalContainerEntityManagerFactoryBean : Initialized JPA EntityManagerFactory for persistence unit 'default'
2026-03-05 14:39:35 INFO  [] [main] o.s.d.j.r.query.QueryEnhancerFactory : Hibernate is in classpath; If applicable, HQL parser will be used.
2026-03-05 14:39:37 WARN  [] [main] o.s.b.a.o.j.JpaBaseConfiguration$JpaWebConfiguration : spring.jpa.open-in-view is enabled by default. Therefore, database queries may be performed during view rendering. Explicitly configure spring.jpa.open-in-view to disable this warning
2026-03-05 14:39:37 WARN  [] [main] o.s.b.a.s.s.UserDetailsServiceAutoConfiguration : 

Using generated security password: e3aad941-1725-47df-8327-6418ec23a9f6

This generated password is for development use only. Your security configuration must be updated before running your application in production.

2026-03-05 14:39:37 INFO  [] [main] o.s.s.c.a.a.c.InitializeUserDetailsBeanManagerConfigurer$InitializeUserDetailsManagerConfigurer : Global AuthenticationManager configured with UserDetailsService bean with name inMemoryUserDetailsManager
2026-03-05 14:39:37 INFO  [] [main] n.d.b.g.c.a.GrpcClientAutoConfiguration : Detected grpc-netty-shaded: Creating ShadedNettyChannelFactory + InProcessChannelFactory
2026-03-05 14:39:37 INFO  [] [main] o.s.b.a.e.web.EndpointLinksResolver : Exposing 2 endpoints beneath base path '/api/v1/users/actuator'
2026-03-05 14:39:38 INFO  [] [main] n.d.b.g.s.a.GrpcServerFactoryAutoConfiguration : Detected grpc-netty-shaded: Creating ShadedNettyGrpcServerFactory
2026-03-05 14:39:38 INFO  [] [main] o.a.coyote.http11.Http11NioProtocol : Starting ProtocolHandler ["http-nio-8081"]
2026-03-05 14:39:38 INFO  [] [main] o.s.b.w.e.tomcat.TomcatWebServer : Tomcat started on port 8081 (http) with context path '/'
2026-03-05 14:39:38 INFO  [] [main] n.d.b.g.s.s.AbstractGrpcServerFactory : Registered gRPC service: BaseTestGrpcService, bean: baseGrpcController, class: com.planit.basetemplate.grpc.BaseGrpcController
2026-03-05 14:39:38 INFO  [] [main] n.d.b.g.s.s.AbstractGrpcServerFactory : Registered gRPC service: grpc.health.v1.Health, bean: grpcHealthService, class: io.grpc.protobuf.services.HealthServiceImpl
2026-03-05 14:39:38 INFO  [] [main] n.d.b.g.s.s.AbstractGrpcServerFactory : Registered gRPC service: grpc.reflection.v1alpha.ServerReflection, bean: protoReflectionService, class: io.grpc.protobuf.services.ProtoReflectionService
2026-03-05 14:39:38 INFO  [] [main] n.d.b.g.s.s.GrpcServerLifecycle : gRPC Server started, listening on address: *, port: 9090
2026-03-05 14:39:38 INFO  [] [main] c.p.b.PlanitBaseTemplateApplication : Started PlanitBaseTemplateApplication in 9.196 seconds (process running for 9.551)
2026-03-05 14:39:57 INFO  [] [http-nio-8081-exec-1] o.a.c.c.C.[Tomcat].[localhost].[/] : Initializing Spring DispatcherServlet 'dispatcherServlet'
2026-03-05 14:39:57 INFO  [] [http-nio-8081-exec-1] o.s.web.servlet.DispatcherServlet : Initializing Servlet 'dispatcherServlet'
2026-03-05 14:39:57 INFO  [] [http-nio-8081-exec-1] o.s.web.servlet.DispatcherServlet : Completed initialization in 2 ms
2026-03-05 14:39:57 INFO  [69a9172d0736203c211ef817a961c1ac] [http-nio-8081-exec-1] c.p.u.controller.CategoryController : Get categories request
2026-03-05 14:39:57 INFO  [69a9172d0736203c211ef817a961c1ac] [http-nio-8081-exec-1] c.p.u.service.CategoryService : Fetching categories from database
2026-03-05 14:40:01 INFO  [69a917310bd693f4e98e160e38086ddb] [http-nio-8081-exec-4] c.p.u.controller.AuthController : Login request
2026-03-05 14:40:01 INFO  [69a917310bd693f4e98e160e38086ddb] [http-nio-8081-exec-4] c.p.u.security.CognitoService : Local profile detected - extracting sub from idToken directly
2026-03-05 14:40:01 INFO  [69a917310bd693f4e98e160e38086ddb] [http-nio-8081-exec-4] c.p.u.security.CognitoService : Token payload: {"at_hash":"JU5TZgbq1LKo26lU7X7jkw","sub":"04d86d8c-c061-707d-e967-411aa42e8415","cognito:groups":["ap-northeast-2_GKpckavjT_Google"],"email_verified":false,"iss":"https:\/\/cognito-idp.ap-northeast-2.amazonaws.com\/ap-northeast-2_GKpckavjT","cognito:username":"google_114412924775395995162","origin_jti":"83b68c87-f0b1-4f45-a71c-704c4b759a64","aud":"6j5ajq8p3b7d894qt5msp4hair","identities":[{"dateCreated":"1772688331246","userId":"114412924775395995162","providerName":"Google","providerType":"Google","issuer":null,"primary":"true"}],"token_use":"id","auth_time":1772689201,"exp":1772692801,"iat":1772689201,"jti":"1c74af61-6580-4829-ad74-0f6fc0ecccf7","email":"wlsdudgnzn@gmail.com"}
2026-03-05 14:40:01 INFO  [69a917310bd693f4e98e160e38086ddb] [http-nio-8081-exec-4] c.p.u.security.CognitoService : Extracted sub from token: 04d86d8c-c061-707d-e967-411aa42e8415
2026-03-05 14:40:01 INFO  [69a917316dbe4168db4700d752fd9643] [http-nio-8081-exec-5] c.p.u.controller.AuthController : Check withdrawn request
2026-03-05 14:40:01 INFO  [69a917316dbe4168db4700d752fd9643] [http-nio-8081-exec-5] c.p.u.security.CognitoService : Extracted email from token: wlsdudgnzn@gmail.com
2026-03-05 14:40:01 INFO  [69a917316dbe4168db4700d752fd9643] [http-nio-8081-exec-5] c.p.userservice.service.AuthService : Check withdrawn for email: wlsdudgnzn@gmail.com
2026-03-05 14:40:02 INFO  [69a917324c59d25df366f0d647d9eebd] [http-nio-8081-exec-6] c.p.u.controller.CategoryController : Get categories request
2026-03-05 14:40:02 INFO  [69a917324c59d25df366f0d647d9eebd] [http-nio-8081-exec-6] c.p.u.service.CategoryService : Fetching categories from database
2026-03-05 14:40:13 INFO  [69a9173dd5d8ffc993e7b1481cdbe574] [http-nio-8081-exec-3] c.p.u.controller.AuthController : Signup request: ÈÞ°¡´Â7ÀÏ
2026-03-05 14:40:13 INFO  [69a9173dd5d8ffc993e7b1481cdbe574] [http-nio-8081-exec-3] c.p.u.security.CognitoService : Local profile detected - extracting sub from idToken directly
2026-03-05 14:40:13 INFO  [69a9173dd5d8ffc993e7b1481cdbe574] [http-nio-8081-exec-3] c.p.u.security.CognitoService : Token payload: {"at_hash":"JU5TZgbq1LKo26lU7X7jkw","sub":"04d86d8c-c061-707d-e967-411aa42e8415","cognito:groups":["ap-northeast-2_GKpckavjT_Google"],"email_verified":false,"iss":"https:\/\/cognito-idp.ap-northeast-2.amazonaws.com\/ap-northeast-2_GKpckavjT","cognito:username":"google_114412924775395995162","origin_jti":"83b68c87-f0b1-4f45-a71c-704c4b759a64","aud":"6j5ajq8p3b7d894qt5msp4hair","identities":[{"dateCreated":"1772688331246","userId":"114412924775395995162","providerName":"Google","providerType":"Google","issuer":null,"primary":"true"}],"token_use":"id","auth_time":1772689201,"exp":1772692801,"iat":1772689201,"jti":"1c74af61-6580-4829-ad74-0f6fc0ecccf7","email":"wlsdudgnzn@gmail.com"}
2026-03-05 14:40:13 INFO  [69a9173dd5d8ffc993e7b1481cdbe574] [http-nio-8081-exec-3] c.p.u.security.CognitoService : Extracted sub from token: 04d86d8c-c061-707d-e967-411aa42e8415
2026-03-05 14:40:14 WARN  [69a9173dd5d8ffc993e7b1481cdbe574] [http-nio-8081-exec-3] c.p.userservice.service.AuthService : Redis is not available, skipping refresh token storage: Unable to connect to Redis
2026-03-05 14:40:26 INFO  [69a917498faba5978588e9b8748e9a16] [http-nio-8081-exec-10] c.p.u.controller.UserController : Get profile request: 019cbc82-c9cb-798c-99ca-27607b8a6298
2026-03-05 14:40:28 INFO  [69a9174cd0edd1f68b212824bdb3d7eb] [http-nio-8081-exec-2] c.p.u.controller.AuthController : Withdraw request: 019cbc82-c9cb-798c-99ca-27607b8a6298
2026-03-05 14:40:28 WARN  [69a9174cd0edd1f68b212824bdb3d7eb] [http-nio-8081-exec-2] c.p.userservice.service.AuthService : Redis is not available, skipping refresh token deletion: Unable to connect to Redis
2026-03-05 14:40:28 INFO  [69a9174cd0edd1f68b212824bdb3d7eb] [http-nio-8081-exec-2] c.p.u.security.CognitoService : Local profile detected - skipping Cognito user deletion
2026-03-05 14:40:28 INFO  [69a9174cd0edd1f68b212824bdb3d7eb] [http-nio-8081-exec-2] c.p.userservice.service.AuthService : User withdrawn: 019cbc82-c9cb-798c-99ca-27607b8a6298
2026-03-05 14:40:28 INFO  [69a9174cfc5767e0574ab78c45a3d4a6] [http-nio-8081-exec-6] c.p.u.controller.CategoryController : Get categories request
2026-03-05 14:40:28 INFO  [69a9174cfc5767e0574ab78c45a3d4a6] [http-nio-8081-exec-6] c.p.u.service.CategoryService : Fetching categories from database
2026-03-05 14:40:28 INFO  [69a9174c662c96f6b7daee68d89e95fb] [http-nio-8081-exec-5] c.p.u.controller.UserController : Get profile request: 019cbc82-c9cb-798c-99ca-27607b8a6298
2026-03-05 14:40:29 INFO  [69a9174dc2033c94ec3556ba44938990] [http-nio-8081-exec-7] c.p.u.controller.CategoryController : Get categories request
2026-03-05 14:40:29 INFO  [69a9174dc2033c94ec3556ba44938990] [http-nio-8081-exec-7] c.p.u.service.CategoryService : Fetching categories from database
2026-03-05 14:40:44 INFO  [69a9175c6f5aef8e9ca2650266775a79] [http-nio-8081-exec-9] c.p.u.controller.AuthController : Login request
2026-03-05 14:40:44 INFO  [69a9175c6f5aef8e9ca2650266775a79] [http-nio-8081-exec-9] c.p.u.security.CognitoService : Local profile detected - extracting sub from idToken directly
2026-03-05 14:40:44 INFO  [69a9175c6f5aef8e9ca2650266775a79] [http-nio-8081-exec-9] c.p.u.security.CognitoService : Token payload: {"at_hash":"dbuG47RQshU4f3vrXB1yCQ","sub":"04d86d8c-c061-707d-e967-411aa42e8415","cognito:groups":["ap-northeast-2_GKpckavjT_Google"],"email_verified":false,"iss":"https:\/\/cognito-idp.ap-northeast-2.amazonaws.com\/ap-northeast-2_GKpckavjT","cognito:username":"google_114412924775395995162","origin_jti":"eed40226-66a7-4f0d-bfd8-9032e3442f50","aud":"6j5ajq8p3b7d894qt5msp4hair","identities":[{"dateCreated":"1772688331246","userId":"114412924775395995162","providerName":"Google","providerType":"Google","issuer":null,"primary":"true"}],"token_use":"id","auth_time":1772689233,"exp":1772692844,"iat":1772689244,"jti":"580f05cc-884f-4ef3-8f7c-e9cc4f91d383","email":"wlsdudgnzn@gmail.com"}
2026-03-05 14:40:44 INFO  [69a9175c6f5aef8e9ca2650266775a79] [http-nio-8081-exec-9] c.p.u.security.CognitoService : Extracted sub from token: 04d86d8c-c061-707d-e967-411aa42e8415
2026-03-05 14:40:44 INFO  [69a9175cf2ef6d7120e4fc1130143f6c] [http-nio-8081-exec-1] c.p.u.controller.AuthController : Check withdrawn request
2026-03-05 14:40:44 INFO  [69a9175cf2ef6d7120e4fc1130143f6c] [http-nio-8081-exec-1] c.p.u.security.CognitoService : Extracted email from token: wlsdudgnzn@gmail.com
2026-03-05 14:40:44 INFO  [69a9175cf2ef6d7120e4fc1130143f6c] [http-nio-8081-exec-1] c.p.userservice.service.AuthService : Check withdrawn for email: wlsdudgnzn@gmail.com
2026-03-05 14:40:44 INFO  [69a9175cfbdad8a7aaafa4e88e798b90] [http-nio-8081-exec-2] c.p.u.controller.CategoryController : Get categories request
2026-03-05 14:40:44 INFO  [69a9175cfbdad8a7aaafa4e88e798b90] [http-nio-8081-exec-2] c.p.u.service.CategoryService : Fetching categories from database
2026-03-05 14:40:58 INFO  [69a9176a607c267a62382e696f9c4264] [http-nio-8081-exec-8] c.p.u.controller.AuthController : Signup request: Ä¡Å²
2026-03-05 14:40:58 INFO  [69a9176a607c267a62382e696f9c4264] [http-nio-8081-exec-8] c.p.u.security.CognitoService : Local profile detected - extracting sub from idToken directly
2026-03-05 14:40:58 INFO  [69a9176a607c267a62382e696f9c4264] [http-nio-8081-exec-8] c.p.u.security.CognitoService : Token payload: {"at_hash":"dbuG47RQshU4f3vrXB1yCQ","sub":"04d86d8c-c061-707d-e967-411aa42e8415","cognito:groups":["ap-northeast-2_GKpckavjT_Google"],"email_verified":false,"iss":"https:\/\/cognito-idp.ap-northeast-2.amazonaws.com\/ap-northeast-2_GKpckavjT","cognito:username":"google_114412924775395995162","origin_jti":"eed40226-66a7-4f0d-bfd8-9032e3442f50","aud":"6j5ajq8p3b7d894qt5msp4hair","identities":[{"dateCreated":"1772688331246","userId":"114412924775395995162","providerName":"Google","providerType":"Google","issuer":null,"primary":"true"}],"token_use":"id","auth_time":1772689233,"exp":1772692844,"iat":1772689244,"jti":"580f05cc-884f-4ef3-8f7c-e9cc4f91d383","email":"wlsdudgnzn@gmail.com"}
2026-03-05 14:40:58 INFO  [69a9176a607c267a62382e696f9c4264] [http-nio-8081-exec-8] c.p.u.security.CognitoService : Extracted sub from token: 04d86d8c-c061-707d-e967-411aa42e8415
2026-03-05 14:40:58 WARN  [69a9176a607c267a62382e696f9c4264] [http-nio-8081-exec-8] o.m.jdbc.message.server.ErrorPacket : Error: 1062-23000: Duplicate entry 'wlsdudgnzn@gmail.com' for key 'UK_users_email'
2026-03-05 14:40:58 WARN  [69a9176a607c267a62382e696f9c4264] [http-nio-8081-exec-8] o.h.e.jdbc.spi.SqlExceptionHelper : SQL Error: 1062, SQLState: 23000
2026-03-05 14:40:58 ERROR [69a9176a607c267a62382e696f9c4264] [http-nio-8081-exec-8] o.h.e.jdbc.spi.SqlExceptionHelper : (conn=601) Duplicate entry 'wlsdudgnzn@gmail.com' for key 'UK_users_email'
2026-03-05 14:44:40 INFO  [69a91848c7631b1db155c9615dbbd6bd] [http-nio-8081-exec-7] c.p.u.controller.CategoryController : Get categories request
2026-03-05 14:44:40 INFO  [69a91848c7631b1db155c9615dbbd6bd] [http-nio-8081-exec-7] c.p.u.service.CategoryService : Fetching categories from database
2026-03-05 14:44:56 INFO  [69a918586fbb76a45f642cb649ce194e] [http-nio-8081-exec-9] c.p.u.controller.AuthController : Login request
2026-03-05 14:44:56 INFO  [69a918586fbb76a45f642cb649ce194e] [http-nio-8081-exec-9] c.p.u.security.CognitoService : Local profile detected - extracting sub from idToken directly
2026-03-05 14:44:56 INFO  [69a918586fbb76a45f642cb649ce194e] [http-nio-8081-exec-9] c.p.u.security.CognitoService : Token payload: {"at_hash":"Y4CVCMo5VvPW0B3jvKkpxQ","sub":"04d86d8c-c061-707d-e967-411aa42e8415","cognito:groups":["ap-northeast-2_GKpckavjT_Google"],"email_verified":false,"iss":"https:\/\/cognito-idp.ap-northeast-2.amazonaws.com\/ap-northeast-2_GKpckavjT","cognito:username":"google_114412924775395995162","origin_jti":"63182c11-63c7-4ce3-a5e7-7620188025f4","aud":"6j5ajq8p3b7d894qt5msp4hair","identities":[{"dateCreated":"1772688331246","userId":"114412924775395995162","providerName":"Google","providerType":"Google","issuer":null,"primary":"true"}],"token_use":"id","auth_time":1772689485,"exp":1772693096,"iat":1772689496,"jti":"c873ca0d-03b1-4a4c-84b3-d9d9b77fb2ba","email":"wlsdudgnzn@gmail.com"}
2026-03-05 14:44:56 INFO  [69a918586fbb76a45f642cb649ce194e] [http-nio-8081-exec-9] c.p.u.security.CognitoService : Extracted sub from token: 04d86d8c-c061-707d-e967-411aa42e8415
2026-03-05 14:44:56 INFO  [69a91858214a83f42d1c566a41691ab1] [http-nio-8081-exec-1] c.p.u.controller.AuthController : Check withdrawn request
2026-03-05 14:44:56 INFO  [69a91858214a83f42d1c566a41691ab1] [http-nio-8081-exec-1] c.p.u.security.CognitoService : Extracted email from token: wlsdudgnzn@gmail.com
2026-03-05 14:44:56 INFO  [69a91858214a83f42d1c566a41691ab1] [http-nio-8081-exec-1] c.p.userservice.service.AuthService : Check withdrawn for email: wlsdudgnzn@gmail.com
2026-03-05 14:44:56 INFO  [69a91858f35acb07f053ae83a7846d8f] [http-nio-8081-exec-2] c.p.u.controller.CategoryController : Get categories request
2026-03-05 14:44:56 INFO  [69a91858f35acb07f053ae83a7846d8f] [http-nio-8081-exec-2] c.p.u.service.CategoryService : Fetching categories from database
2026-03-05 14:45:15 INFO  [69a9186ba0df963d62bd7a359cc60ecb] [http-nio-8081-exec-8] c.p.u.controller.AuthController : Signup request: ÄÚµùÁ»ÀßÇØºÁ
2026-03-05 14:45:15 INFO  [69a9186ba0df963d62bd7a359cc60ecb] [http-nio-8081-exec-8] c.p.u.security.CognitoService : Local profile detected - extracting sub from idToken directly
2026-03-05 14:45:15 INFO  [69a9186ba0df963d62bd7a359cc60ecb] [http-nio-8081-exec-8] c.p.u.security.CognitoService : Token payload: {"at_hash":"Y4CVCMo5VvPW0B3jvKkpxQ","sub":"04d86d8c-c061-707d-e967-411aa42e8415","cognito:groups":["ap-northeast-2_GKpckavjT_Google"],"email_verified":false,"iss":"https:\/\/cognito-idp.ap-northeast-2.amazonaws.com\/ap-northeast-2_GKpckavjT","cognito:username":"google_114412924775395995162","origin_jti":"63182c11-63c7-4ce3-a5e7-7620188025f4","aud":"6j5ajq8p3b7d894qt5msp4hair","identities":[{"dateCreated":"1772688331246","userId":"114412924775395995162","providerName":"Google","providerType":"Google","issuer":null,"primary":"true"}],"token_use":"id","auth_time":1772689485,"exp":1772693096,"iat":1772689496,"jti":"c873ca0d-03b1-4a4c-84b3-d9d9b77fb2ba","email":"wlsdudgnzn@gmail.com"}
2026-03-05 14:45:15 INFO  [69a9186ba0df963d62bd7a359cc60ecb] [http-nio-8081-exec-8] c.p.u.security.CognitoService : Extracted sub from token: 04d86d8c-c061-707d-e967-411aa42e8415
2026-03-05 14:45:15 WARN  [69a9186ba0df963d62bd7a359cc60ecb] [http-nio-8081-exec-8] o.m.jdbc.message.server.ErrorPacket : Error: 1062-23000: Duplicate entry 'wlsdudgnzn@gmail.com' for key 'UK_users_email'
2026-03-05 14:45:15 WARN  [69a9186ba0df963d62bd7a359cc60ecb] [http-nio-8081-exec-8] o.h.e.jdbc.spi.SqlExceptionHelper : SQL Error: 1062, SQLState: 23000
2026-03-05 14:45:15 ERROR [69a9186ba0df963d62bd7a359cc60ecb] [http-nio-8081-exec-8] o.h.e.jdbc.spi.SqlExceptionHelper : (conn=601) Duplicate entry 'wlsdudgnzn@gmail.com' for key 'UK_users_email'
2026-03-05 14:46:19 INFO  [] [background-preinit] o.h.validator.internal.util.Version : HV000001: Hibernate Validator 8.0.2.Final
2026-03-05 14:46:20 INFO  [] [main] c.p.b.PlanitBaseTemplateApplication : Starting PlanitBaseTemplateApplication using Java 17.0.18 with PID 10472 (C:\barumi\PlanIt-User-svc\build\classes\java\main started by DS23 in C:\barumi\PlanIt-User-svc)
2026-03-05 14:46:20 INFO  [] [main] c.p.b.PlanitBaseTemplateApplication : No active profile set, falling back to 1 default profile: "default"
2026-03-05 14:46:20 INFO  [] [main] o.s.d.r.c.RepositoryConfigurationDelegate : Multiple Spring Data modules found, entering strict repository configuration mode
2026-03-05 14:46:20 INFO  [] [main] o.s.d.r.c.RepositoryConfigurationDelegate : Bootstrapping Spring Data JPA repositories in DEFAULT mode.
2026-03-05 14:46:20 INFO  [] [main] o.s.d.r.c.RepositoryConfigurationDelegate : Finished Spring Data repository scanning in 121 ms. Found 6 JPA repository interfaces.
2026-03-05 14:46:21 INFO  [] [main] o.s.d.r.c.RepositoryConfigurationDelegate : Multiple Spring Data modules found, entering strict repository configuration mode
2026-03-05 14:46:21 INFO  [] [main] o.s.d.r.c.RepositoryConfigurationDelegate : Bootstrapping Spring Data Redis repositories in DEFAULT mode.
2026-03-05 14:46:21 INFO  [] [main] o.s.d.r.c.RepositoryConfigurationDelegate : Finished Spring Data repository scanning in 2 ms. Found 0 Redis repository interfaces.
2026-03-05 14:46:21 INFO  [] [main] o.s.b.w.e.tomcat.TomcatWebServer : Tomcat initialized with port 8081 (http)
2026-03-05 14:46:21 INFO  [] [main] o.a.coyote.http11.Http11NioProtocol : Initializing ProtocolHandler ["http-nio-8081"]
2026-03-05 14:46:21 INFO  [] [main] o.a.catalina.core.StandardService : Starting service [Tomcat]
2026-03-05 14:46:21 INFO  [] [main] o.a.catalina.core.StandardEngine : Starting Servlet engine: [Apache Tomcat/10.1.36]
2026-03-05 14:46:22 INFO  [] [main] o.a.c.c.C.[Tomcat].[localhost].[/] : Initializing Spring embedded WebApplicationContext
2026-03-05 14:46:22 INFO  [] [main] o.s.b.w.s.c.ServletWebServerApplicationContext : Root WebApplicationContext: initialization completed in 1927 ms
2026-03-05 14:46:22 INFO  [] [main] o.h.jpa.internal.util.LogHelper : HHH000204: Processing PersistenceUnitInfo [name: default]
2026-03-05 14:46:22 INFO  [] [main] org.hibernate.Version : HHH000412: Hibernate ORM core version 6.6.8.Final
2026-03-05 14:46:22 INFO  [] [main] o.h.c.i.RegionFactoryInitiator : HHH000026: Second-level cache disabled
2026-03-05 14:46:22 INFO  [] [main] o.s.o.j.p.SpringPersistenceUnitInfo : No LoadTimeWeaver setup: ignoring JPA class transformer
2026-03-05 14:46:22 INFO  [] [main] com.zaxxer.hikari.HikariDataSource : HikariPool-1 - Starting...
2026-03-05 14:46:22 INFO  [] [main] com.zaxxer.hikari.pool.HikariPool : HikariPool-1 - Added connection org.mariadb.jdbc.Connection@2823b7c5
2026-03-05 14:46:22 INFO  [] [main] com.zaxxer.hikari.HikariDataSource : HikariPool-1 - Start completed.
2026-03-05 14:46:22 INFO  [] [main] o.hibernate.orm.connections.pooling : HHH10001005: Database info:
	Database JDBC URL [Connecting through datasource 'HikariDataSource (HikariPool-1)']
	Database driver: undefined/unknown
	Database version: 11.8.3
	Autocommit mode: undefined/unknown
	Isolation level: undefined/unknown
	Minimum pool size: undefined/unknown
	Maximum pool size: undefined/unknown
2026-03-05 14:46:23 INFO  [] [main] o.h.e.t.j.p.i.JtaPlatformInitiator : HHH000489: No JTA platform available (set 'hibernate.transaction.jta.platform' to enable JTA platform integration)
2026-03-05 14:46:23 INFO  [] [main] o.s.o.j.LocalContainerEntityManagerFactoryBean : Initialized JPA EntityManagerFactory for persistence unit 'default'
2026-03-05 14:46:24 INFO  [] [main] o.s.d.j.r.query.QueryEnhancerFactory : Hibernate is in classpath; If applicable, HQL parser will be used.
2026-03-05 14:46:25 WARN  [] [main] o.s.b.a.o.j.JpaBaseConfiguration$JpaWebConfiguration : spring.jpa.open-in-view is enabled by default. Therefore, database queries may be performed during view rendering. Explicitly configure spring.jpa.open-in-view to disable this warning
2026-03-05 14:46:25 WARN  [] [main] o.s.b.a.s.s.UserDetailsServiceAutoConfiguration : 

Using generated security password: 5404d078-bf2b-46fa-811e-8f01f53b137c

This generated password is for development use only. Your security configuration must be updated before running your application in production.

2026-03-05 14:46:25 INFO  [] [main] o.s.s.c.a.a.c.InitializeUserDetailsBeanManagerConfigurer$InitializeUserDetailsManagerConfigurer : Global AuthenticationManager configured with UserDetailsService bean with name inMemoryUserDetailsManager
2026-03-05 14:46:26 INFO  [] [main] n.d.b.g.c.a.GrpcClientAutoConfiguration : Detected grpc-netty-shaded: Creating ShadedNettyChannelFactory + InProcessChannelFactory
2026-03-05 14:46:26 INFO  [] [main] o.s.b.a.e.web.EndpointLinksResolver : Exposing 2 endpoints beneath base path '/api/v1/users/actuator'
2026-03-05 14:46:26 INFO  [] [main] n.d.b.g.s.a.GrpcServerFactoryAutoConfiguration : Detected grpc-netty-shaded: Creating ShadedNettyGrpcServerFactory
2026-03-05 14:46:27 INFO  [] [main] o.a.coyote.http11.Http11NioProtocol : Starting ProtocolHandler ["http-nio-8081"]
2026-03-05 14:46:27 INFO  [] [main] o.s.b.w.e.tomcat.TomcatWebServer : Tomcat started on port 8081 (http) with context path '/'
2026-03-05 14:46:27 INFO  [] [main] n.d.b.g.s.s.AbstractGrpcServerFactory : Registered gRPC service: BaseTestGrpcService, bean: baseGrpcController, class: com.planit.basetemplate.grpc.BaseGrpcController
2026-03-05 14:46:27 INFO  [] [main] n.d.b.g.s.s.AbstractGrpcServerFactory : Registered gRPC service: grpc.health.v1.Health, bean: grpcHealthService, class: io.grpc.protobuf.services.HealthServiceImpl
2026-03-05 14:46:27 INFO  [] [main] n.d.b.g.s.s.AbstractGrpcServerFactory : Registered gRPC service: grpc.reflection.v1alpha.ServerReflection, bean: protoReflectionService, class: io.grpc.protobuf.services.ProtoReflectionService
2026-03-05 14:46:27 INFO  [] [main] n.d.b.g.s.s.GrpcServerLifecycle : gRPC Server started, listening on address: *, port: 9090
2026-03-05 14:46:27 INFO  [] [main] c.p.b.PlanitBaseTemplateApplication : Started PlanitBaseTemplateApplication in 7.716 seconds (process running for 8.049)
2026-03-05 14:46:42 INFO  [] [http-nio-8081-exec-1] o.a.c.c.C.[Tomcat].[localhost].[/] : Initializing Spring DispatcherServlet 'dispatcherServlet'
2026-03-05 14:46:42 INFO  [] [http-nio-8081-exec-1] o.s.web.servlet.DispatcherServlet : Initializing Servlet 'dispatcherServlet'
2026-03-05 14:46:42 INFO  [] [http-nio-8081-exec-1] o.s.web.servlet.DispatcherServlet : Completed initialization in 1 ms
2026-03-05 14:46:42 INFO  [69a918c2a38f088ea328ad142a882abd] [http-nio-8081-exec-1] c.p.u.controller.CategoryController : Get categories request
2026-03-05 14:46:42 INFO  [69a918c2a38f088ea328ad142a882abd] [http-nio-8081-exec-1] c.p.u.service.CategoryService : Fetching categories from database
2026-03-05 14:46:45 INFO  [69a918c59f0df0684e4548d916fb47da] [http-nio-8081-exec-5] c.p.u.controller.AuthController : Login request
2026-03-05 14:46:45 INFO  [69a918c59f0df0684e4548d916fb47da] [http-nio-8081-exec-5] c.p.u.security.CognitoService : Local profile detected - extracting sub from idToken directly
2026-03-05 14:46:45 INFO  [69a918c59f0df0684e4548d916fb47da] [http-nio-8081-exec-5] c.p.u.security.CognitoService : Token payload: {"at_hash":"lJSOwEMSbh5pvvCS8GodAg","sub":"04d86d8c-c061-707d-e967-411aa42e8415","cognito:groups":["ap-northeast-2_GKpckavjT_Google"],"email_verified":false,"iss":"https:\/\/cognito-idp.ap-northeast-2.amazonaws.com\/ap-northeast-2_GKpckavjT","cognito:username":"google_114412924775395995162","origin_jti":"db8b9d42-f072-420d-b404-da3c48668757","aud":"6j5ajq8p3b7d894qt5msp4hair","identities":[{"dateCreated":"1772688331246","userId":"114412924775395995162","providerName":"Google","providerType":"Google","issuer":null,"primary":"true"}],"token_use":"id","auth_time":1772689605,"exp":1772693205,"iat":1772689605,"jti":"c540a0db-fe18-411d-ab77-0abb76db8bc0","email":"wlsdudgnzn@gmail.com"}
2026-03-05 14:46:45 INFO  [69a918c59f0df0684e4548d916fb47da] [http-nio-8081-exec-5] c.p.u.security.CognitoService : Extracted sub from token: 04d86d8c-c061-707d-e967-411aa42e8415
2026-03-05 14:46:45 INFO  [69a918c5db5b3d1f5c56b9e6192c1ea7] [http-nio-8081-exec-2] c.p.u.controller.AuthController : Check withdrawn request
2026-03-05 14:46:45 INFO  [69a918c5db5b3d1f5c56b9e6192c1ea7] [http-nio-8081-exec-2] c.p.u.security.CognitoService : Extracted email from token: wlsdudgnzn@gmail.com
2026-03-05 14:46:45 INFO  [69a918c5db5b3d1f5c56b9e6192c1ea7] [http-nio-8081-exec-2] c.p.userservice.service.AuthService : Check withdrawn for email: wlsdudgnzn@gmail.com
2026-03-05 14:46:46 INFO  [69a918c6576e039b4bad4b3afc04190d] [http-nio-8081-exec-6] c.p.u.controller.CategoryController : Get categories request
2026-03-05 14:46:46 INFO  [69a918c6576e039b4bad4b3afc04190d] [http-nio-8081-exec-6] c.p.u.service.CategoryService : Fetching categories from database
2026-03-05 14:47:03 INFO  [69a918d6d37bf03df071c858e7d5b29e] [http-nio-8081-exec-8] c.p.u.controller.AuthController : Signup request: Æé½ÃÄÝ¶ó
2026-03-05 14:47:03 INFO  [69a918d6d37bf03df071c858e7d5b29e] [http-nio-8081-exec-8] c.p.u.security.CognitoService : Local profile detected - extracting sub from idToken directly
2026-03-05 14:47:03 INFO  [69a918d6d37bf03df071c858e7d5b29e] [http-nio-8081-exec-8] c.p.u.security.CognitoService : Token payload: {"at_hash":"lJSOwEMSbh5pvvCS8GodAg","sub":"04d86d8c-c061-707d-e967-411aa42e8415","cognito:groups":["ap-northeast-2_GKpckavjT_Google"],"email_verified":false,"iss":"https:\/\/cognito-idp.ap-northeast-2.amazonaws.com\/ap-northeast-2_GKpckavjT","cognito:username":"google_114412924775395995162","origin_jti":"db8b9d42-f072-420d-b404-da3c48668757","aud":"6j5ajq8p3b7d894qt5msp4hair","identities":[{"dateCreated":"1772688331246","userId":"114412924775395995162","providerName":"Google","providerType":"Google","issuer":null,"primary":"true"}],"token_use":"id","auth_time":1772689605,"exp":1772693205,"iat":1772689605,"jti":"c540a0db-fe18-411d-ab77-0abb76db8bc0","email":"wlsdudgnzn@gmail.com"}
2026-03-05 14:47:03 INFO  [69a918d6d37bf03df071c858e7d5b29e] [http-nio-8081-exec-8] c.p.u.security.CognitoService : Extracted sub from token: 04d86d8c-c061-707d-e967-411aa42e8415
2026-03-05 14:48:26 INFO  [69a9192a1d84bf9ff15e3ccd1a556206] [http-nio-8081-exec-10] c.p.u.controller.CategoryController : Get categories request
2026-03-05 14:48:26 INFO  [69a9192a1d84bf9ff15e3ccd1a556206] [http-nio-8081-exec-10] c.p.u.service.CategoryService : Fetching categories from database
2026-03-05 14:48:52 INFO  [69a9194415ada6b5de02a19d8cf49c19] [http-nio-8081-exec-3] c.p.u.controller.AuthController : Login request
2026-03-05 14:48:52 INFO  [69a9194415ada6b5de02a19d8cf49c19] [http-nio-8081-exec-3] c.p.u.security.CognitoService : Local profile detected - extracting sub from idToken directly
2026-03-05 14:48:52 INFO  [69a9194415ada6b5de02a19d8cf49c19] [http-nio-8081-exec-3] c.p.u.security.CognitoService : Token payload: {"at_hash":"Tarui0r4viiaYzBEQHxCzw","sub":"04d86d8c-c061-707d-e967-411aa42e8415","cognito:groups":["ap-northeast-2_GKpckavjT_Google"],"email_verified":false,"iss":"https:\/\/cognito-idp.ap-northeast-2.amazonaws.com\/ap-northeast-2_GKpckavjT","cognito:username":"google_114412924775395995162","origin_jti":"01e05570-1a65-4579-85ed-4056d84396a5","aud":"6j5ajq8p3b7d894qt5msp4hair","identities":[{"dateCreated":"1772688331246","userId":"114412924775395995162","providerName":"Google","providerType":"Google","issuer":null,"primary":"true"}],"token_use":"id","auth_time":1772689732,"exp":1772693332,"iat":1772689732,"jti":"7a780e4d-6041-4ca5-91b8-4829c052f17d","email":"wlsdudgnzn@gmail.com"}
2026-03-05 14:48:52 INFO  [69a9194415ada6b5de02a19d8cf49c19] [http-nio-8081-exec-3] c.p.u.security.CognitoService : Extracted sub from token: 04d86d8c-c061-707d-e967-411aa42e8415
2026-03-05 14:48:52 INFO  [69a91944b2809f3c79dcc3a19dd401f5] [http-nio-8081-exec-4] c.p.u.controller.AuthController : Check withdrawn request
2026-03-05 14:48:52 INFO  [69a91944b2809f3c79dcc3a19dd401f5] [http-nio-8081-exec-4] c.p.u.security.CognitoService : Extracted email from token: wlsdudgnzn@gmail.com
2026-03-05 14:48:52 INFO  [69a91944b2809f3c79dcc3a19dd401f5] [http-nio-8081-exec-4] c.p.userservice.service.AuthService : Check withdrawn for email: wlsdudgnzn@gmail.com
2026-03-05 14:48:52 INFO  [69a91944e00c0e64d093177c168343ac] [http-nio-8081-exec-2] c.p.u.controller.CategoryController : Get categories request
2026-03-05 14:48:52 INFO  [69a91944e00c0e64d093177c168343ac] [http-nio-8081-exec-2] c.p.u.service.CategoryService : Fetching categories from database
2026-03-05 14:49:10 INFO  [69a9195633a815fdbebb0893704a28f8] [http-nio-8081-exec-7] c.p.u.controller.AuthController : Signup request: ÄÚÄ«ÄÝ¶ó
2026-03-05 14:49:10 INFO  [69a9195633a815fdbebb0893704a28f8] [http-nio-8081-exec-7] c.p.u.security.CognitoService : Local profile detected - extracting sub from idToken directly
2026-03-05 14:49:10 INFO  [69a9195633a815fdbebb0893704a28f8] [http-nio-8081-exec-7] c.p.u.security.CognitoService : Token payload: {"at_hash":"Tarui0r4viiaYzBEQHxCzw","sub":"04d86d8c-c061-707d-e967-411aa42e8415","cognito:groups":["ap-northeast-2_GKpckavjT_Google"],"email_verified":false,"iss":"https:\/\/cognito-idp.ap-northeast-2.amazonaws.com\/ap-northeast-2_GKpckavjT","cognito:username":"google_114412924775395995162","origin_jti":"01e05570-1a65-4579-85ed-4056d84396a5","aud":"6j5ajq8p3b7d894qt5msp4hair","identities":[{"dateCreated":"1772688331246","userId":"114412924775395995162","providerName":"Google","providerType":"Google","issuer":null,"primary":"true"}],"token_use":"id","auth_time":1772689732,"exp":1772693332,"iat":1772689732,"jti":"7a780e4d-6041-4ca5-91b8-4829c052f17d","email":"wlsdudgnzn@gmail.com"}
2026-03-05 14:49:10 INFO  [69a9195633a815fdbebb0893704a28f8] [http-nio-8081-exec-7] c.p.u.security.CognitoService : Extracted sub from token: 04d86d8c-c061-707d-e967-411aa42e8415
2026-03-05 14:49:19 INFO  [69a9195fedd448146a79bd902b0c5377] [http-nio-8081-exec-8] c.p.u.controller.CategoryController : Get categories request
2026-03-05 14:49:19 INFO  [69a9195fedd448146a79bd902b0c5377] [http-nio-8081-exec-8] c.p.u.service.CategoryService : Fetching categories from database
2026-03-05 14:49:32 INFO  [69a9196caa355cc21c7727bd6fc551f2] [http-nio-8081-exec-10] c.p.u.controller.AuthController : Login request
2026-03-05 14:49:32 INFO  [69a9196caa355cc21c7727bd6fc551f2] [http-nio-8081-exec-10] c.p.u.security.CognitoService : Local profile detected - extracting sub from idToken directly
2026-03-05 14:49:32 INFO  [69a9196caa355cc21c7727bd6fc551f2] [http-nio-8081-exec-10] c.p.u.security.CognitoService : Token payload: {"at_hash":"oD0hNiVrFi8tm_lb5hRrvA","sub":"04d86d8c-c061-707d-e967-411aa42e8415","cognito:groups":["ap-northeast-2_GKpckavjT_Google"],"email_verified":false,"iss":"https:\/\/cognito-idp.ap-northeast-2.amazonaws.com\/ap-northeast-2_GKpckavjT","cognito:username":"google_114412924775395995162","origin_jti":"d31c1c76-6499-47d8-b0c7-50e1ad663c65","aud":"6j5ajq8p3b7d894qt5msp4hair","identities":[{"dateCreated":"1772688331246","userId":"114412924775395995162","providerName":"Google","providerType":"Google","issuer":null,"primary":"true"}],"token_use":"id","auth_time":1772689762,"exp":1772693372,"iat":1772689772,"jti":"dabf3013-8bf1-47df-a08f-0ccb4f36fbd1","email":"wlsdudgnzn@gmail.com"}
2026-03-05 14:49:32 INFO  [69a9196caa355cc21c7727bd6fc551f2] [http-nio-8081-exec-10] c.p.u.security.CognitoService : Extracted sub from token: 04d86d8c-c061-707d-e967-411aa42e8415
2026-03-05 14:49:32 INFO  [69a9196c78565c26fbfcbc79900705fa] [http-nio-8081-exec-3] c.p.u.controller.AuthController : Check withdrawn request
2026-03-05 14:49:32 INFO  [69a9196c78565c26fbfcbc79900705fa] [http-nio-8081-exec-3] c.p.u.security.CognitoService : Extracted email from token: wlsdudgnzn@gmail.com
2026-03-05 14:49:32 INFO  [69a9196c78565c26fbfcbc79900705fa] [http-nio-8081-exec-3] c.p.userservice.service.AuthService : Check withdrawn for email: wlsdudgnzn@gmail.com
2026-03-05 14:49:32 INFO  [69a9196c88442781c526ddf2744cc724] [http-nio-8081-exec-5] c.p.u.controller.CategoryController : Get categories request
2026-03-05 14:49:32 INFO  [69a9196c88442781c526ddf2744cc724] [http-nio-8081-exec-5] c.p.u.service.CategoryService : Fetching categories from database
2026-03-05 14:49:44 INFO  [69a91978d9ab3dbdcde857759c9ba536] [http-nio-8081-exec-2] c.p.u.controller.AuthController : Signup request: °³¸ÁÇÔ
2026-03-05 14:49:44 INFO  [69a91978d9ab3dbdcde857759c9ba536] [http-nio-8081-exec-2] c.p.u.security.CognitoService : Local profile detected - extracting sub from idToken directly
2026-03-05 14:49:44 INFO  [69a91978d9ab3dbdcde857759c9ba536] [http-nio-8081-exec-2] c.p.u.security.CognitoService : Token payload: {"at_hash":"oD0hNiVrFi8tm_lb5hRrvA","sub":"04d86d8c-c061-707d-e967-411aa42e8415","cognito:groups":["ap-northeast-2_GKpckavjT_Google"],"email_verified":false,"iss":"https:\/\/cognito-idp.ap-northeast-2.amazonaws.com\/ap-northeast-2_GKpckavjT","cognito:username":"google_114412924775395995162","origin_jti":"d31c1c76-6499-47d8-b0c7-50e1ad663c65","aud":"6j5ajq8p3b7d894qt5msp4hair","identities":[{"dateCreated":"1772688331246","userId":"114412924775395995162","providerName":"Google","providerType":"Google","issuer":null,"primary":"true"}],"token_use":"id","auth_time":1772689762,"exp":1772693372,"iat":1772689772,"jti":"dabf3013-8bf1-47df-a08f-0ccb4f36fbd1","email":"wlsdudgnzn@gmail.com"}
2026-03-05 14:49:44 INFO  [69a91978d9ab3dbdcde857759c9ba536] [http-nio-8081-exec-2] c.p.u.security.CognitoService : Extracted sub from token: 04d86d8c-c061-707d-e967-411aa42e8415
2026-03-05 14:58:14 INFO  [69a91b76246c41d9518d1fef008b1fec] [http-nio-8081-exec-7] c.p.u.controller.CategoryController : Get categories request
2026-03-05 14:58:14 INFO  [69a91b76246c41d9518d1fef008b1fec] [http-nio-8081-exec-7] c.p.u.service.CategoryService : Fetching categories from database
2026-03-05 14:58:19 INFO  [69a91b7b5093f68cb928a443be197cad] [http-nio-8081-exec-9] c.p.u.controller.AuthController : Login request
2026-03-05 14:58:19 INFO  [69a91b7b5093f68cb928a443be197cad] [http-nio-8081-exec-9] c.p.u.security.CognitoService : Local profile detected - extracting sub from idToken directly
2026-03-05 14:58:19 INFO  [69a91b7b5093f68cb928a443be197cad] [http-nio-8081-exec-9] c.p.u.security.CognitoService : Token payload: {"at_hash":"dIUsVBvmUlJxZgTGzN7zsA","sub":"04d86d8c-c061-707d-e967-411aa42e8415","cognito:groups":["ap-northeast-2_GKpckavjT_Google"],"email_verified":false,"iss":"https:\/\/cognito-idp.ap-northeast-2.amazonaws.com\/ap-northeast-2_GKpckavjT","cognito:username":"google_114412924775395995162","origin_jti":"afc6612c-fd36-40bd-b8f1-8ee5f617e6e9","aud":"6j5ajq8p3b7d894qt5msp4hair","identities":[{"dateCreated":"1772688331246","userId":"114412924775395995162","providerName":"Google","providerType":"Google","issuer":null,"primary":"true"}],"token_use":"id","auth_time":1772690299,"exp":1772693899,"iat":1772690299,"jti":"aaec9d58-3216-4788-9bc7-1852159c68d8","email":"wlsdudgnzn@gmail.com"}
2026-03-05 14:58:19 INFO  [69a91b7b5093f68cb928a443be197cad] [http-nio-8081-exec-9] c.p.u.security.CognitoService : Extracted sub from token: 04d86d8c-c061-707d-e967-411aa42e8415
2026-03-05 14:58:19 INFO  [69a91b7b8aeae79135ac761d4d21f501] [http-nio-8081-exec-1] c.p.u.controller.AuthController : Check withdrawn request
2026-03-05 14:58:19 INFO  [69a91b7b8aeae79135ac761d4d21f501] [http-nio-8081-exec-1] c.p.u.security.CognitoService : Extracted email from token: wlsdudgnzn@gmail.com
2026-03-05 14:58:19 INFO  [69a91b7b8aeae79135ac761d4d21f501] [http-nio-8081-exec-1] c.p.userservice.service.AuthService : Check withdrawn for email: wlsdudgnzn@gmail.com
2026-03-05 14:58:19 INFO  [69a91b7bf9798d7a96eb36342f08441c] [http-nio-8081-exec-3] c.p.u.controller.CategoryController : Get categories request
2026-03-05 14:58:19 INFO  [69a91b7bf9798d7a96eb36342f08441c] [http-nio-8081-exec-3] c.p.u.service.CategoryService : Fetching categories from database
2026-03-05 14:58:26 INFO  [69a91b8274384eda39cbaafabdcec663] [http-nio-8081-exec-5] c.p.u.controller.CategoryController : Get categories request
2026-03-05 14:58:26 INFO  [69a91b8274384eda39cbaafabdcec663] [http-nio-8081-exec-5] c.p.u.service.CategoryService : Fetching categories from database
2026-03-05 14:58:28 INFO  [69a91b848b07d232be37504e8022ef00] [http-nio-8081-exec-4] c.p.u.controller.CategoryController : Get categories request
2026-03-05 14:58:28 INFO  [69a91b848b07d232be37504e8022ef00] [http-nio-8081-exec-4] c.p.u.service.CategoryService : Fetching categories from database
2026-03-05 14:58:29 INFO  [69a91b85eaff56d69e6b521071ba0c6c] [http-nio-8081-exec-2] c.p.u.controller.CategoryController : Get categories request
2026-03-05 14:58:29 INFO  [69a91b85eaff56d69e6b521071ba0c6c] [http-nio-8081-exec-2] c.p.u.service.CategoryService : Fetching categories from database
2026-03-05 14:58:31 INFO  [69a91b875c2a3eaa22a04bdc7a9ed38b] [http-nio-8081-exec-6] c.p.u.controller.CategoryController : Get categories request
2026-03-05 14:58:31 INFO  [69a91b875c2a3eaa22a04bdc7a9ed38b] [http-nio-8081-exec-6] c.p.u.service.CategoryService : Fetching categories from database
2026-03-05 14:58:36 INFO  [69a91b8bf363cc91e6960476a95962a8] [http-nio-8081-exec-7] c.p.u.controller.CategoryController : Get categories request
2026-03-05 14:58:36 INFO  [69a91b8bf363cc91e6960476a95962a8] [http-nio-8081-exec-7] c.p.u.service.CategoryService : Fetching categories from database
2026-03-05 14:58:41 INFO  [69a91b91563f6ed03287e83bdaf18a63] [http-nio-8081-exec-8] c.p.u.controller.CategoryController : Get categories request
2026-03-05 14:58:41 INFO  [69a91b91563f6ed03287e83bdaf18a63] [http-nio-8081-exec-8] c.p.u.service.CategoryService : Fetching categories from database
2026-03-05 14:58:43 INFO  [69a91b93d58cd262165923a1fd257dde] [http-nio-8081-exec-9] c.p.u.controller.CategoryController : Get categories request
2026-03-05 14:58:43 INFO  [69a91b93d58cd262165923a1fd257dde] [http-nio-8081-exec-9] c.p.u.service.CategoryService : Fetching categories from database
2026-03-05 14:58:54 INFO  [69a91b9e717a214d97f86ad6d83c1767] [http-nio-8081-exec-1] c.p.u.controller.CategoryController : Get categories request
2026-03-05 14:58:54 INFO  [69a91b9e717a214d97f86ad6d83c1767] [http-nio-8081-exec-1] c.p.u.service.CategoryService : Fetching categories from database
2026-03-05 14:59:02 INFO  [69a91ba682fcd286d6ece021fbe8590b] [http-nio-8081-exec-3] c.p.u.controller.CategoryController : Get categories request
2026-03-05 14:59:02 INFO  [69a91ba682fcd286d6ece021fbe8590b] [http-nio-8081-exec-3] c.p.u.service.CategoryService : Fetching categories from database
2026-03-05 14:59:21 INFO  [69a91bb9649923cc92996d962dbfcede] [http-nio-8081-exec-4] c.p.u.controller.AuthController : Login request
2026-03-05 14:59:21 INFO  [69a91bb9649923cc92996d962dbfcede] [http-nio-8081-exec-4] c.p.u.security.CognitoService : Local profile detected - extracting sub from idToken directly
2026-03-05 14:59:21 INFO  [69a91bb9649923cc92996d962dbfcede] [http-nio-8081-exec-4] c.p.u.security.CognitoService : Token payload: {"at_hash":"VaQp8jmsFIHgAujtpQrOJw","sub":"04d86d8c-c061-707d-e967-411aa42e8415","cognito:groups":["ap-northeast-2_GKpckavjT_Google"],"email_verified":false,"iss":"https:\/\/cognito-idp.ap-northeast-2.amazonaws.com\/ap-northeast-2_GKpckavjT","cognito:username":"google_114412924775395995162","origin_jti":"fb5059af-6542-482b-9ac3-c94b5b5121ad","aud":"6j5ajq8p3b7d894qt5msp4hair","identities":[{"dateCreated":"1772688331246","userId":"114412924775395995162","providerName":"Google","providerType":"Google","issuer":null,"primary":"true"}],"token_use":"id","auth_time":1772690349,"exp":1772693961,"iat":1772690361,"jti":"e3f18eae-8c5b-4713-8eb3-082663b43e69","email":"wlsdudgnzn@gmail.com"}
2026-03-05 14:59:21 INFO  [69a91bb9649923cc92996d962dbfcede] [http-nio-8081-exec-4] c.p.u.security.CognitoService : Extracted sub from token: 04d86d8c-c061-707d-e967-411aa42e8415
2026-03-05 14:59:21 INFO  [69a91bb93301b1f7a3bd70563c2c8052] [http-nio-8081-exec-6] c.p.u.controller.AuthController : Check withdrawn request
2026-03-05 14:59:21 INFO  [69a91bb93301b1f7a3bd70563c2c8052] [http-nio-8081-exec-6] c.p.u.security.CognitoService : Extracted email from token: wlsdudgnzn@gmail.com
2026-03-05 14:59:21 INFO  [69a91bb93301b1f7a3bd70563c2c8052] [http-nio-8081-exec-6] c.p.userservice.service.AuthService : Check withdrawn for email: wlsdudgnzn@gmail.com
2026-03-05 14:59:22 INFO  [69a91bbafdc3fade31106bb639149916] [http-nio-8081-exec-7] c.p.u.controller.CategoryController : Get categories request
2026-03-05 14:59:22 INFO  [69a91bbafdc3fade31106bb639149916] [http-nio-8081-exec-7] c.p.u.service.CategoryService : Fetching categories from database
2026-03-05 14:59:39 INFO  [69a91bcb68c16855f3b6022f253cd561] [http-nio-8081-exec-9] c.p.u.controller.AuthController : Signup request: °öÃ¢Àü°ñ
2026-03-05 14:59:39 INFO  [69a91bcb68c16855f3b6022f253cd561] [http-nio-8081-exec-9] c.p.u.security.CognitoService : Local profile detected - extracting sub from idToken directly
2026-03-05 14:59:39 INFO  [69a91bcb68c16855f3b6022f253cd561] [http-nio-8081-exec-9] c.p.u.security.CognitoService : Token payload: {"at_hash":"VaQp8jmsFIHgAujtpQrOJw","sub":"04d86d8c-c061-707d-e967-411aa42e8415","cognito:groups":["ap-northeast-2_GKpckavjT_Google"],"email_verified":false,"iss":"https:\/\/cognito-idp.ap-northeast-2.amazonaws.com\/ap-northeast-2_GKpckavjT","cognito:username":"google_114412924775395995162","origin_jti":"fb5059af-6542-482b-9ac3-c94b5b5121ad","aud":"6j5ajq8p3b7d894qt5msp4hair","identities":[{"dateCreated":"1772688331246","userId":"114412924775395995162","providerName":"Google","providerType":"Google","issuer":null,"primary":"true"}],"token_use":"id","auth_time":1772690349,"exp":1772693961,"iat":1772690361,"jti":"e3f18eae-8c5b-4713-8eb3-082663b43e69","email":"wlsdudgnzn@gmail.com"}
2026-03-05 14:59:39 INFO  [69a91bcb68c16855f3b6022f253cd561] [http-nio-8081-exec-9] c.p.u.security.CognitoService : Extracted sub from token: 04d86d8c-c061-707d-e967-411aa42e8415
2026-03-05 15:00:19 INFO  [69a91bf36cc4d3a263ebb7c4bd793d3d] [http-nio-8081-exec-3] c.p.u.controller.AuthController : Login request
2026-03-05 15:00:19 INFO  [69a91bf36cc4d3a263ebb7c4bd793d3d] [http-nio-8081-exec-3] c.p.u.security.CognitoService : Local profile detected - extracting sub from idToken directly
2026-03-05 15:00:19 INFO  [69a91bf36cc4d3a263ebb7c4bd793d3d] [http-nio-8081-exec-3] c.p.u.security.CognitoService : Token payload: {"at_hash":"42QvFCDRvlQXeFZ7oBHAtw","sub":"04d86d8c-c061-707d-e967-411aa42e8415","cognito:groups":["ap-northeast-2_GKpckavjT_Google"],"email_verified":false,"iss":"https:\/\/cognito-idp.ap-northeast-2.amazonaws.com\/ap-northeast-2_GKpckavjT","cognito:username":"google_114412924775395995162","origin_jti":"45415949-f89d-42ab-9cff-1ef527aa5e35","aud":"6j5ajq8p3b7d894qt5msp4hair","identities":[{"dateCreated":"1772688331246","userId":"114412924775395995162","providerName":"Google","providerType":"Google","issuer":null,"primary":"true"}],"token_use":"id","auth_time":1772690419,"exp":1772694019,"iat":1772690419,"jti":"2f9b8b76-ba77-4974-8737-20b0bd185c5e","email":"wlsdudgnzn@gmail.com"}
2026-03-05 15:00:19 INFO  [69a91bf36cc4d3a263ebb7c4bd793d3d] [http-nio-8081-exec-3] c.p.u.security.CognitoService : Extracted sub from token: 04d86d8c-c061-707d-e967-411aa42e8415
2026-03-05 15:00:19 INFO  [69a91bf385fc2a635f42d38a3f2cb876] [http-nio-8081-exec-4] c.p.u.controller.AuthController : Check withdrawn request
2026-03-05 15:00:19 INFO  [69a91bf385fc2a635f42d38a3f2cb876] [http-nio-8081-exec-4] c.p.u.security.CognitoService : Extracted email from token: wlsdudgnzn@gmail.com
2026-03-05 15:00:19 INFO  [69a91bf385fc2a635f42d38a3f2cb876] [http-nio-8081-exec-4] c.p.userservice.service.AuthService : Check withdrawn for email: wlsdudgnzn@gmail.com
2026-03-05 15:00:19 INFO  [69a91bf32ba475c08f9a458ee5ba22c6] [http-nio-8081-exec-2] c.p.u.controller.CategoryController : Get categories request
2026-03-05 15:00:19 INFO  [69a91bf32ba475c08f9a458ee5ba22c6] [http-nio-8081-exec-2] c.p.u.service.CategoryService : Fetching categories from database
2026-03-05 15:00:35 INFO  [69a91c03859559eb974c45fd3baff3ee] [http-nio-8081-exec-7] c.p.u.controller.AuthController : Signup request: °öÃ¢Àü°ñ
2026-03-05 15:00:35 INFO  [69a91c03859559eb974c45fd3baff3ee] [http-nio-8081-exec-7] c.p.u.security.CognitoService : Local profile detected - extracting sub from idToken directly
2026-03-05 15:00:35 INFO  [69a91c03859559eb974c45fd3baff3ee] [http-nio-8081-exec-7] c.p.u.security.CognitoService : Token payload: {"at_hash":"42QvFCDRvlQXeFZ7oBHAtw","sub":"04d86d8c-c061-707d-e967-411aa42e8415","cognito:groups":["ap-northeast-2_GKpckavjT_Google"],"email_verified":false,"iss":"https:\/\/cognito-idp.ap-northeast-2.amazonaws.com\/ap-northeast-2_GKpckavjT","cognito:username":"google_114412924775395995162","origin_jti":"45415949-f89d-42ab-9cff-1ef527aa5e35","aud":"6j5ajq8p3b7d894qt5msp4hair","identities":[{"dateCreated":"1772688331246","userId":"114412924775395995162","providerName":"Google","providerType":"Google","issuer":null,"primary":"true"}],"token_use":"id","auth_time":1772690419,"exp":1772694019,"iat":1772690419,"jti":"2f9b8b76-ba77-4974-8737-20b0bd185c5e","email":"wlsdudgnzn@gmail.com"}
2026-03-05 15:00:35 INFO  [69a91c03859559eb974c45fd3baff3ee] [http-nio-8081-exec-7] c.p.u.security.CognitoService : Extracted sub from token: 04d86d8c-c061-707d-e967-411aa42e8415
2026-03-05 15:56:59 INFO  [] [background-preinit] o.h.validator.internal.util.Version : HV000001: Hibernate Validator 8.0.2.Final
2026-03-05 15:56:59 INFO  [] [main] c.p.b.PlanitBaseTemplateApplication : Starting PlanitBaseTemplateApplication using Java 17.0.18 with PID 12660 (C:\barumi\PlanIt-User-svc\build\classes\java\main started by DS23 in C:\barumi\PlanIt-User-svc)
2026-03-05 15:56:59 INFO  [] [main] c.p.b.PlanitBaseTemplateApplication : No active profile set, falling back to 1 default profile: "default"
2026-03-05 15:57:00 INFO  [] [main] o.s.d.r.c.RepositoryConfigurationDelegate : Multiple Spring Data modules found, entering strict repository configuration mode
2026-03-05 15:57:00 INFO  [] [main] o.s.d.r.c.RepositoryConfigurationDelegate : Bootstrapping Spring Data JPA repositories in DEFAULT mode.
2026-03-05 15:57:00 INFO  [] [main] o.s.d.r.c.RepositoryConfigurationDelegate : Finished Spring Data repository scanning in 160 ms. Found 6 JPA repository interfaces.
2026-03-05 15:57:01 INFO  [] [main] o.s.d.r.c.RepositoryConfigurationDelegate : Multiple Spring Data modules found, entering strict repository configuration mode
2026-03-05 15:57:01 INFO  [] [main] o.s.d.r.c.RepositoryConfigurationDelegate : Bootstrapping Spring Data Redis repositories in DEFAULT mode.
2026-03-05 15:57:01 INFO  [] [main] o.s.d.r.c.RepositoryConfigurationDelegate : Finished Spring Data repository scanning in 2 ms. Found 0 Redis repository interfaces.
2026-03-05 15:57:02 INFO  [] [main] o.s.b.w.e.tomcat.TomcatWebServer : Tomcat initialized with port 8081 (http)
2026-03-05 15:57:02 INFO  [] [main] o.a.coyote.http11.Http11NioProtocol : Initializing ProtocolHandler ["http-nio-8081"]
2026-03-05 15:57:02 INFO  [] [main] o.a.catalina.core.StandardService : Starting service [Tomcat]
2026-03-05 15:57:02 INFO  [] [main] o.a.catalina.core.StandardEngine : Starting Servlet engine: [Apache Tomcat/10.1.36]
2026-03-05 15:57:03 INFO  [] [main] o.a.c.c.C.[Tomcat].[localhost].[/] : Initializing Spring embedded WebApplicationContext
2026-03-05 15:57:03 INFO  [] [main] o.s.b.w.s.c.ServletWebServerApplicationContext : Root WebApplicationContext: initialization completed in 3581 ms
2026-03-05 15:57:04 INFO  [] [main] o.h.jpa.internal.util.LogHelper : HHH000204: Processing PersistenceUnitInfo [name: default]
2026-03-05 15:57:04 INFO  [] [main] org.hibernate.Version : HHH000412: Hibernate ORM core version 6.6.8.Final
2026-03-05 15:57:04 INFO  [] [main] o.h.c.i.RegionFactoryInitiator : HHH000026: Second-level cache disabled
2026-03-05 15:57:05 INFO  [] [main] o.s.o.j.p.SpringPersistenceUnitInfo : No LoadTimeWeaver setup: ignoring JPA class transformer
2026-03-05 15:57:05 INFO  [] [main] com.zaxxer.hikari.HikariDataSource : HikariPool-1 - Starting...
2026-03-05 15:57:05 INFO  [] [main] com.zaxxer.hikari.pool.HikariPool : HikariPool-1 - Added connection org.mariadb.jdbc.Connection@6a9ac8b
2026-03-05 15:57:05 INFO  [] [main] com.zaxxer.hikari.HikariDataSource : HikariPool-1 - Start completed.
2026-03-05 15:57:05 INFO  [] [main] o.hibernate.orm.connections.pooling : HHH10001005: Database info:
	Database JDBC URL [Connecting through datasource 'HikariDataSource (HikariPool-1)']
	Database driver: undefined/unknown
	Database version: 11.8.3
	Autocommit mode: undefined/unknown
	Isolation level: undefined/unknown
	Minimum pool size: undefined/unknown
	Maximum pool size: undefined/unknown
2026-03-05 15:57:07 INFO  [] [main] o.h.e.t.j.p.i.JtaPlatformInitiator : HHH000489: No JTA platform available (set 'hibernate.transaction.jta.platform' to enable JTA platform integration)
2026-03-05 15:57:07 INFO  [] [main] o.s.o.j.LocalContainerEntityManagerFactoryBean : Initialized JPA EntityManagerFactory for persistence unit 'default'
2026-03-05 15:57:08 INFO  [] [main] o.s.d.j.r.query.QueryEnhancerFactory : Hibernate is in classpath; If applicable, HQL parser will be used.
2026-03-05 15:57:12 WARN  [] [main] o.s.b.a.o.j.JpaBaseConfiguration$JpaWebConfiguration : spring.jpa.open-in-view is enabled by default. Therefore, database queries may be performed during view rendering. Explicitly configure spring.jpa.open-in-view to disable this warning
2026-03-05 15:57:12 WARN  [] [main] o.s.b.a.s.s.UserDetailsServiceAutoConfiguration : 

Using generated security password: c173284f-216c-444e-a5f8-34b614801a4d

This generated password is for development use only. Your security configuration must be updated before running your application in production.

2026-03-05 15:57:12 INFO  [] [main] o.s.s.c.a.a.c.InitializeUserDetailsBeanManagerConfigurer$InitializeUserDetailsManagerConfigurer : Global AuthenticationManager configured with UserDetailsService bean with name inMemoryUserDetailsManager
2026-03-05 15:57:13 INFO  [] [main] n.d.b.g.c.a.GrpcClientAutoConfiguration : Detected grpc-netty-shaded: Creating ShadedNettyChannelFactory + InProcessChannelFactory
2026-03-05 15:57:14 INFO  [] [main] o.s.b.a.e.web.EndpointLinksResolver : Exposing 2 endpoints beneath base path '/api/v1/users/actuator'
2026-03-05 15:57:14 INFO  [] [main] n.d.b.g.s.a.GrpcServerFactoryAutoConfiguration : Detected grpc-netty-shaded: Creating ShadedNettyGrpcServerFactory
2026-03-05 15:57:15 INFO  [] [main] o.a.coyote.http11.Http11NioProtocol : Starting ProtocolHandler ["http-nio-8081"]
2026-03-05 15:57:15 INFO  [] [main] o.s.b.w.e.tomcat.TomcatWebServer : Tomcat started on port 8081 (http) with context path '/'
2026-03-05 15:57:15 INFO  [] [http-nio-8081-exec-1] o.a.c.c.C.[Tomcat].[localhost].[/] : Initializing Spring DispatcherServlet 'dispatcherServlet'
2026-03-05 15:57:15 INFO  [] [http-nio-8081-exec-1] o.s.web.servlet.DispatcherServlet : Initializing Servlet 'dispatcherServlet'
2026-03-05 15:57:15 INFO  [] [http-nio-8081-exec-1] o.s.web.servlet.DispatcherServlet : Completed initialization in 2 ms
2026-03-05 15:57:15 INFO  [] [main] n.d.b.g.s.s.AbstractGrpcServerFactory : Registered gRPC service: BaseTestGrpcService, bean: baseGrpcController, class: com.planit.basetemplate.grpc.BaseGrpcController
2026-03-05 15:57:15 INFO  [] [main] n.d.b.g.s.s.AbstractGrpcServerFactory : Registered gRPC service: grpc.health.v1.Health, bean: grpcHealthService, class: io.grpc.protobuf.services.HealthServiceImpl
2026-03-05 15:57:15 INFO  [] [main] n.d.b.g.s.s.AbstractGrpcServerFactory : Registered gRPC service: grpc.reflection.v1alpha.ServerReflection, bean: protoReflectionService, class: io.grpc.protobuf.services.ProtoReflectionService
2026-03-05 15:57:15 INFO  [69a9294b0de4ca81ddf1b2ffcaeb76bc] [http-nio-8081-exec-1] c.p.u.controller.CategoryController : Get categories request
2026-03-05 15:57:15 INFO  [69a9294b0de4ca81ddf1b2ffcaeb76bc] [http-nio-8081-exec-1] c.p.u.service.CategoryService : Fetching categories from database
2026-03-05 15:57:16 INFO  [] [main] n.d.b.g.s.s.GrpcServerLifecycle : gRPC Server started, listening on address: *, port: 9090
2026-03-05 15:57:16 INFO  [] [main] c.p.b.PlanitBaseTemplateApplication : Started PlanitBaseTemplateApplication in 17.289 seconds (process running for 17.761)
2026-03-05 15:58:02 INFO  [69a9297ab01ee83227f3f2f477fb7470] [http-nio-8081-exec-2] c.p.u.controller.AuthController : Login request
2026-03-05 15:58:02 INFO  [69a9297ab01ee83227f3f2f477fb7470] [http-nio-8081-exec-2] c.p.u.security.CognitoService : Local profile detected - extracting sub from idToken directly
2026-03-05 15:58:02 INFO  [69a9297ab01ee83227f3f2f477fb7470] [http-nio-8081-exec-2] c.p.u.security.CognitoService : Token payload: {"at_hash":"ITcoEnvmjS_od9259xJTHg","sub":"04d86d8c-c061-707d-e967-411aa42e8415","cognito:groups":["ap-northeast-2_GKpckavjT_Google"],"email_verified":false,"iss":"https:\/\/cognito-idp.ap-northeast-2.amazonaws.com\/ap-northeast-2_GKpckavjT","cognito:username":"google_114412924775395995162","origin_jti":"ff46117d-82d0-4e44-b35e-ea3bb095e730","aud":"6j5ajq8p3b7d894qt5msp4hair","identities":[{"dateCreated":"1772688331246","userId":"114412924775395995162","providerName":"Google","providerType":"Google","issuer":null,"primary":"true"}],"token_use":"id","auth_time":1772693871,"exp":1772697482,"iat":1772693882,"jti":"28262ae3-f612-41aa-ae3b-37c5b17a74b6","email":"wlsdudgnzn@gmail.com"}
2026-03-05 15:58:02 INFO  [69a9297ab01ee83227f3f2f477fb7470] [http-nio-8081-exec-2] c.p.u.security.CognitoService : Extracted sub from token: 04d86d8c-c061-707d-e967-411aa42e8415
2026-03-05 15:58:02 INFO  [69a9297a61e2a7f104390da1a9c0b1bc] [http-nio-8081-exec-5] c.p.u.controller.AuthController : Check withdrawn request
2026-03-05 15:58:02 INFO  [69a9297a61e2a7f104390da1a9c0b1bc] [http-nio-8081-exec-5] c.p.u.security.CognitoService : Extracted email from token: wlsdudgnzn@gmail.com
2026-03-05 15:58:02 INFO  [69a9297a61e2a7f104390da1a9c0b1bc] [http-nio-8081-exec-5] c.p.userservice.service.AuthService : Check withdrawn for email: wlsdudgnzn@gmail.com
2026-03-05 15:58:03 INFO  [69a9297b1690c857f91f1fb81cea6e89] [http-nio-8081-exec-6] c.p.u.controller.CategoryController : Get categories request
2026-03-05 15:58:03 INFO  [69a9297b1690c857f91f1fb81cea6e89] [http-nio-8081-exec-6] c.p.u.service.CategoryService : Fetching categories from database
2026-03-05 15:58:20 INFO  [69a9298c4429a1c0202bc5fd0c60bc85] [http-nio-8081-exec-10] c.p.u.controller.CategoryController : Get categories request
2026-03-05 15:58:20 INFO  [69a9298c4429a1c0202bc5fd0c60bc85] [http-nio-8081-exec-10] c.p.u.service.CategoryService : Fetching categories from database
2026-03-05 15:58:34 INFO  [69a9299aeebece80ae4653420e42779d] [http-nio-8081-exec-3] c.p.u.controller.AuthController : Login request
2026-03-05 15:58:34 INFO  [69a9299aeebece80ae4653420e42779d] [http-nio-8081-exec-3] c.p.u.security.CognitoService : Local profile detected - extracting sub from idToken directly
2026-03-05 15:58:34 INFO  [69a9299aeebece80ae4653420e42779d] [http-nio-8081-exec-3] c.p.u.security.CognitoService : Token payload: {"at_hash":"K5gpRCue-UUQLftn8QUHUA","sub":"04d86d8c-c061-707d-e967-411aa42e8415","cognito:groups":["ap-northeast-2_GKpckavjT_Google"],"email_verified":false,"iss":"https:\/\/cognito-idp.ap-northeast-2.amazonaws.com\/ap-northeast-2_GKpckavjT","cognito:username":"google_114412924775395995162","origin_jti":"c72e9ae6-add6-4037-9e90-e0e65186804c","aud":"6j5ajq8p3b7d894qt5msp4hair","identities":[{"dateCreated":"1772688331246","userId":"114412924775395995162","providerName":"Google","providerType":"Google","issuer":null,"primary":"true"}],"token_use":"id","auth_time":1772693904,"exp":1772697514,"iat":1772693914,"jti":"a597d48e-2df2-4fd1-80ad-cf73f60efba6","email":"wlsdudgnzn@gmail.com"}
2026-03-05 15:58:34 INFO  [69a9299aeebece80ae4653420e42779d] [http-nio-8081-exec-3] c.p.u.security.CognitoService : Extracted sub from token: 04d86d8c-c061-707d-e967-411aa42e8415
2026-03-05 15:58:34 INFO  [69a9299a759ec74de5ef66b9cd3b0e9a] [http-nio-8081-exec-4] c.p.u.controller.AuthController : Check withdrawn request
2026-03-05 15:58:34 INFO  [69a9299a759ec74de5ef66b9cd3b0e9a] [http-nio-8081-exec-4] c.p.u.security.CognitoService : Extracted email from token: wlsdudgnzn@gmail.com
2026-03-05 15:58:34 INFO  [69a9299a759ec74de5ef66b9cd3b0e9a] [http-nio-8081-exec-4] c.p.userservice.service.AuthService : Check withdrawn for email: wlsdudgnzn@gmail.com
2026-03-05 15:58:34 INFO  [69a9299af3eaa1dfc3d0f1004bc1483d] [http-nio-8081-exec-5] c.p.u.controller.CategoryController : Get categories request
2026-03-05 15:58:34 INFO  [69a9299af3eaa1dfc3d0f1004bc1483d] [http-nio-8081-exec-5] c.p.u.service.CategoryService : Fetching categories from database
2026-03-05 16:15:53 INFO  [] [background-preinit] o.h.validator.internal.util.Version : HV000001: Hibernate Validator 8.0.2.Final
2026-03-05 16:15:53 INFO  [] [main] c.p.b.PlanitBaseTemplateApplication : Starting PlanitBaseTemplateApplication using Java 17.0.18 with PID 28872 (C:\barumi\PlanIt-User-svc\build\classes\java\main started by DS23 in C:\barumi\PlanIt-User-svc)
2026-03-05 16:15:53 INFO  [] [main] c.p.b.PlanitBaseTemplateApplication : No active profile set, falling back to 1 default profile: "default"
2026-03-05 16:15:54 INFO  [] [main] o.s.d.r.c.RepositoryConfigurationDelegate : Multiple Spring Data modules found, entering strict repository configuration mode
2026-03-05 16:15:54 INFO  [] [main] o.s.d.r.c.RepositoryConfigurationDelegate : Bootstrapping Spring Data JPA repositories in DEFAULT mode.
2026-03-05 16:15:54 INFO  [] [main] o.s.d.r.c.RepositoryConfigurationDelegate : Finished Spring Data repository scanning in 179 ms. Found 6 JPA repository interfaces.
2026-03-05 16:15:55 INFO  [] [main] o.s.d.r.c.RepositoryConfigurationDelegate : Multiple Spring Data modules found, entering strict repository configuration mode
2026-03-05 16:15:55 INFO  [] [main] o.s.d.r.c.RepositoryConfigurationDelegate : Bootstrapping Spring Data Redis repositories in DEFAULT mode.
2026-03-05 16:15:55 INFO  [] [main] o.s.d.r.c.RepositoryConfigurationDelegate : Finished Spring Data repository scanning in 5 ms. Found 0 Redis repository interfaces.
2026-03-05 16:15:57 INFO  [] [main] o.s.b.w.e.tomcat.TomcatWebServer : Tomcat initialized with port 8081 (http)
2026-03-05 16:15:57 INFO  [] [main] o.a.coyote.http11.Http11NioProtocol : Initializing ProtocolHandler ["http-nio-8081"]
2026-03-05 16:15:57 INFO  [] [main] o.a.catalina.core.StandardService : Starting service [Tomcat]
2026-03-05 16:15:57 INFO  [] [main] o.a.catalina.core.StandardEngine : Starting Servlet engine: [Apache Tomcat/10.1.36]
2026-03-05 16:15:57 INFO  [] [main] o.a.c.c.C.[Tomcat].[localhost].[/] : Initializing Spring embedded WebApplicationContext
2026-03-05 16:15:57 INFO  [] [main] o.s.b.w.s.c.ServletWebServerApplicationContext : Root WebApplicationContext: initialization completed in 4681 ms
2026-03-05 16:15:58 INFO  [] [main] o.h.jpa.internal.util.LogHelper : HHH000204: Processing PersistenceUnitInfo [name: default]
2026-03-05 16:15:58 INFO  [] [main] org.hibernate.Version : HHH000412: Hibernate ORM core version 6.6.8.Final
2026-03-05 16:15:58 INFO  [] [main] o.h.c.i.RegionFactoryInitiator : HHH000026: Second-level cache disabled
2026-03-05 16:15:59 INFO  [] [main] o.s.o.j.p.SpringPersistenceUnitInfo : No LoadTimeWeaver setup: ignoring JPA class transformer
2026-03-05 16:15:59 INFO  [] [main] com.zaxxer.hikari.HikariDataSource : HikariPool-1 - Starting...
2026-03-05 16:15:59 INFO  [] [main] com.zaxxer.hikari.pool.HikariPool : HikariPool-1 - Added connection org.mariadb.jdbc.Connection@40f15786
2026-03-05 16:15:59 INFO  [] [main] com.zaxxer.hikari.HikariDataSource : HikariPool-1 - Start completed.
2026-03-05 16:15:59 INFO  [] [main] o.hibernate.orm.connections.pooling : HHH10001005: Database info:
	Database JDBC URL [Connecting through datasource 'HikariDataSource (HikariPool-1)']
	Database driver: undefined/unknown
	Database version: 11.8.3
	Autocommit mode: undefined/unknown
	Isolation level: undefined/unknown
	Minimum pool size: undefined/unknown
	Maximum pool size: undefined/unknown
2026-03-05 16:16:00 INFO  [] [main] o.h.e.t.j.p.i.JtaPlatformInitiator : HHH000489: No JTA platform available (set 'hibernate.transaction.jta.platform' to enable JTA platform integration)
2026-03-05 16:16:00 INFO  [] [main] o.s.o.j.LocalContainerEntityManagerFactoryBean : Initialized JPA EntityManagerFactory for persistence unit 'default'
2026-03-05 16:16:01 INFO  [] [main] o.s.d.j.r.query.QueryEnhancerFactory : Hibernate is in classpath; If applicable, HQL parser will be used.
2026-03-05 16:16:08 WARN  [] [main] o.s.b.a.o.j.JpaBaseConfiguration$JpaWebConfiguration : spring.jpa.open-in-view is enabled by default. Therefore, database queries may be performed during view rendering. Explicitly configure spring.jpa.open-in-view to disable this warning
2026-03-05 16:16:08 WARN  [] [main] o.s.b.a.s.s.UserDetailsServiceAutoConfiguration : 

Using generated security password: 840b63da-ba48-4da2-b1d5-829d7ae226a1

This generated password is for development use only. Your security configuration must be updated before running your application in production.

2026-03-05 16:16:08 INFO  [] [main] o.s.s.c.a.a.c.InitializeUserDetailsBeanManagerConfigurer$InitializeUserDetailsManagerConfigurer : Global AuthenticationManager configured with UserDetailsService bean with name inMemoryUserDetailsManager
2026-03-05 16:16:09 INFO  [] [main] n.d.b.g.c.a.GrpcClientAutoConfiguration : Detected grpc-netty-shaded: Creating ShadedNettyChannelFactory + InProcessChannelFactory
2026-03-05 16:16:10 INFO  [] [main] o.s.b.a.e.web.EndpointLinksResolver : Exposing 2 endpoints beneath base path '/api/v1/users/actuator'
2026-03-05 16:16:11 INFO  [] [main] n.d.b.g.s.a.GrpcServerFactoryAutoConfiguration : Detected grpc-netty-shaded: Creating ShadedNettyGrpcServerFactory
2026-03-05 16:16:13 INFO  [] [main] o.a.coyote.http11.Http11NioProtocol : Starting ProtocolHandler ["http-nio-8081"]
2026-03-05 16:16:13 INFO  [] [main] o.s.b.w.e.tomcat.TomcatWebServer : Tomcat started on port 8081 (http) with context path '/'
2026-03-05 16:16:13 INFO  [] [main] n.d.b.g.s.s.AbstractGrpcServerFactory : Registered gRPC service: BaseTestGrpcService, bean: baseGrpcController, class: com.planit.basetemplate.grpc.BaseGrpcController
2026-03-05 16:16:13 INFO  [] [main] n.d.b.g.s.s.AbstractGrpcServerFactory : Registered gRPC service: grpc.health.v1.Health, bean: grpcHealthService, class: io.grpc.protobuf.services.HealthServiceImpl
2026-03-05 16:16:13 INFO  [] [main] n.d.b.g.s.s.AbstractGrpcServerFactory : Registered gRPC service: grpc.reflection.v1alpha.ServerReflection, bean: protoReflectionService, class: io.grpc.protobuf.services.ProtoReflectionService
2026-03-05 16:16:14 INFO  [] [main] n.d.b.g.s.s.GrpcServerLifecycle : gRPC Server started, listening on address: *, port: 9090
2026-03-05 16:16:14 INFO  [] [main] c.p.b.PlanitBaseTemplateApplication : Started PlanitBaseTemplateApplication in 22.451 seconds (process running for 23.353)
2026-03-05 16:19:50 INFO  [] [background-preinit] o.h.validator.internal.util.Version : HV000001: Hibernate Validator 8.0.2.Final
2026-03-05 16:19:50 INFO  [] [main] c.p.b.PlanitBaseTemplateApplication : Starting PlanitBaseTemplateApplication using Java 17.0.18 with PID 23292 (C:\barumi\PlanIt-User-svc\build\classes\java\main started by DS23 in C:\barumi\PlanIt-User-svc)
2026-03-05 16:19:50 INFO  [] [main] c.p.b.PlanitBaseTemplateApplication : No active profile set, falling back to 1 default profile: "default"
2026-03-05 16:19:51 INFO  [] [main] o.s.d.r.c.RepositoryConfigurationDelegate : Multiple Spring Data modules found, entering strict repository configuration mode
2026-03-05 16:19:51 INFO  [] [main] o.s.d.r.c.RepositoryConfigurationDelegate : Bootstrapping Spring Data JPA repositories in DEFAULT mode.
2026-03-05 16:19:51 INFO  [] [main] o.s.d.r.c.RepositoryConfigurationDelegate : Finished Spring Data repository scanning in 185 ms. Found 6 JPA repository interfaces.
2026-03-05 16:19:52 INFO  [] [main] o.s.d.r.c.RepositoryConfigurationDelegate : Multiple Spring Data modules found, entering strict repository configuration mode
2026-03-05 16:19:52 INFO  [] [main] o.s.d.r.c.RepositoryConfigurationDelegate : Bootstrapping Spring Data Redis repositories in DEFAULT mode.
2026-03-05 16:19:52 INFO  [] [main] o.s.d.r.c.RepositoryConfigurationDelegate : Finished Spring Data repository scanning in 9 ms. Found 0 Redis repository interfaces.
2026-03-05 16:19:54 INFO  [] [main] o.s.b.w.e.tomcat.TomcatWebServer : Tomcat initialized with port 8081 (http)
2026-03-05 16:19:54 INFO  [] [main] o.a.coyote.http11.Http11NioProtocol : Initializing ProtocolHandler ["http-nio-8081"]
2026-03-05 16:19:54 INFO  [] [main] o.a.catalina.core.StandardService : Starting service [Tomcat]
2026-03-05 16:19:54 INFO  [] [main] o.a.catalina.core.StandardEngine : Starting Servlet engine: [Apache Tomcat/10.1.36]
2026-03-05 16:19:55 INFO  [] [main] o.a.c.c.C.[Tomcat].[localhost].[/] : Initializing Spring embedded WebApplicationContext
2026-03-05 16:19:55 INFO  [] [main] o.s.b.w.s.c.ServletWebServerApplicationContext : Root WebApplicationContext: initialization completed in 4742 ms
2026-03-05 16:19:56 INFO  [] [main] o.h.jpa.internal.util.LogHelper : HHH000204: Processing PersistenceUnitInfo [name: default]
2026-03-05 16:19:56 INFO  [] [main] org.hibernate.Version : HHH000412: Hibernate ORM core version 6.6.8.Final
2026-03-05 16:19:56 INFO  [] [main] o.h.c.i.RegionFactoryInitiator : HHH000026: Second-level cache disabled
2026-03-05 16:19:57 INFO  [] [main] o.s.o.j.p.SpringPersistenceUnitInfo : No LoadTimeWeaver setup: ignoring JPA class transformer
2026-03-05 16:19:57 INFO  [] [main] com.zaxxer.hikari.HikariDataSource : HikariPool-1 - Starting...
2026-03-05 16:19:57 INFO  [] [main] com.zaxxer.hikari.pool.HikariPool : HikariPool-1 - Added connection org.mariadb.jdbc.Connection@247a8411
2026-03-05 16:19:57 INFO  [] [main] com.zaxxer.hikari.HikariDataSource : HikariPool-1 - Start completed.
2026-03-05 16:19:57 INFO  [] [main] o.hibernate.orm.connections.pooling : HHH10001005: Database info:
	Database JDBC URL [Connecting through datasource 'HikariDataSource (HikariPool-1)']
	Database driver: undefined/unknown
	Database version: 11.8.3
	Autocommit mode: undefined/unknown
	Isolation level: undefined/unknown
	Minimum pool size: undefined/unknown
	Maximum pool size: undefined/unknown
2026-03-05 16:20:00 INFO  [] [main] o.h.e.t.j.p.i.JtaPlatformInitiator : HHH000489: No JTA platform available (set 'hibernate.transaction.jta.platform' to enable JTA platform integration)
2026-03-05 16:20:01 INFO  [] [main] o.s.o.j.LocalContainerEntityManagerFactoryBean : Initialized JPA EntityManagerFactory for persistence unit 'default'
2026-03-05 16:20:01 INFO  [] [main] o.s.d.j.r.query.QueryEnhancerFactory : Hibernate is in classpath; If applicable, HQL parser will be used.
2026-03-05 16:20:07 WARN  [] [main] o.s.b.a.o.j.JpaBaseConfiguration$JpaWebConfiguration : spring.jpa.open-in-view is enabled by default. Therefore, database queries may be performed during view rendering. Explicitly configure spring.jpa.open-in-view to disable this warning
2026-03-05 16:20:07 WARN  [] [main] o.s.b.a.s.s.UserDetailsServiceAutoConfiguration : 

Using generated security password: 78738154-774c-4d53-94e9-63be1dd1933b

This generated password is for development use only. Your security configuration must be updated before running your application in production.

2026-03-05 16:20:07 INFO  [] [main] o.s.s.c.a.a.c.InitializeUserDetailsBeanManagerConfigurer$InitializeUserDetailsManagerConfigurer : Global AuthenticationManager configured with UserDetailsService bean with name inMemoryUserDetailsManager
2026-03-05 16:20:08 INFO  [] [main] n.d.b.g.c.a.GrpcClientAutoConfiguration : Detected grpc-netty-shaded: Creating ShadedNettyChannelFactory + InProcessChannelFactory
2026-03-05 16:20:09 INFO  [] [main] o.s.b.a.e.web.EndpointLinksResolver : Exposing 2 endpoints beneath base path '/api/v1/users/actuator'
2026-03-05 16:20:10 INFO  [] [main] n.d.b.g.s.a.GrpcServerFactoryAutoConfiguration : Detected grpc-netty-shaded: Creating ShadedNettyGrpcServerFactory
2026-03-05 16:20:11 INFO  [] [main] o.a.coyote.http11.Http11NioProtocol : Starting ProtocolHandler ["http-nio-8081"]
2026-03-05 16:20:11 INFO  [] [main] o.s.b.w.e.tomcat.TomcatWebServer : Tomcat started on port 8081 (http) with context path '/'
2026-03-05 16:20:11 INFO  [] [main] n.d.b.g.s.s.AbstractGrpcServerFactory : Registered gRPC service: BaseTestGrpcService, bean: baseGrpcController, class: com.planit.basetemplate.grpc.BaseGrpcController
2026-03-05 16:20:11 INFO  [] [main] n.d.b.g.s.s.AbstractGrpcServerFactory : Registered gRPC service: grpc.health.v1.Health, bean: grpcHealthService, class: io.grpc.protobuf.services.HealthServiceImpl
2026-03-05 16:20:11 INFO  [] [main] n.d.b.g.s.s.AbstractGrpcServerFactory : Registered gRPC service: grpc.reflection.v1alpha.ServerReflection, bean: protoReflectionService, class: io.grpc.protobuf.services.ProtoReflectionService
2026-03-05 16:20:12 INFO  [] [main] n.d.b.g.s.s.GrpcServerLifecycle : gRPC Server started, listening on address: *, port: 9090
2026-03-05 16:20:12 INFO  [] [main] c.p.b.PlanitBaseTemplateApplication : Started PlanitBaseTemplateApplication in 22.781 seconds (process running for 23.304)
2026-03-05 16:36:58 INFO  [] [background-preinit] o.h.validator.internal.util.Version : HV000001: Hibernate Validator 8.0.2.Final
2026-03-05 16:36:58 INFO  [] [main] c.p.b.PlanitBaseTemplateApplication : Starting PlanitBaseTemplateApplication using Java 17.0.18 with PID 23276 (C:\barumi\PlanIt-User-svc\build\classes\java\main started by DS23 in C:\barumi\PlanIt-User-svc)
2026-03-05 16:36:58 INFO  [] [main] c.p.b.PlanitBaseTemplateApplication : No active profile set, falling back to 1 default profile: "default"
2026-03-05 16:36:59 INFO  [] [main] o.s.d.r.c.RepositoryConfigurationDelegate : Multiple Spring Data modules found, entering strict repository configuration mode
2026-03-05 16:36:59 INFO  [] [main] o.s.d.r.c.RepositoryConfigurationDelegate : Bootstrapping Spring Data JPA repositories in DEFAULT mode.
2026-03-05 16:36:59 INFO  [] [main] o.s.d.r.c.RepositoryConfigurationDelegate : Finished Spring Data repository scanning in 200 ms. Found 6 JPA repository interfaces.
2026-03-05 16:37:00 INFO  [] [main] o.s.d.r.c.RepositoryConfigurationDelegate : Multiple Spring Data modules found, entering strict repository configuration mode
2026-03-05 16:37:00 INFO  [] [main] o.s.d.r.c.RepositoryConfigurationDelegate : Bootstrapping Spring Data Redis repositories in DEFAULT mode.
2026-03-05 16:37:00 INFO  [] [main] o.s.d.r.c.RepositoryConfigurationDelegate : Finished Spring Data repository scanning in 7 ms. Found 0 Redis repository interfaces.
2026-03-05 16:37:01 INFO  [] [main] o.s.b.w.e.tomcat.TomcatWebServer : Tomcat initialized with port 8081 (http)
2026-03-05 16:37:01 INFO  [] [main] o.a.coyote.http11.Http11NioProtocol : Initializing ProtocolHandler ["http-nio-8081"]
2026-03-05 16:37:01 INFO  [] [main] o.a.catalina.core.StandardService : Starting service [Tomcat]
2026-03-05 16:37:01 INFO  [] [main] o.a.catalina.core.StandardEngine : Starting Servlet engine: [Apache Tomcat/10.1.36]
2026-03-05 16:37:01 INFO  [] [main] o.a.c.c.C.[Tomcat].[localhost].[/] : Initializing Spring embedded WebApplicationContext
2026-03-05 16:37:01 INFO  [] [main] o.s.b.w.s.c.ServletWebServerApplicationContext : Root WebApplicationContext: initialization completed in 3488 ms
2026-03-05 16:37:02 INFO  [] [main] o.h.jpa.internal.util.LogHelper : HHH000204: Processing PersistenceUnitInfo [name: default]
2026-03-05 16:37:02 INFO  [] [main] org.hibernate.Version : HHH000412: Hibernate ORM core version 6.6.8.Final
2026-03-05 16:37:02 INFO  [] [main] o.h.c.i.RegionFactoryInitiator : HHH000026: Second-level cache disabled
2026-03-05 16:37:03 INFO  [] [main] o.s.o.j.p.SpringPersistenceUnitInfo : No LoadTimeWeaver setup: ignoring JPA class transformer
2026-03-05 16:37:03 INFO  [] [main] com.zaxxer.hikari.HikariDataSource : HikariPool-1 - Starting...
2026-03-05 16:37:03 INFO  [] [main] com.zaxxer.hikari.pool.HikariPool : HikariPool-1 - Added connection org.mariadb.jdbc.Connection@247a8411
2026-03-05 16:37:03 INFO  [] [main] com.zaxxer.hikari.HikariDataSource : HikariPool-1 - Start completed.
2026-03-05 16:37:03 INFO  [] [main] o.hibernate.orm.connections.pooling : HHH10001005: Database info:
	Database JDBC URL [Connecting through datasource 'HikariDataSource (HikariPool-1)']
	Database driver: undefined/unknown
	Database version: 11.8.3
	Autocommit mode: undefined/unknown
	Isolation level: undefined/unknown
	Minimum pool size: undefined/unknown
	Maximum pool size: undefined/unknown
2026-03-05 16:37:04 INFO  [] [main] o.h.e.t.j.p.i.JtaPlatformInitiator : HHH000489: No JTA platform available (set 'hibernate.transaction.jta.platform' to enable JTA platform integration)
2026-03-05 16:37:04 INFO  [] [main] o.s.o.j.LocalContainerEntityManagerFactoryBean : Initialized JPA EntityManagerFactory for persistence unit 'default'
2026-03-05 16:37:05 INFO  [] [main] o.s.d.j.r.query.QueryEnhancerFactory : Hibernate is in classpath; If applicable, HQL parser will be used.
2026-03-05 16:37:07 WARN  [] [main] o.s.b.a.o.j.JpaBaseConfiguration$JpaWebConfiguration : spring.jpa.open-in-view is enabled by default. Therefore, database queries may be performed during view rendering. Explicitly configure spring.jpa.open-in-view to disable this warning
2026-03-05 16:37:07 WARN  [] [main] o.s.b.a.s.s.UserDetailsServiceAutoConfiguration : 

Using generated security password: 732dd42c-0a1e-49ff-9e32-b4069d205cb6

This generated password is for development use only. Your security configuration must be updated before running your application in production.

2026-03-05 16:37:07 INFO  [] [main] o.s.s.c.a.a.c.InitializeUserDetailsBeanManagerConfigurer$InitializeUserDetailsManagerConfigurer : Global AuthenticationManager configured with UserDetailsService bean with name inMemoryUserDetailsManager
2026-03-05 16:37:08 INFO  [] [main] n.d.b.g.c.a.GrpcClientAutoConfiguration : Detected grpc-netty-shaded: Creating ShadedNettyChannelFactory + InProcessChannelFactory
2026-03-05 16:37:08 INFO  [] [main] o.s.b.a.e.web.EndpointLinksResolver : Exposing 2 endpoints beneath base path '/api/v1/users/actuator'
2026-03-05 16:37:08 INFO  [] [main] n.d.b.g.s.a.GrpcServerFactoryAutoConfiguration : Detected grpc-netty-shaded: Creating ShadedNettyGrpcServerFactory
2026-03-05 16:37:09 INFO  [] [main] o.a.coyote.http11.Http11NioProtocol : Starting ProtocolHandler ["http-nio-8081"]
2026-03-05 16:37:09 INFO  [] [main] o.s.b.w.e.tomcat.TomcatWebServer : Tomcat started on port 8081 (http) with context path '/'
2026-03-05 16:37:09 INFO  [] [http-nio-8081-exec-1] o.a.c.c.C.[Tomcat].[localhost].[/] : Initializing Spring DispatcherServlet 'dispatcherServlet'
2026-03-05 16:37:09 INFO  [] [http-nio-8081-exec-1] o.s.web.servlet.DispatcherServlet : Initializing Servlet 'dispatcherServlet'
2026-03-05 16:37:09 INFO  [] [http-nio-8081-exec-1] o.s.web.servlet.DispatcherServlet : Completed initialization in 2 ms
2026-03-05 16:37:09 INFO  [] [main] n.d.b.g.s.s.AbstractGrpcServerFactory : Registered gRPC service: BaseTestGrpcService, bean: baseGrpcController, class: com.planit.basetemplate.grpc.BaseGrpcController
2026-03-05 16:37:09 INFO  [] [main] n.d.b.g.s.s.AbstractGrpcServerFactory : Registered gRPC service: grpc.health.v1.Health, bean: grpcHealthService, class: io.grpc.protobuf.services.HealthServiceImpl
2026-03-05 16:37:09 INFO  [] [main] n.d.b.g.s.s.AbstractGrpcServerFactory : Registered gRPC service: grpc.reflection.v1alpha.ServerReflection, bean: protoReflectionService, class: io.grpc.protobuf.services.ProtoReflectionService
2026-03-05 16:37:09 INFO  [69a932a5168e7ab064cdb88d906246dd] [http-nio-8081-exec-1] c.p.u.controller.CategoryController : Get categories request
2026-03-05 16:37:09 INFO  [69a932a5168e7ab064cdb88d906246dd] [http-nio-8081-exec-1] c.p.u.service.CategoryService : Fetching categories from database
2026-03-05 16:37:09 INFO  [] [main] n.d.b.g.s.s.GrpcServerLifecycle : gRPC Server started, listening on address: *, port: 9090
2026-03-05 16:37:09 INFO  [] [main] c.p.b.PlanitBaseTemplateApplication : Started PlanitBaseTemplateApplication in 12.338 seconds (process running for 13.087)
2026-03-05 16:37:25 INFO  [69a932b5fa4a6d66810fcc6f463d070d] [http-nio-8081-exec-3] c.p.u.controller.CategoryController : Get categories request
2026-03-05 16:37:25 INFO  [69a932b5fa4a6d66810fcc6f463d070d] [http-nio-8081-exec-3] c.p.u.service.CategoryService : Fetching categories from database
2026-03-05 16:38:36 INFO  [69a932fce05683d84dd9e5fcd02b7a15] [http-nio-8081-exec-4] c.p.u.controller.AuthController : Login request
2026-03-05 16:38:36 INFO  [69a932fce05683d84dd9e5fcd02b7a15] [http-nio-8081-exec-4] c.p.u.security.CognitoService : Local profile detected - extracting sub from idToken directly
2026-03-05 16:38:36 INFO  [69a932fce05683d84dd9e5fcd02b7a15] [http-nio-8081-exec-4] c.p.u.security.CognitoService : Token payload: {"at_hash":"pL6Ey8rskKKYQYFkla7vLQ","sub":"c4682dbc-2091-70d9-78c0-bf35c9e3a63f","cognito:groups":["ap-northeast-2_GKpckavjT_Google"],"email_verified":false,"iss":"https:\/\/cognito-idp.ap-northeast-2.amazonaws.com\/ap-northeast-2_GKpckavjT","cognito:username":"google_114412924775395995162","origin_jti":"50e08498-2dbd-4365-8e12-e276cec9114b","aud":"6j5ajq8p3b7d894qt5msp4hair","identities":[{"dateCreated":"1772696304906","userId":"114412924775395995162","providerName":"Google","providerType":"Google","issuer":null,"primary":"true"}],"token_use":"id","auth_time":1772696306,"exp":1772699916,"iat":1772696316,"jti":"5e566b97-9413-40ee-bf26-044119745aa9","email":"wlsdudgnzn@gmail.com"}
2026-03-05 16:38:36 INFO  [69a932fce05683d84dd9e5fcd02b7a15] [http-nio-8081-exec-4] c.p.u.security.CognitoService : Extracted sub from token: c4682dbc-2091-70d9-78c0-bf35c9e3a63f
2026-03-05 16:38:36 INFO  [69a932fc7f8ffdef7c38ae3f31bc9914] [http-nio-8081-exec-8] c.p.u.controller.AuthController : Check withdrawn request
2026-03-05 16:38:36 INFO  [69a932fc7f8ffdef7c38ae3f31bc9914] [http-nio-8081-exec-8] c.p.u.security.CognitoService : Extracted email from token: wlsdudgnzn@gmail.com
2026-03-05 16:38:36 INFO  [69a932fc7f8ffdef7c38ae3f31bc9914] [http-nio-8081-exec-8] c.p.userservice.service.AuthService : Check withdrawn for email: wlsdudgnzn@gmail.com
2026-03-05 16:38:37 INFO  [69a932fd02004ddcc09afea965a7b4a9] [http-nio-8081-exec-9] c.p.u.controller.CategoryController : Get categories request
2026-03-05 16:38:37 INFO  [69a932fd02004ddcc09afea965a7b4a9] [http-nio-8081-exec-9] c.p.u.service.CategoryService : Fetching categories from database
2026-03-05 16:38:49 INFO  [69a933092ab7028e8b1d32753aee30e3] [http-nio-8081-exec-1] c.p.u.controller.AuthController : Signup request: SG¿ö³Êºñ
2026-03-05 16:38:49 INFO  [69a933092ab7028e8b1d32753aee30e3] [http-nio-8081-exec-1] c.p.u.security.CognitoService : Local profile detected - extracting sub from idToken directly
2026-03-05 16:38:49 INFO  [69a933092ab7028e8b1d32753aee30e3] [http-nio-8081-exec-1] c.p.u.security.CognitoService : Token payload: {"at_hash":"pL6Ey8rskKKYQYFkla7vLQ","sub":"c4682dbc-2091-70d9-78c0-bf35c9e3a63f","cognito:groups":["ap-northeast-2_GKpckavjT_Google"],"email_verified":false,"iss":"https:\/\/cognito-idp.ap-northeast-2.amazonaws.com\/ap-northeast-2_GKpckavjT","cognito:username":"google_114412924775395995162","origin_jti":"50e08498-2dbd-4365-8e12-e276cec9114b","aud":"6j5ajq8p3b7d894qt5msp4hair","identities":[{"dateCreated":"1772696304906","userId":"114412924775395995162","providerName":"Google","providerType":"Google","issuer":null,"primary":"true"}],"token_use":"id","auth_time":1772696306,"exp":1772699916,"iat":1772696316,"jti":"5e566b97-9413-40ee-bf26-044119745aa9","email":"wlsdudgnzn@gmail.com"}
2026-03-05 16:38:49 INFO  [69a933092ab7028e8b1d32753aee30e3] [http-nio-8081-exec-1] c.p.u.security.CognitoService : Extracted sub from token: c4682dbc-2091-70d9-78c0-bf35c9e3a63f
2026-03-05 16:38:51 WARN  [69a933092ab7028e8b1d32753aee30e3] [http-nio-8081-exec-1] c.p.userservice.service.AuthService : Redis is not available, skipping refresh token storage: Unable to connect to Redis
2026-03-05 16:38:57 INFO  [69a9331187f3590db15ea5194fd2cf9c] [http-nio-8081-exec-6] c.p.u.controller.FriendController : Get friends: 019cbcef-5ec3-7acc-8807-96b6a3b7cfce
2026-03-05 16:38:57 INFO  [69a9331158485785b1397d18a7998da2] [http-nio-8081-exec-5] c.p.u.controller.FriendController : Get received requests: 019cbcef-5ec3-7acc-8807-96b6a3b7cfce
2026-03-05 16:38:57 WARN  [69a9331158485785b1397d18a7998da2] [http-nio-8081-exec-5] o.s.d.w.c.SpringDataJacksonConfiguration$PageModule$WarningLoggingModifier : Serializing PageImpl instances as-is is not supported, meaning that there is no guarantee about the stability of the resulting JSON structure!
	For a stable JSON structure, please use Spring Data's PagedModel (globally via @EnableSpringDataWebSupport(pageSerializationMode = VIA_DTO))
	or Spring HATEOAS and Spring Data's PagedResourcesAssembler as documented in https://docs.spring.io/spring-data/commons/reference/repositories/core-extensions.html#core.web.pageables.

2026-03-05 16:39:00 INFO  [69a9331458d893639037576aa82171e5] [http-nio-8081-exec-4] c.p.u.controller.CategoryController : Get categories request
2026-03-05 16:39:00 INFO  [69a9331458d893639037576aa82171e5] [http-nio-8081-exec-4] c.p.u.service.CategoryService : Fetching categories from database
2026-03-05 16:39:04 INFO  [69a9331889adb8b96f8dc97b022d9a60] [http-nio-8081-exec-8] c.p.u.controller.AuthController : Login request
2026-03-05 16:39:04 INFO  [69a9331889adb8b96f8dc97b022d9a60] [http-nio-8081-exec-8] c.p.u.security.CognitoService : Local profile detected - extracting sub from idToken directly
2026-03-05 16:39:04 INFO  [69a9331889adb8b96f8dc97b022d9a60] [http-nio-8081-exec-8] c.p.u.security.CognitoService : Token payload: {"at_hash":"58vZQXhhdxtkoU21WbtKew","sub":"c4682dbc-2091-70d9-78c0-bf35c9e3a63f","cognito:groups":["ap-northeast-2_GKpckavjT_Google"],"email_verified":false,"iss":"https:\/\/cognito-idp.ap-northeast-2.amazonaws.com\/ap-northeast-2_GKpckavjT","cognito:username":"google_114412924775395995162","origin_jti":"d030303b-285f-48e2-920d-e96fa20c3b37","aud":"6j5ajq8p3b7d894qt5msp4hair","identities":[{"dateCreated":"1772696304906","userId":"114412924775395995162","providerName":"Google","providerType":"Google","issuer":null,"primary":"true"}],"token_use":"id","auth_time":1772696344,"exp":1772699944,"iat":1772696344,"jti":"382d17c5-899f-46e1-8504-6d088851a1e0","email":"wlsdudgnzn@gmail.com"}
2026-03-05 16:39:04 INFO  [69a9331889adb8b96f8dc97b022d9a60] [http-nio-8081-exec-8] c.p.u.security.CognitoService : Extracted sub from token: c4682dbc-2091-70d9-78c0-bf35c9e3a63f
2026-03-05 16:39:04 WARN  [69a9331889adb8b96f8dc97b022d9a60] [http-nio-8081-exec-8] c.p.userservice.service.AuthService : Redis is not available, skipping refresh token storage: Unable to connect to Redis
2026-03-05 16:39:08 INFO  [69a9331c7ec06630b9d2460a327c480e] [http-nio-8081-exec-3] c.p.u.controller.CategoryController : Get categories request
2026-03-05 16:39:08 INFO  [69a9331c7ec06630b9d2460a327c480e] [http-nio-8081-exec-3] c.p.u.service.CategoryService : Fetching categories from database
2026-03-05 16:39:08 INFO  [69a9331cf4e8a0d4728ce8a9d585d948] [http-nio-8081-exec-1] c.p.u.controller.UserController : Get profile request: 019cbcef-5ec3-7acc-8807-96b6a3b7cfce
2026-03-05 16:39:10 INFO  [69a9331e509c31fdfd88487551069ca8] [http-nio-8081-exec-5] c.p.u.controller.AuthController : Withdraw request: 019cbcef-5ec3-7acc-8807-96b6a3b7cfce
2026-03-05 16:39:10 WARN  [69a9331e509c31fdfd88487551069ca8] [http-nio-8081-exec-5] c.p.userservice.service.AuthService : Redis is not available, skipping refresh token deletion: Unable to connect to Redis
2026-03-05 16:39:10 INFO  [69a9331e509c31fdfd88487551069ca8] [http-nio-8081-exec-5] c.p.u.security.CognitoService : Local profile detected - skipping Cognito user deletion
2026-03-05 16:39:10 INFO  [69a9331e509c31fdfd88487551069ca8] [http-nio-8081-exec-5] c.p.userservice.service.AuthService : User withdrawn: 019cbcef-5ec3-7acc-8807-96b6a3b7cfce
2026-03-05 16:39:10 INFO  [69a9331e803ebb67538b5be725a2e074] [http-nio-8081-exec-8] c.p.u.controller.CategoryController : Get categories request
2026-03-05 16:39:10 INFO  [69a9331e803ebb67538b5be725a2e074] [http-nio-8081-exec-8] c.p.u.service.CategoryService : Fetching categories from database
2026-03-05 16:39:10 INFO  [69a9331e1960bc435d5f7553a1beadcd] [http-nio-8081-exec-7] c.p.u.controller.UserController : Get profile request: 019cbcef-5ec3-7acc-8807-96b6a3b7cfce
2026-03-05 16:39:12 INFO  [69a93320f3b458010d2a23628a252ced] [http-nio-8081-exec-9] c.p.u.controller.CategoryController : Get categories request
2026-03-05 16:39:12 INFO  [69a93320f3b458010d2a23628a252ced] [http-nio-8081-exec-9] c.p.u.service.CategoryService : Fetching categories from database
2026-03-05 16:39:26 INFO  [69a9332e6021fa1099e2cf1c04de1f7e] [http-nio-8081-exec-3] c.p.u.controller.AuthController : Login request
2026-03-05 16:39:26 INFO  [69a9332e6021fa1099e2cf1c04de1f7e] [http-nio-8081-exec-3] c.p.u.security.CognitoService : Local profile detected - extracting sub from idToken directly
2026-03-05 16:39:26 INFO  [69a9332e6021fa1099e2cf1c04de1f7e] [http-nio-8081-exec-3] c.p.u.security.CognitoService : Token payload: {"at_hash":"tJ0M6ARLxR-37spXpQ95hQ","sub":"c4682dbc-2091-70d9-78c0-bf35c9e3a63f","cognito:groups":["ap-northeast-2_GKpckavjT_Google"],"email_verified":false,"iss":"https:\/\/cognito-idp.ap-northeast-2.amazonaws.com\/ap-northeast-2_GKpckavjT","cognito:username":"google_114412924775395995162","origin_jti":"e9ecd7b5-17ad-4b48-8c11-7e320b02990b","aud":"6j5ajq8p3b7d894qt5msp4hair","identities":[{"dateCreated":"1772696304906","userId":"114412924775395995162","providerName":"Google","providerType":"Google","issuer":null,"primary":"true"}],"token_use":"id","auth_time":1772696355,"exp":1772699966,"iat":1772696366,"jti":"989495dd-fec7-4022-a2f7-3b5d596ed368","email":"wlsdudgnzn@gmail.com"}
2026-03-05 16:39:26 INFO  [69a9332e6021fa1099e2cf1c04de1f7e] [http-nio-8081-exec-3] c.p.u.security.CognitoService : Extracted sub from token: c4682dbc-2091-70d9-78c0-bf35c9e3a63f
2026-03-05 16:39:26 INFO  [69a9332e2da224e15c1db1fa7b78c1a0] [http-nio-8081-exec-2] c.p.u.controller.AuthController : Check withdrawn request
2026-03-05 16:39:26 INFO  [69a9332e2da224e15c1db1fa7b78c1a0] [http-nio-8081-exec-2] c.p.u.security.CognitoService : Extracted email from token: wlsdudgnzn@gmail.com
2026-03-05 16:39:26 INFO  [69a9332e2da224e15c1db1fa7b78c1a0] [http-nio-8081-exec-2] c.p.userservice.service.AuthService : Check withdrawn for email: wlsdudgnzn@gmail.com
2026-03-05 16:39:26 INFO  [69a9332ec7016fa59fb902d838a02605] [http-nio-8081-exec-5] c.p.u.controller.CategoryController : Get categories request
2026-03-05 16:39:26 INFO  [69a9332ec7016fa59fb902d838a02605] [http-nio-8081-exec-5] c.p.u.service.CategoryService : Fetching categories from database
2026-03-05 16:39:42 INFO  [69a9333ebf860d222339304865ef4ae8] [http-nio-8081-exec-6] c.p.u.controller.AuthController : Signup request: ±èÁøÈ£
2026-03-05 16:39:42 INFO  [69a9333ebf860d222339304865ef4ae8] [http-nio-8081-exec-6] c.p.u.security.CognitoService : Local profile detected - extracting sub from idToken directly
2026-03-05 16:39:42 INFO  [69a9333ebf860d222339304865ef4ae8] [http-nio-8081-exec-6] c.p.u.security.CognitoService : Token payload: {"at_hash":"tJ0M6ARLxR-37spXpQ95hQ","sub":"c4682dbc-2091-70d9-78c0-bf35c9e3a63f","cognito:groups":["ap-northeast-2_GKpckavjT_Google"],"email_verified":false,"iss":"https:\/\/cognito-idp.ap-northeast-2.amazonaws.com\/ap-northeast-2_GKpckavjT","cognito:username":"google_114412924775395995162","origin_jti":"e9ecd7b5-17ad-4b48-8c11-7e320b02990b","aud":"6j5ajq8p3b7d894qt5msp4hair","identities":[{"dateCreated":"1772696304906","userId":"114412924775395995162","providerName":"Google","providerType":"Google","issuer":null,"primary":"true"}],"token_use":"id","auth_time":1772696355,"exp":1772699966,"iat":1772696366,"jti":"989495dd-fec7-4022-a2f7-3b5d596ed368","email":"wlsdudgnzn@gmail.com"}
2026-03-05 16:39:42 INFO  [69a9333ebf860d222339304865ef4ae8] [http-nio-8081-exec-6] c.p.u.security.CognitoService : Extracted sub from token: c4682dbc-2091-70d9-78c0-bf35c9e3a63f
2026-03-05 16:48:36 INFO  [69a93554d83d584c1f3987d1872ec3c0] [http-nio-8081-exec-6] c.p.u.controller.CategoryController : Get categories request
2026-03-05 16:48:36 INFO  [69a93554d83d584c1f3987d1872ec3c0] [http-nio-8081-exec-6] c.p.u.service.CategoryService : Fetching categories from database
2026-03-05 16:48:47 INFO  [69a9355f60d2151ceb11aa31d07e5acf] [http-nio-8081-exec-8] c.p.u.controller.AuthController : Login request
2026-03-05 16:48:47 INFO  [69a9355f60d2151ceb11aa31d07e5acf] [http-nio-8081-exec-8] c.p.u.security.CognitoService : Local profile detected - extracting sub from idToken directly
2026-03-05 16:48:47 INFO  [69a9355f60d2151ceb11aa31d07e5acf] [http-nio-8081-exec-8] c.p.u.security.CognitoService : Token payload: {"at_hash":"gy4l8H0K0SLavNCIkynWTw","sub":"c4682dbc-2091-70d9-78c0-bf35c9e3a63f","cognito:groups":["ap-northeast-2_GKpckavjT_Google"],"email_verified":false,"iss":"https:\/\/cognito-idp.ap-northeast-2.amazonaws.com\/ap-northeast-2_GKpckavjT","cognito:username":"google_114412924775395995162","origin_jti":"cf4e1b3c-f2c2-474f-824d-945d957486f9","aud":"6j5ajq8p3b7d894qt5msp4hair","identities":[{"dateCreated":"1772696304906","userId":"114412924775395995162","providerName":"Google","providerType":"Google","issuer":null,"primary":"true"}],"token_use":"id","auth_time":1772696927,"exp":1772700527,"iat":1772696927,"jti":"75d972a8-ff61-4c85-9a9c-e618efbc48e6","email":"wlsdudgnzn@gmail.com"}
2026-03-05 16:48:47 INFO  [69a9355f60d2151ceb11aa31d07e5acf] [http-nio-8081-exec-8] c.p.u.security.CognitoService : Extracted sub from token: c4682dbc-2091-70d9-78c0-bf35c9e3a63f
2026-03-05 16:48:47 INFO  [69a9355f3033b51f4b38daf98c6dc7be] [http-nio-8081-exec-10] c.p.u.controller.AuthController : Check withdrawn request
2026-03-05 16:48:47 INFO  [69a9355f3033b51f4b38daf98c6dc7be] [http-nio-8081-exec-10] c.p.u.security.CognitoService : Extracted email from token: wlsdudgnzn@gmail.com
2026-03-05 16:48:47 INFO  [69a9355f3033b51f4b38daf98c6dc7be] [http-nio-8081-exec-10] c.p.userservice.service.AuthService : Check withdrawn for email: wlsdudgnzn@gmail.com
2026-03-05 17:23:33 INFO  [69a93d858458764a2f3b80cc6668682d] [http-nio-8081-exec-1] c.p.u.controller.CategoryController : Get categories request
2026-03-05 17:23:33 INFO  [69a93d858458764a2f3b80cc6668682d] [http-nio-8081-exec-1] c.p.u.service.CategoryService : Fetching categories from database
2026-03-05 17:23:39 INFO  [69a93d8b156fa3d34dc751e149a71b32] [http-nio-8081-exec-5] c.p.u.controller.AuthController : Login request
2026-03-05 17:23:39 INFO  [69a93d8b156fa3d34dc751e149a71b32] [http-nio-8081-exec-5] c.p.u.security.CognitoService : Local profile detected - extracting sub from idToken directly
2026-03-05 17:23:39 INFO  [69a93d8b156fa3d34dc751e149a71b32] [http-nio-8081-exec-5] c.p.u.security.CognitoService : Token payload: {"at_hash":"3mhrCD3LIfpeJeJJ2A3A6g","sub":"c4682dbc-2091-70d9-78c0-bf35c9e3a63f","cognito:groups":["ap-northeast-2_GKpckavjT_Google"],"email_verified":false,"iss":"https:\/\/cognito-idp.ap-northeast-2.amazonaws.com\/ap-northeast-2_GKpckavjT","cognito:username":"google_114412924775395995162","origin_jti":"d7c2b4f5-168a-45b9-9323-5de5f72a11ca","aud":"6j5ajq8p3b7d894qt5msp4hair","identities":[{"dateCreated":"1772696304906","userId":"114412924775395995162","providerName":"Google","providerType":"Google","issuer":null,"primary":"true"}],"token_use":"id","auth_time":1772699019,"exp":1772702619,"iat":1772699019,"jti":"c3be83fd-9c45-41c3-9c49-870d5f1e2fe5","email":"wlsdudgnzn@gmail.com"}
2026-03-05 17:23:39 INFO  [69a93d8b156fa3d34dc751e149a71b32] [http-nio-8081-exec-5] c.p.u.security.CognitoService : Extracted sub from token: c4682dbc-2091-70d9-78c0-bf35c9e3a63f
2026-03-05 17:23:39 INFO  [69a93d8b8587414970036e12264d2e72] [http-nio-8081-exec-6] c.p.u.controller.AuthController : Check withdrawn request
2026-03-05 17:23:39 INFO  [69a93d8b8587414970036e12264d2e72] [http-nio-8081-exec-6] c.p.u.security.CognitoService : Extracted email from token: wlsdudgnzn@gmail.com
2026-03-05 17:23:39 INFO  [69a93d8b8587414970036e12264d2e72] [http-nio-8081-exec-6] c.p.userservice.service.AuthService : Check withdrawn for email: wlsdudgnzn@gmail.com
2026-03-05 17:23:44 INFO  [69a93d90313444fe42fde10dd02d190a] [http-nio-8081-exec-7] c.p.u.controller.CategoryController : Get categories request
2026-03-05 17:23:44 INFO  [69a93d90313444fe42fde10dd02d190a] [http-nio-8081-exec-7] c.p.u.service.CategoryService : Fetching categories from database
2026-03-05 17:47:26 INFO  [69a9431ef66b4158f2d8671e181752c1] [http-nio-8081-exec-9] c.p.u.controller.CategoryController : Get categories request
2026-03-05 17:47:26 INFO  [69a9431ef66b4158f2d8671e181752c1] [http-nio-8081-exec-9] c.p.u.service.CategoryService : Fetching categories from database
2026-03-05 17:48:11 INFO  [69a9434b109aa494145661495fdc576e] [http-nio-8081-exec-10] c.p.u.controller.CategoryController : Get categories request
2026-03-05 17:48:11 INFO  [69a9434b109aa494145661495fdc576e] [http-nio-8081-exec-10] c.p.u.service.CategoryService : Fetching categories from database
2026-03-05 17:48:12 INFO  [69a9434cb9524856d4ac0e207de8e22f] [http-nio-8081-exec-3] c.p.u.controller.CategoryController : Get categories request
2026-03-05 17:48:12 INFO  [69a9434cb9524856d4ac0e207de8e22f] [http-nio-8081-exec-3] c.p.u.service.CategoryService : Fetching categories from database
2026-03-05 17:48:27 INFO  [69a9435becf4c7c5f819028f3364eee4] [http-nio-8081-exec-2] c.p.u.controller.AuthController : Login request
2026-03-05 17:48:27 INFO  [69a9435becf4c7c5f819028f3364eee4] [http-nio-8081-exec-2] c.p.u.security.CognitoService : Local profile detected - extracting sub from idToken directly
2026-03-05 17:48:27 INFO  [69a9435becf4c7c5f819028f3364eee4] [http-nio-8081-exec-2] c.p.u.security.CognitoService : Token payload: {"at_hash":"SBlSHZYa9Hpe9C6M5trgYQ","sub":"c4682dbc-2091-70d9-78c0-bf35c9e3a63f","cognito:groups":["ap-northeast-2_GKpckavjT_Google"],"email_verified":false,"iss":"https:\/\/cognito-idp.ap-northeast-2.amazonaws.com\/ap-northeast-2_GKpckavjT","cognito:username":"google_114412924775395995162","origin_jti":"03cd3562-af29-4d07-983a-654b08df9f6a","aud":"6j5ajq8p3b7d894qt5msp4hair","identities":[{"dateCreated":"1772696304906","userId":"114412924775395995162","providerName":"Google","providerType":"Google","issuer":null,"primary":"true"}],"token_use":"id","auth_time":1772700497,"exp":1772704107,"iat":1772700507,"jti":"3414bec4-4e58-44c9-bfee-e6ae53374cdb","email":"wlsdudgnzn@gmail.com"}
2026-03-05 17:48:27 INFO  [69a9435becf4c7c5f819028f3364eee4] [http-nio-8081-exec-2] c.p.u.security.CognitoService : Extracted sub from token: c4682dbc-2091-70d9-78c0-bf35c9e3a63f
2026-03-05 17:48:27 INFO  [69a9435b715298e2fb69d16a921fe475] [http-nio-8081-exec-4] c.p.u.controller.AuthController : Check withdrawn request
2026-03-05 17:48:27 INFO  [69a9435b715298e2fb69d16a921fe475] [http-nio-8081-exec-4] c.p.u.security.CognitoService : Extracted email from token: wlsdudgnzn@gmail.com
2026-03-05 17:48:27 INFO  [69a9435b715298e2fb69d16a921fe475] [http-nio-8081-exec-4] c.p.userservice.service.AuthService : Check withdrawn for email: wlsdudgnzn@gmail.com
2026-03-05 17:48:55 INFO  [69a9437797ed81be08fd6b6d40c2f6f7] [http-nio-8081-exec-7] c.p.u.controller.CategoryController : Get categories request
2026-03-05 17:48:55 INFO  [69a9437797ed81be08fd6b6d40c2f6f7] [http-nio-8081-exec-7] c.p.u.service.CategoryService : Fetching categories from database
2026-03-05 17:49:31 INFO  [69a9439bd5b0173e8dc376c8f37f3d2d] [http-nio-8081-exec-9] c.p.u.controller.AuthController : Login request
2026-03-05 17:49:31 INFO  [69a9439bd5b0173e8dc376c8f37f3d2d] [http-nio-8081-exec-9] c.p.u.security.CognitoService : Local profile detected - extracting sub from idToken directly
2026-03-05 17:49:31 INFO  [69a9439bd5b0173e8dc376c8f37f3d2d] [http-nio-8081-exec-9] c.p.u.security.CognitoService : Token payload: {"at_hash":"moQRQl8DBa134jbxdlTfbw","sub":"a488ad7c-1071-70b7-d2c7-6b981df994e0","cognito:groups":["ap-northeast-2_GKpckavjT_Google"],"email_verified":false,"iss":"https:\/\/cognito-idp.ap-northeast-2.amazonaws.com\/ap-northeast-2_GKpckavjT","cognito:username":"google_114412924775395995162","origin_jti":"7b44cfae-f78c-4314-b9cf-98662bcf5999","aud":"6j5ajq8p3b7d894qt5msp4hair","identities":[{"dateCreated":"1772700570319","userId":"114412924775395995162","providerName":"Google","providerType":"Google","issuer":null,"primary":"true"}],"token_use":"id","auth_time":1772700571,"exp":1772704171,"iat":1772700571,"jti":"d11a75b4-6e6a-49c2-9e8b-7b9953cb2a42","email":"wlsdudgnzn@gmail.com"}
2026-03-05 17:49:31 INFO  [69a9439bd5b0173e8dc376c8f37f3d2d] [http-nio-8081-exec-9] c.p.u.security.CognitoService : Extracted sub from token: a488ad7c-1071-70b7-d2c7-6b981df994e0
2026-03-05 17:49:31 INFO  [69a9439bd2412e207cc6d2f81bacf8ad] [http-nio-8081-exec-3] c.p.u.controller.AuthController : Check withdrawn request
2026-03-05 17:49:31 INFO  [69a9439bd2412e207cc6d2f81bacf8ad] [http-nio-8081-exec-3] c.p.u.security.CognitoService : Extracted email from token: wlsdudgnzn@gmail.com
2026-03-05 17:49:31 INFO  [69a9439bd2412e207cc6d2f81bacf8ad] [http-nio-8081-exec-3] c.p.userservice.service.AuthService : Check withdrawn for email: wlsdudgnzn@gmail.com
2026-03-05 17:49:31 INFO  [69a9439b1a0c916a317027df3629e4ce] [http-nio-8081-exec-1] c.p.u.controller.CategoryController : Get categories request
2026-03-05 17:49:31 INFO  [69a9439b1a0c916a317027df3629e4ce] [http-nio-8081-exec-1] c.p.u.service.CategoryService : Fetching categories from database
2026-03-05 17:49:40 INFO  [69a943a403f632d2c028a37090b37d43] [http-nio-8081-exec-5] c.p.u.controller.AuthController : Signup request: ÇÕÃ¼
2026-03-05 17:49:40 INFO  [69a943a403f632d2c028a37090b37d43] [http-nio-8081-exec-5] c.p.u.security.CognitoService : Local profile detected - extracting sub from idToken directly
2026-03-05 17:49:40 INFO  [69a943a403f632d2c028a37090b37d43] [http-nio-8081-exec-5] c.p.u.security.CognitoService : Token payload: {"at_hash":"moQRQl8DBa134jbxdlTfbw","sub":"a488ad7c-1071-70b7-d2c7-6b981df994e0","cognito:groups":["ap-northeast-2_GKpckavjT_Google"],"email_verified":false,"iss":"https:\/\/cognito-idp.ap-northeast-2.amazonaws.com\/ap-northeast-2_GKpckavjT","cognito:username":"google_114412924775395995162","origin_jti":"7b44cfae-f78c-4314-b9cf-98662bcf5999","aud":"6j5ajq8p3b7d894qt5msp4hair","identities":[{"dateCreated":"1772700570319","userId":"114412924775395995162","providerName":"Google","providerType":"Google","issuer":null,"primary":"true"}],"token_use":"id","auth_time":1772700571,"exp":1772704171,"iat":1772700571,"jti":"d11a75b4-6e6a-49c2-9e8b-7b9953cb2a42","email":"wlsdudgnzn@gmail.com"}
2026-03-05 17:49:40 INFO  [69a943a403f632d2c028a37090b37d43] [http-nio-8081-exec-5] c.p.u.security.CognitoService : Extracted sub from token: a488ad7c-1071-70b7-d2c7-6b981df994e0
2026-03-05 17:49:40 WARN  [69a943a403f632d2c028a37090b37d43] [http-nio-8081-exec-5] c.p.userservice.service.AuthService : Redis is not available, skipping refresh token storage: Unable to connect to Redis
2026-03-05 17:49:44 INFO  [69a943a896e1789da7a5b2ad6a346d23] [http-nio-8081-exec-8] c.p.u.controller.FriendController : Get friends: 019cbd30-3bf9-7a4e-a087-1a94a7bcb4e5
2026-03-05 17:49:44 INFO  [69a943a8babc59da3aeec7beaa5a608e] [http-nio-8081-exec-7] c.p.u.controller.FriendController : Get received requests: 019cbd30-3bf9-7a4e-a087-1a94a7bcb4e5
2026-03-05 18:31:07 INFO  [] [background-preinit] o.h.validator.internal.util.Version : HV000001: Hibernate Validator 8.0.2.Final
2026-03-05 18:31:07 INFO  [] [main] c.p.b.PlanitBaseTemplateApplication : Starting PlanitBaseTemplateApplication using Java 17.0.16 with PID 36832 (/Users/jybill01/Folder/02_Study/03_AWS_Cloud_School/03_Project/03_project/Full/PlanIt-User-svc/build/classes/java/main started by jybill01 in /Users/jybill01/Folder/02_Study/03_AWS_Cloud_School/03_Project/03_project/Full/PlanIt-User-svc)
2026-03-05 18:31:07 INFO  [] [main] c.p.b.PlanitBaseTemplateApplication : No active profile set, falling back to 1 default profile: "default"
2026-03-05 18:31:08 INFO  [] [main] o.s.d.r.c.RepositoryConfigurationDelegate : Multiple Spring Data modules found, entering strict repository configuration mode
2026-03-05 18:31:08 INFO  [] [main] o.s.d.r.c.RepositoryConfigurationDelegate : Bootstrapping Spring Data JPA repositories in DEFAULT mode.
2026-03-05 18:31:08 INFO  [] [main] o.s.d.r.c.RepositoryConfigurationDelegate : Finished Spring Data repository scanning in 69 ms. Found 6 JPA repository interfaces.
2026-03-05 18:31:08 INFO  [] [main] o.s.d.r.c.RepositoryConfigurationDelegate : Multiple Spring Data modules found, entering strict repository configuration mode
2026-03-05 18:31:08 INFO  [] [main] o.s.d.r.c.RepositoryConfigurationDelegate : Bootstrapping Spring Data Redis repositories in DEFAULT mode.
2026-03-05 18:31:08 INFO  [] [main] o.s.d.r.c.RepositoryConfigurationDelegate : Finished Spring Data repository scanning in 1 ms. Found 0 Redis repository interfaces.
2026-03-05 18:31:08 INFO  [] [main] o.s.b.w.e.tomcat.TomcatWebServer : Tomcat initialized with port 8081 (http)
2026-03-05 18:31:08 INFO  [] [main] o.a.coyote.http11.Http11NioProtocol : Initializing ProtocolHandler ["http-nio-8081"]
2026-03-05 18:31:08 INFO  [] [main] o.a.catalina.core.StandardService : Starting service [Tomcat]
2026-03-05 18:31:08 INFO  [] [main] o.a.catalina.core.StandardEngine : Starting Servlet engine: [Apache Tomcat/10.1.36]
2026-03-05 18:31:08 INFO  [] [main] o.a.c.c.C.[Tomcat].[localhost].[/] : Initializing Spring embedded WebApplicationContext
2026-03-05 18:31:08 INFO  [] [main] o.s.b.w.s.c.ServletWebServerApplicationContext : Root WebApplicationContext: initialization completed in 888 ms
2026-03-05 18:31:08 INFO  [] [main] o.h.jpa.internal.util.LogHelper : HHH000204: Processing PersistenceUnitInfo [name: default]
2026-03-05 18:31:08 INFO  [] [main] org.hibernate.Version : HHH000412: Hibernate ORM core version 6.6.8.Final
2026-03-05 18:31:08 INFO  [] [main] o.h.c.i.RegionFactoryInitiator : HHH000026: Second-level cache disabled
2026-03-05 18:31:08 INFO  [] [main] o.s.o.j.p.SpringPersistenceUnitInfo : No LoadTimeWeaver setup: ignoring JPA class transformer
2026-03-05 18:31:08 INFO  [] [main] com.zaxxer.hikari.HikariDataSource : HikariPool-1 - Starting...
2026-03-05 18:31:09 WARN  [] [main] o.m.jdbc.message.server.ErrorPacket : Error: 1049-42000: Unknown database 'planit_user_db'
2026-03-05 18:31:10 WARN  [] [main] o.h.e.jdbc.spi.SqlExceptionHelper : SQL Error: 1049, SQLState: 42000
2026-03-05 18:31:10 ERROR [] [main] o.h.e.jdbc.spi.SqlExceptionHelper : (conn=1259) Unknown database 'planit_user_db'
2026-03-05 18:31:10 WARN  [] [main] o.h.e.j.e.i.JdbcEnvironmentInitiator : HHH000342: Could not obtain connection to query metadata
org.hibernate.exception.SQLGrammarException: unable to obtain isolated JDBC connection [(conn=1259) Unknown database 'planit_user_db'] [n/a]
	at org.hibernate.exception.internal.SQLStateConversionDelegate.convert(SQLStateConversionDelegate.java:91)
	at org.hibernate.exception.internal.StandardSQLExceptionConverter.convert(StandardSQLExceptionConverter.java:58)
	at org.hibernate.engine.jdbc.spi.SqlExceptionHelper.convert(SqlExceptionHelper.java:108)
	at org.hibernate.engine.jdbc.spi.SqlExceptionHelper.convert(SqlExceptionHelper.java:94)
	at org.hibernate.resource.transaction.backend.jdbc.internal.JdbcIsolationDelegate.delegateWork(JdbcIsolationDelegate.java:116)
	at org.hibernate.engine.jdbc.env.internal.JdbcEnvironmentInitiator.getJdbcEnvironmentUsingJdbcMetadata(JdbcEnvironmentInitiator.java:320)
	at org.hibernate.engine.jdbc.env.internal.JdbcEnvironmentInitiator.initiateService(JdbcEnvironmentInitiator.java:129)
	at org.hibernate.engine.jdbc.env.internal.JdbcEnvironmentInitiator.initiateService(JdbcEnvironmentInitiator.java:81)
	at org.hibernate.boot.registry.internal.StandardServiceRegistryImpl.initiateService(StandardServiceRegistryImpl.java:130)
	at org.hibernate.service.internal.AbstractServiceRegistryImpl.createService(AbstractServiceRegistryImpl.java:263)
	at org.hibernate.service.internal.AbstractServiceRegistryImpl.initializeService(AbstractServiceRegistryImpl.java:238)
	at org.hibernate.service.internal.AbstractServiceRegistryImpl.getService(AbstractServiceRegistryImpl.java:215)
	at org.hibernate.boot.model.relational.Database.<init>(Database.java:45)
	at org.hibernate.boot.internal.InFlightMetadataCollectorImpl.getDatabase(InFlightMetadataCollectorImpl.java:226)
	at org.hibernate.boot.internal.InFlightMetadataCollectorImpl.<init>(InFlightMetadataCollectorImpl.java:194)
	at org.hibernate.boot.model.process.spi.MetadataBuildingProcess.complete(MetadataBuildingProcess.java:171)
	at org.hibernate.jpa.boot.internal.EntityManagerFactoryBuilderImpl.metadata(EntityManagerFactoryBuilderImpl.java:1442)
	at org.hibernate.jpa.boot.internal.EntityManagerFactoryBuilderImpl.build(EntityManagerFactoryBuilderImpl.java:1513)
	at org.springframework.orm.jpa.vendor.SpringHibernateJpaPersistenceProvider.createContainerEntityManagerFactory(SpringHibernateJpaPersistenceProvider.java:66)
	at org.springframework.orm.jpa.LocalContainerEntityManagerFactoryBean.createNativeEntityManagerFactory(LocalContainerEntityManagerFactoryBean.java:390)
	at org.springframework.orm.jpa.AbstractEntityManagerFactoryBean.buildNativeEntityManagerFactory(AbstractEntityManagerFactoryBean.java:419)
	at org.springframework.orm.jpa.AbstractEntityManagerFactoryBean.afterPropertiesSet(AbstractEntityManagerFactoryBean.java:400)
	at org.springframework.orm.jpa.LocalContainerEntityManagerFactoryBean.afterPropertiesSet(LocalContainerEntityManagerFactoryBean.java:366)
	at org.springframework.beans.factory.support.AbstractAutowireCapableBeanFactory.invokeInitMethods(AbstractAutowireCapableBeanFactory.java:1859)
	at org.springframework.beans.factory.support.AbstractAutowireCapableBeanFactory.initializeBean(AbstractAutowireCapableBeanFactory.java:1808)
	at org.springframework.beans.factory.support.AbstractAutowireCapableBeanFactory.doCreateBean(AbstractAutowireCapableBeanFactory.java:601)
	at org.springframework.beans.factory.support.AbstractAutowireCapableBeanFactory.createBean(AbstractAutowireCapableBeanFactory.java:523)
	at org.springframework.beans.factory.support.AbstractBeanFactory.lambda$doGetBean$0(AbstractBeanFactory.java:339)
	at org.springframework.beans.factory.support.DefaultSingletonBeanRegistry.getSingleton(DefaultSingletonBeanRegistry.java:346)
	at org.springframework.beans.factory.support.AbstractBeanFactory.doGetBean(AbstractBeanFactory.java:337)
	at org.springframework.beans.factory.support.AbstractBeanFactory.getBean(AbstractBeanFactory.java:207)
	at org.springframework.context.support.AbstractApplicationContext.finishBeanFactoryInitialization(AbstractApplicationContext.java:970)
	at org.springframework.context.support.AbstractApplicationContext.refresh(AbstractApplicationContext.java:627)
	at org.springframework.boot.web.servlet.context.ServletWebServerApplicationContext.refresh(ServletWebServerApplicationContext.java:146)
	at org.springframework.boot.SpringApplication.refresh(SpringApplication.java:752)
	at org.springframework.boot.SpringApplication.refreshContext(SpringApplication.java:439)
	at org.springframework.boot.SpringApplication.run(SpringApplication.java:318)
	at org.springframework.boot.SpringApplication.run(SpringApplication.java:1361)
	at org.springframework.boot.SpringApplication.run(SpringApplication.java:1350)
	at com.planit.basetemplate.PlanitBaseTemplateApplication.main(PlanitBaseTemplateApplication.java:18)
Caused by: java.sql.SQLSyntaxErrorException: (conn=1259) Unknown database 'planit_user_db'
	at org.mariadb.jdbc.export.ExceptionFactory.createException(ExceptionFactory.java:289)
	at org.mariadb.jdbc.export.ExceptionFactory.create(ExceptionFactory.java:378)
	at org.mariadb.jdbc.client.impl.StandardClient.authenticationHandler(StandardClient.java:306)
	at org.mariadb.jdbc.client.impl.StandardClient.<init>(StandardClient.java:226)
	at org.mariadb.jdbc.Driver.connect(Driver.java:68)
	at org.mariadb.jdbc.Driver.connect(Driver.java:92)
	at org.mariadb.jdbc.Driver.connect(Driver.java:26)
	at com.zaxxer.hikari.util.DriverDataSource.getConnection(DriverDataSource.java:137)
	at com.zaxxer.hikari.pool.PoolBase.newConnection(PoolBase.java:360)
	at com.zaxxer.hikari.pool.PoolBase.newPoolEntry(PoolBase.java:202)
	at com.zaxxer.hikari.pool.HikariPool.createPoolEntry(HikariPool.java:461)
	at com.zaxxer.hikari.pool.HikariPool.checkFailFast(HikariPool.java:550)
	at com.zaxxer.hikari.pool.HikariPool.<init>(HikariPool.java:98)
	at com.zaxxer.hikari.HikariDataSource.getConnection(HikariDataSource.java:111)
	at org.hibernate.engine.jdbc.connections.internal.DatasourceConnectionProviderImpl.getConnection(DatasourceConnectionProviderImpl.java:126)
	at org.hibernate.engine.jdbc.env.internal.JdbcEnvironmentInitiator$ConnectionProviderJdbcConnectionAccess.obtainConnection(JdbcEnvironmentInitiator.java:467)
	at org.hibernate.resource.transaction.backend.jdbc.internal.JdbcIsolationDelegate.delegateWork(JdbcIsolationDelegate.java:61)
	... 35 common frames omitted
2026-03-05 18:31:10 ERROR [] [main] o.s.o.j.LocalContainerEntityManagerFactoryBean : Failed to initialize JPA EntityManagerFactory: Unable to create requested service [org.hibernate.engine.jdbc.env.spi.JdbcEnvironment] due to: Unable to determine Dialect without JDBC metadata (please set 'jakarta.persistence.jdbc.url' for common cases or 'hibernate.dialect' when a custom Dialect implementation must be provided)
2026-03-05 18:31:10 WARN  [] [main] o.s.b.w.s.c.AnnotationConfigServletWebServerApplicationContext : Exception encountered during context initialization - cancelling refresh attempt: org.springframework.beans.factory.BeanCreationException: Error creating bean with name 'entityManagerFactory' defined in class path resource [org/springframework/boot/autoconfigure/orm/jpa/HibernateJpaConfiguration.class]: Unable to create requested service [org.hibernate.engine.jdbc.env.spi.JdbcEnvironment] due to: Unable to determine Dialect without JDBC metadata (please set 'jakarta.persistence.jdbc.url' for common cases or 'hibernate.dialect' when a custom Dialect implementation must be provided)
2026-03-05 18:31:10 INFO  [] [main] o.a.catalina.core.StandardService : Stopping service [Tomcat]
2026-03-05 18:31:10 INFO  [] [main] o.s.b.a.l.ConditionEvaluationReportLogger : 

Error starting ApplicationContext. To display the condition evaluation report re-run your application with 'debug' enabled.
2026-03-05 18:31:10 ERROR [] [main] o.s.boot.SpringApplication : Application run failed
org.springframework.beans.factory.BeanCreationException: Error creating bean with name 'entityManagerFactory' defined in class path resource [org/springframework/boot/autoconfigure/orm/jpa/HibernateJpaConfiguration.class]: Unable to create requested service [org.hibernate.engine.jdbc.env.spi.JdbcEnvironment] due to: Unable to determine Dialect without JDBC metadata (please set 'jakarta.persistence.jdbc.url' for common cases or 'hibernate.dialect' when a custom Dialect implementation must be provided)
	at org.springframework.beans.factory.support.AbstractAutowireCapableBeanFactory.initializeBean(AbstractAutowireCapableBeanFactory.java:1812)
	at org.springframework.beans.factory.support.AbstractAutowireCapableBeanFactory.doCreateBean(AbstractAutowireCapableBeanFactory.java:601)
	at org.springframework.beans.factory.support.AbstractAutowireCapableBeanFactory.createBean(AbstractAutowireCapableBeanFactory.java:523)
	at org.springframework.beans.factory.support.AbstractBeanFactory.lambda$doGetBean$0(AbstractBeanFactory.java:339)
	at org.springframework.beans.factory.support.DefaultSingletonBeanRegistry.getSingleton(DefaultSingletonBeanRegistry.java:346)
	at org.springframework.beans.factory.support.AbstractBeanFactory.doGetBean(AbstractBeanFactory.java:337)
	at org.springframework.beans.factory.support.AbstractBeanFactory.getBean(AbstractBeanFactory.java:207)
	at org.springframework.context.support.AbstractApplicationContext.finishBeanFactoryInitialization(AbstractApplicationContext.java:970)
	at org.springframework.context.support.AbstractApplicationContext.refresh(AbstractApplicationContext.java:627)
	at org.springframework.boot.web.servlet.context.ServletWebServerApplicationContext.refresh(ServletWebServerApplicationContext.java:146)
	at org.springframework.boot.SpringApplication.refresh(SpringApplication.java:752)
	at org.springframework.boot.SpringApplication.refreshContext(SpringApplication.java:439)
	at org.springframework.boot.SpringApplication.run(SpringApplication.java:318)
	at org.springframework.boot.SpringApplication.run(SpringApplication.java:1361)
	at org.springframework.boot.SpringApplication.run(SpringApplication.java:1350)
	at com.planit.basetemplate.PlanitBaseTemplateApplication.main(PlanitBaseTemplateApplication.java:18)
Caused by: org.hibernate.service.spi.ServiceException: Unable to create requested service [org.hibernate.engine.jdbc.env.spi.JdbcEnvironment] due to: Unable to determine Dialect without JDBC metadata (please set 'jakarta.persistence.jdbc.url' for common cases or 'hibernate.dialect' when a custom Dialect implementation must be provided)
	at org.hibernate.service.internal.AbstractServiceRegistryImpl.createService(AbstractServiceRegistryImpl.java:276)
	at org.hibernate.service.internal.AbstractServiceRegistryImpl.initializeService(AbstractServiceRegistryImpl.java:238)
	at org.hibernate.service.internal.AbstractServiceRegistryImpl.getService(AbstractServiceRegistryImpl.java:215)
	at org.hibernate.boot.model.relational.Database.<init>(Database.java:45)
	at org.hibernate.boot.internal.InFlightMetadataCollectorImpl.getDatabase(InFlightMetadataCollectorImpl.java:226)
	at org.hibernate.boot.internal.InFlightMetadataCollectorImpl.<init>(InFlightMetadataCollectorImpl.java:194)
	at org.hibernate.boot.model.process.spi.MetadataBuildingProcess.complete(MetadataBuildingProcess.java:171)
	at org.hibernate.jpa.boot.internal.EntityManagerFactoryBuilderImpl.metadata(EntityManagerFactoryBuilderImpl.java:1442)
	at org.hibernate.jpa.boot.internal.EntityManagerFactoryBuilderImpl.build(EntityManagerFactoryBuilderImpl.java:1513)
	at org.springframework.orm.jpa.vendor.SpringHibernateJpaPersistenceProvider.createContainerEntityManagerFactory(SpringHibernateJpaPersistenceProvider.java:66)
	at org.springframework.orm.jpa.LocalContainerEntityManagerFactoryBean.createNativeEntityManagerFactory(LocalContainerEntityManagerFactoryBean.java:390)
	at org.springframework.orm.jpa.AbstractEntityManagerFactoryBean.buildNativeEntityManagerFactory(AbstractEntityManagerFactoryBean.java:419)
	at org.springframework.orm.jpa.AbstractEntityManagerFactoryBean.afterPropertiesSet(AbstractEntityManagerFactoryBean.java:400)
	at org.springframework.orm.jpa.LocalContainerEntityManagerFactoryBean.afterPropertiesSet(LocalContainerEntityManagerFactoryBean.java:366)
	at org.springframework.beans.factory.support.AbstractAutowireCapableBeanFactory.invokeInitMethods(AbstractAutowireCapableBeanFactory.java:1859)
	at org.springframework.beans.factory.support.AbstractAutowireCapableBeanFactory.initializeBean(AbstractAutowireCapableBeanFactory.java:1808)
	... 15 common frames omitted
Caused by: org.hibernate.HibernateException: Unable to determine Dialect without JDBC metadata (please set 'jakarta.persistence.jdbc.url' for common cases or 'hibernate.dialect' when a custom Dialect implementation must be provided)
	at org.hibernate.engine.jdbc.dialect.internal.DialectFactoryImpl.determineDialect(DialectFactoryImpl.java:191)
	at org.hibernate.engine.jdbc.dialect.internal.DialectFactoryImpl.buildDialect(DialectFactoryImpl.java:87)
	at org.hibernate.engine.jdbc.env.internal.JdbcEnvironmentInitiator.getJdbcEnvironmentWithDefaults(JdbcEnvironmentInitiator.java:181)
	at org.hibernate.engine.jdbc.env.internal.JdbcEnvironmentInitiator.getJdbcEnvironmentUsingJdbcMetadata(JdbcEnvironmentInitiator.java:392)
	at org.hibernate.engine.jdbc.env.internal.JdbcEnvironmentInitiator.initiateService(JdbcEnvironmentInitiator.java:129)
	at org.hibernate.engine.jdbc.env.internal.JdbcEnvironmentInitiator.initiateService(JdbcEnvironmentInitiator.java:81)
	at org.hibernate.boot.registry.internal.StandardServiceRegistryImpl.initiateService(StandardServiceRegistryImpl.java:130)
	at org.hibernate.service.internal.AbstractServiceRegistryImpl.createService(AbstractServiceRegistryImpl.java:263)
	... 30 common frames omitted
2026-03-05 18:32:56 INFO  [] [background-preinit] o.h.validator.internal.util.Version : HV000001: Hibernate Validator 8.0.2.Final
2026-03-05 18:32:56 INFO  [] [main] c.p.b.PlanitBaseTemplateApplication : Starting PlanitBaseTemplateApplication using Java 17.0.16 with PID 37304 (/Users/jybill01/Folder/02_Study/03_AWS_Cloud_School/03_Project/03_project/Full/PlanIt-User-svc/build/classes/java/main started by jybill01 in /Users/jybill01/Folder/02_Study/03_AWS_Cloud_School/03_Project/03_project/Full/PlanIt-User-svc)
2026-03-05 18:32:56 INFO  [] [main] c.p.b.PlanitBaseTemplateApplication : No active profile set, falling back to 1 default profile: "default"
2026-03-05 18:32:56 INFO  [] [main] o.s.d.r.c.RepositoryConfigurationDelegate : Multiple Spring Data modules found, entering strict repository configuration mode
2026-03-05 18:32:56 INFO  [] [main] o.s.d.r.c.RepositoryConfigurationDelegate : Bootstrapping Spring Data JPA repositories in DEFAULT mode.
2026-03-05 18:32:57 INFO  [] [main] o.s.d.r.c.RepositoryConfigurationDelegate : Finished Spring Data repository scanning in 92 ms. Found 6 JPA repository interfaces.
2026-03-05 18:32:57 INFO  [] [main] o.s.d.r.c.RepositoryConfigurationDelegate : Multiple Spring Data modules found, entering strict repository configuration mode
2026-03-05 18:32:57 INFO  [] [main] o.s.d.r.c.RepositoryConfigurationDelegate : Bootstrapping Spring Data Redis repositories in DEFAULT mode.
2026-03-05 18:32:57 INFO  [] [main] o.s.d.r.c.RepositoryConfigurationDelegate : Finished Spring Data repository scanning in 1 ms. Found 0 Redis repository interfaces.
2026-03-05 18:32:57 INFO  [] [main] o.s.b.w.e.tomcat.TomcatWebServer : Tomcat initialized with port 8081 (http)
2026-03-05 18:32:57 INFO  [] [main] o.a.coyote.http11.Http11NioProtocol : Initializing ProtocolHandler ["http-nio-8081"]
2026-03-05 18:32:57 INFO  [] [main] o.a.catalina.core.StandardService : Starting service [Tomcat]
2026-03-05 18:32:57 INFO  [] [main] o.a.catalina.core.StandardEngine : Starting Servlet engine: [Apache Tomcat/10.1.36]
2026-03-05 18:32:57 INFO  [] [main] o.a.c.c.C.[Tomcat].[localhost].[/] : Initializing Spring embedded WebApplicationContext
2026-03-05 18:32:57 INFO  [] [main] o.s.b.w.s.c.ServletWebServerApplicationContext : Root WebApplicationContext: initialization completed in 1094 ms
2026-03-05 18:32:57 INFO  [] [main] o.h.jpa.internal.util.LogHelper : HHH000204: Processing PersistenceUnitInfo [name: default]
2026-03-05 18:32:57 INFO  [] [main] org.hibernate.Version : HHH000412: Hibernate ORM core version 6.6.8.Final
2026-03-05 18:32:57 INFO  [] [main] o.h.c.i.RegionFactoryInitiator : HHH000026: Second-level cache disabled
2026-03-05 18:32:58 INFO  [] [main] o.s.o.j.p.SpringPersistenceUnitInfo : No LoadTimeWeaver setup: ignoring JPA class transformer
2026-03-05 18:32:58 INFO  [] [main] com.zaxxer.hikari.HikariDataSource : HikariPool-1 - Starting...
2026-03-05 18:32:58 INFO  [] [main] com.zaxxer.hikari.pool.HikariPool : HikariPool-1 - Added connection org.mariadb.jdbc.Connection@4ebb7bab
2026-03-05 18:32:58 INFO  [] [main] com.zaxxer.hikari.HikariDataSource : HikariPool-1 - Start completed.
2026-03-05 18:32:58 INFO  [] [main] o.hibernate.orm.connections.pooling : HHH10001005: Database info:
	Database JDBC URL [Connecting through datasource 'HikariDataSource (HikariPool-1)']
	Database driver: undefined/unknown
	Database version: 12.2.2
	Autocommit mode: undefined/unknown
	Isolation level: undefined/unknown
	Minimum pool size: undefined/unknown
	Maximum pool size: undefined/unknown
2026-03-05 18:32:58 INFO  [] [main] o.h.e.t.j.p.i.JtaPlatformInitiator : HHH000489: No JTA platform available (set 'hibernate.transaction.jta.platform' to enable JTA platform integration)
2026-03-05 18:32:59 INFO  [] [main] o.s.o.j.LocalContainerEntityManagerFactoryBean : Initialized JPA EntityManagerFactory for persistence unit 'default'
2026-03-05 18:32:59 INFO  [] [main] o.s.d.j.r.query.QueryEnhancerFactory : Hibernate is in classpath; If applicable, HQL parser will be used.
2026-03-05 18:33:00 WARN  [] [main] o.s.b.a.o.j.JpaBaseConfiguration$JpaWebConfiguration : spring.jpa.open-in-view is enabled by default. Therefore, database queries may be performed during view rendering. Explicitly configure spring.jpa.open-in-view to disable this warning
2026-03-05 18:33:00 WARN  [] [main] o.s.b.a.s.s.UserDetailsServiceAutoConfiguration : 

Using generated security password: d8daf17b-5bdd-4f03-a080-43180bd7f9c7

This generated password is for development use only. Your security configuration must be updated before running your application in production.

2026-03-05 18:33:00 INFO  [] [main] o.s.s.c.a.a.c.InitializeUserDetailsBeanManagerConfigurer$InitializeUserDetailsManagerConfigurer : Global AuthenticationManager configured with UserDetailsService bean with name inMemoryUserDetailsManager
2026-03-05 18:33:00 INFO  [] [main] n.d.b.g.c.a.GrpcClientAutoConfiguration : Detected grpc-netty-shaded: Creating ShadedNettyChannelFactory + InProcessChannelFactory
2026-03-05 18:33:00 INFO  [] [main] o.s.b.a.e.web.EndpointLinksResolver : Exposing 2 endpoints beneath base path '/api/v1/users/actuator'
2026-03-05 18:33:00 INFO  [] [main] n.d.b.g.s.a.GrpcServerFactoryAutoConfiguration : Detected grpc-netty-shaded: Creating ShadedNettyGrpcServerFactory
2026-03-05 18:33:01 INFO  [] [main] o.a.coyote.http11.Http11NioProtocol : Starting ProtocolHandler ["http-nio-8081"]
2026-03-05 18:33:01 INFO  [] [main] o.s.b.w.e.tomcat.TomcatWebServer : Tomcat started on port 8081 (http) with context path '/'
2026-03-05 18:33:01 INFO  [] [main] n.d.b.g.s.s.AbstractGrpcServerFactory : Registered gRPC service: BaseTestGrpcService, bean: baseGrpcController, class: com.planit.basetemplate.grpc.BaseGrpcController
2026-03-05 18:33:01 INFO  [] [main] n.d.b.g.s.s.AbstractGrpcServerFactory : Registered gRPC service: grpc.health.v1.Health, bean: grpcHealthService, class: io.grpc.protobuf.services.HealthServiceImpl
2026-03-05 18:33:01 INFO  [] [main] n.d.b.g.s.s.AbstractGrpcServerFactory : Registered gRPC service: grpc.reflection.v1alpha.ServerReflection, bean: protoReflectionService, class: io.grpc.protobuf.services.ProtoReflectionService
2026-03-05 18:33:01 INFO  [] [main] n.d.b.g.s.s.GrpcServerLifecycle : gRPC Server started, listening on address: *, port: 9090
2026-03-05 18:33:01 INFO  [] [main] c.p.b.PlanitBaseTemplateApplication : Started PlanitBaseTemplateApplication in 4.962 seconds (process running for 5.431)
2026-03-05 18:41:22 INFO  [] [http-nio-8081-exec-1] o.a.c.c.C.[Tomcat].[localhost].[/] : Initializing Spring DispatcherServlet 'dispatcherServlet'
2026-03-05 18:41:22 INFO  [] [http-nio-8081-exec-1] o.s.web.servlet.DispatcherServlet : Initializing Servlet 'dispatcherServlet'
2026-03-05 18:41:22 INFO  [] [http-nio-8081-exec-1] o.s.web.servlet.DispatcherServlet : Completed initialization in 64 ms
2026-03-05 18:41:22 INFO  [69a94fc2492cd9886bdfe97b15dd954b] [http-nio-8081-exec-1] c.p.u.controller.CategoryController : Get categories request
2026-03-05 18:41:22 INFO  [69a94fc2492cd9886bdfe97b15dd954b] [http-nio-8081-exec-1] c.p.u.service.CategoryService : Fetching categories from database
2026-03-05 18:41:57 INFO  [69a94fe43f23c11d553803b1b9655797] [http-nio-8081-exec-4] c.p.u.controller.AuthController : Login request
2026-03-05 18:41:57 INFO  [69a94fe43f23c11d553803b1b9655797] [http-nio-8081-exec-4] c.p.u.security.CognitoService : Local profile detected - extracting sub from idToken directly
2026-03-05 18:41:57 INFO  [69a94fe43f23c11d553803b1b9655797] [http-nio-8081-exec-4] c.p.u.security.CognitoService : Token payload: {"at_hash":"0EIM5ItCgPBgUHL2UZSGqg","sub":"74181d9c-7001-70dd-c3e9-d2697a482c19","cognito:groups":["ap-northeast-2_GKpckavjT_Google"],"email_verified":false,"iss":"https:\/\/cognito-idp.ap-northeast-2.amazonaws.com\/ap-northeast-2_GKpckavjT","cognito:username":"google_107679341415152317616","origin_jti":"b19cd35f-61eb-4108-bbbe-75ef0df89794","aud":"6j5ajq8p3b7d894qt5msp4hair","identities":[{"dateCreated":"1772701255713","userId":"107679341415152317616","providerName":"Google","providerType":"Google","issuer":null,"primary":"true"}],"token_use":"id","auth_time":1772703706,"exp":1772707316,"iat":1772703716,"jti":"4f7af0c8-c36c-472b-ae10-09ee6679c468","email":"jdragon0151@gmail.com"}
2026-03-05 18:41:57 INFO  [69a94fe43f23c11d553803b1b9655797] [http-nio-8081-exec-4] c.p.u.security.CognitoService : Extracted sub from token: 74181d9c-7001-70dd-c3e9-d2697a482c19
2026-03-05 18:41:57 INFO  [69a94fe5515688807a5ebe8fb4b24789] [http-nio-8081-exec-6] c.p.u.controller.AuthController : Check withdrawn request
2026-03-05 18:41:57 INFO  [69a94fe5515688807a5ebe8fb4b24789] [http-nio-8081-exec-6] c.p.u.security.CognitoService : Extracted email from token: jdragon0151@gmail.com
2026-03-05 18:41:57 INFO  [69a94fe5515688807a5ebe8fb4b24789] [http-nio-8081-exec-6] c.p.userservice.service.AuthService : Check withdrawn for email: jdragon0151@gmail.com
2026-03-05 18:41:57 INFO  [69a94fe5023df4242b91216828599aaa] [http-nio-8081-exec-7] c.p.u.controller.CategoryController : Get categories request
2026-03-05 18:41:57 INFO  [69a94fe5023df4242b91216828599aaa] [http-nio-8081-exec-7] c.p.u.service.CategoryService : Fetching categories from database
2026-03-05 18:42:06 INFO  [69a94fee5c5260391670be4ef0f0a7f8] [http-nio-8081-exec-8] c.p.u.controller.CategoryController : Get categories request
2026-03-05 18:42:06 INFO  [69a94fee5c5260391670be4ef0f0a7f8] [http-nio-8081-exec-8] c.p.u.service.CategoryService : Fetching categories from database
2026-03-05 18:42:07 INFO  [69a94fefddd694f76132a404db7ce667] [http-nio-8081-exec-9] c.p.u.controller.CategoryController : Get categories request
2026-03-05 18:42:07 INFO  [69a94fefddd694f76132a404db7ce667] [http-nio-8081-exec-9] c.p.u.service.CategoryService : Fetching categories from database
2026-03-05 18:42:07 INFO  [69a94fef77699222c5220f78d1912336] [http-nio-8081-exec-10] c.p.u.controller.CategoryController : Get categories request
2026-03-05 18:42:07 INFO  [69a94fef77699222c5220f78d1912336] [http-nio-8081-exec-10] c.p.u.service.CategoryService : Fetching categories from database
2026-03-05 18:42:07 INFO  [69a94fefd045495c6d8db2bf2212ef2e] [http-nio-8081-exec-1] c.p.u.controller.CategoryController : Get categories request
2026-03-05 18:42:07 INFO  [69a94fefd045495c6d8db2bf2212ef2e] [http-nio-8081-exec-1] c.p.u.service.CategoryService : Fetching categories from database
2026-03-05 18:42:08 INFO  [69a94ff08d45574ffbc1701cc476cdea] [http-nio-8081-exec-2] c.p.u.controller.CategoryController : Get categories request
2026-03-05 18:42:08 INFO  [69a94ff08d45574ffbc1701cc476cdea] [http-nio-8081-exec-2] c.p.u.service.CategoryService : Fetching categories from database
2026-03-05 18:42:08 INFO  [69a94ff0381786130fedf0338810607c] [http-nio-8081-exec-3] c.p.u.controller.CategoryController : Get categories request
2026-03-05 18:42:08 INFO  [69a94ff0381786130fedf0338810607c] [http-nio-8081-exec-3] c.p.u.service.CategoryService : Fetching categories from database
2026-03-05 18:42:08 INFO  [69a94ff0e0f0593ab05d33b1dd96e55d] [http-nio-8081-exec-4] c.p.u.controller.CategoryController : Get categories request
2026-03-05 18:42:08 INFO  [69a94ff0e0f0593ab05d33b1dd96e55d] [http-nio-8081-exec-4] c.p.u.service.CategoryService : Fetching categories from database
2026-03-05 18:42:09 INFO  [69a94ff1559fc88bf3ac33463396d348] [http-nio-8081-exec-5] c.p.u.controller.CategoryController : Get categories request
2026-03-05 18:42:09 INFO  [69a94ff1559fc88bf3ac33463396d348] [http-nio-8081-exec-5] c.p.u.service.CategoryService : Fetching categories from database
2026-03-05 18:42:09 INFO  [69a94ff149744b01eee79ede6bc703bf] [http-nio-8081-exec-6] c.p.u.controller.CategoryController : Get categories request
2026-03-05 18:42:09 INFO  [69a94ff149744b01eee79ede6bc703bf] [http-nio-8081-exec-6] c.p.u.service.CategoryService : Fetching categories from database
2026-03-05 18:42:09 INFO  [69a94ff1b705fd71b016a8dd802bc0bb] [http-nio-8081-exec-7] c.p.u.controller.CategoryController : Get categories request
2026-03-05 18:42:09 INFO  [69a94ff1b705fd71b016a8dd802bc0bb] [http-nio-8081-exec-7] c.p.u.service.CategoryService : Fetching categories from database
2026-03-05 18:43:45 INFO  [69a95051f3bba63e424bfb34f5725928] [http-nio-8081-exec-9] c.p.u.controller.CategoryController : Get categories request
2026-03-05 18:43:45 INFO  [69a95051f3bba63e424bfb34f5725928] [http-nio-8081-exec-9] c.p.u.service.CategoryService : Fetching categories from database
2026-03-05 18:43:53 INFO  [69a950587714ac3d46ab87582a14762e] [http-nio-8081-exec-1] c.p.u.controller.AuthController : Signup request: Test
2026-03-05 18:43:53 INFO  [69a950587714ac3d46ab87582a14762e] [http-nio-8081-exec-1] c.p.u.security.CognitoService : Local profile detected - extracting sub from idToken directly
2026-03-05 18:43:53 INFO  [69a950587714ac3d46ab87582a14762e] [http-nio-8081-exec-1] c.p.u.security.CognitoService : Token payload: {"at_hash":"0EIM5ItCgPBgUHL2UZSGqg","sub":"74181d9c-7001-70dd-c3e9-d2697a482c19","cognito:groups":["ap-northeast-2_GKpckavjT_Google"],"email_verified":false,"iss":"https:\/\/cognito-idp.ap-northeast-2.amazonaws.com\/ap-northeast-2_GKpckavjT","cognito:username":"google_107679341415152317616","origin_jti":"b19cd35f-61eb-4108-bbbe-75ef0df89794","aud":"6j5ajq8p3b7d894qt5msp4hair","identities":[{"dateCreated":"1772701255713","userId":"107679341415152317616","providerName":"Google","providerType":"Google","issuer":null,"primary":"true"}],"token_use":"id","auth_time":1772703706,"exp":1772707316,"iat":1772703716,"jti":"4f7af0c8-c36c-472b-ae10-09ee6679c468","email":"jdragon0151@gmail.com"}
2026-03-05 18:43:53 INFO  [69a950587714ac3d46ab87582a14762e] [http-nio-8081-exec-1] c.p.u.security.CognitoService : Extracted sub from token: 74181d9c-7001-70dd-c3e9-d2697a482c19
2026-03-05 18:45:43 INFO  [69a950c750aebef62d55d4364d59e9a4] [http-nio-8081-exec-3] c.p.u.controller.CategoryController : Get categories request
2026-03-05 18:45:43 INFO  [69a950c750aebef62d55d4364d59e9a4] [http-nio-8081-exec-3] c.p.u.service.CategoryService : Fetching categories from database
2026-03-05 18:46:04 INFO  [69a950dc1ed2be2671a46ba50eb95252] [http-nio-8081-exec-5] c.p.u.controller.AuthController : Login request
2026-03-05 18:46:04 INFO  [69a950dc1ed2be2671a46ba50eb95252] [http-nio-8081-exec-5] c.p.u.security.CognitoService : Local profile detected - extracting sub from idToken directly
2026-03-05 18:46:04 INFO  [69a950dc1ed2be2671a46ba50eb95252] [http-nio-8081-exec-5] c.p.u.security.CognitoService : Token payload: {"at_hash":"UIZzFSWFSppT6pZW5Z_18g","sub":"0408fd3c-8071-70a2-7823-ca64874e5472","cognito:groups":["ap-northeast-2_GKpckavjT_Google"],"email_verified":false,"iss":"https:\/\/cognito-idp.ap-northeast-2.amazonaws.com\/ap-northeast-2_GKpckavjT","cognito:username":"google_107679341415152317616","origin_jti":"071b51ba-f946-45bd-8a02-b0bbd930c08a","aud":"6j5ajq8p3b7d894qt5msp4hair","identities":[{"dateCreated":"1772703963601","userId":"107679341415152317616","providerName":"Google","providerType":"Google","issuer":null,"primary":"true"}],"token_use":"id","auth_time":1772703964,"exp":1772707564,"iat":1772703964,"jti":"56fd28df-8ddb-4606-a743-31a6b0bc458c","email":"jdragon0151@gmail.com"}
2026-03-05 18:46:04 INFO  [69a950dc1ed2be2671a46ba50eb95252] [http-nio-8081-exec-5] c.p.u.security.CognitoService : Extracted sub from token: 0408fd3c-8071-70a2-7823-ca64874e5472
2026-03-05 18:46:04 INFO  [69a950dc537413acf210b61b4fe94a60] [http-nio-8081-exec-7] c.p.u.controller.AuthController : Check withdrawn request
2026-03-05 18:46:04 INFO  [69a950dc537413acf210b61b4fe94a60] [http-nio-8081-exec-7] c.p.u.security.CognitoService : Extracted email from token: jdragon0151@gmail.com
2026-03-05 18:46:04 INFO  [69a950dc537413acf210b61b4fe94a60] [http-nio-8081-exec-7] c.p.userservice.service.AuthService : Check withdrawn for email: jdragon0151@gmail.com
2026-03-05 18:46:05 INFO  [69a950dd3f33da58c13313798346b306] [http-nio-8081-exec-8] c.p.u.controller.CategoryController : Get categories request
2026-03-05 18:46:05 INFO  [69a950dd3f33da58c13313798346b306] [http-nio-8081-exec-8] c.p.u.service.CategoryService : Fetching categories from database
2026-03-05 18:46:11 INFO  [69a950e3b87c20cc4dce008167ec68a2] [http-nio-8081-exec-10] c.p.u.controller.AuthController : Signup request: test
2026-03-05 18:46:11 INFO  [69a950e3b87c20cc4dce008167ec68a2] [http-nio-8081-exec-10] c.p.u.security.CognitoService : Local profile detected - extracting sub from idToken directly
2026-03-05 18:46:11 INFO  [69a950e3b87c20cc4dce008167ec68a2] [http-nio-8081-exec-10] c.p.u.security.CognitoService : Token payload: {"at_hash":"UIZzFSWFSppT6pZW5Z_18g","sub":"0408fd3c-8071-70a2-7823-ca64874e5472","cognito:groups":["ap-northeast-2_GKpckavjT_Google"],"email_verified":false,"iss":"https:\/\/cognito-idp.ap-northeast-2.amazonaws.com\/ap-northeast-2_GKpckavjT","cognito:username":"google_107679341415152317616","origin_jti":"071b51ba-f946-45bd-8a02-b0bbd930c08a","aud":"6j5ajq8p3b7d894qt5msp4hair","identities":[{"dateCreated":"1772703963601","userId":"107679341415152317616","providerName":"Google","providerType":"Google","issuer":null,"primary":"true"}],"token_use":"id","auth_time":1772703964,"exp":1772707564,"iat":1772703964,"jti":"56fd28df-8ddb-4606-a743-31a6b0bc458c","email":"jdragon0151@gmail.com"}
2026-03-05 18:46:11 INFO  [69a950e3b87c20cc4dce008167ec68a2] [http-nio-8081-exec-10] c.p.u.security.CognitoService : Extracted sub from token: 0408fd3c-8071-70a2-7823-ca64874e5472
2026-03-05 18:48:53 INFO  [69a95185c124c606f8f1c48b33cf20f0] [http-nio-8081-exec-2] c.p.u.controller.CategoryController : Get categories request
2026-03-05 18:48:53 INFO  [69a95185c124c606f8f1c48b33cf20f0] [http-nio-8081-exec-2] c.p.u.service.CategoryService : Fetching categories from database
2026-03-05 18:49:08 INFO  [69a95194e7fb96271abfe6dd5227ae90] [http-nio-8081-exec-4] c.p.u.controller.AuthController : Login request
2026-03-05 18:49:08 INFO  [69a95194e7fb96271abfe6dd5227ae90] [http-nio-8081-exec-4] c.p.u.security.CognitoService : Local profile detected - extracting sub from idToken directly
2026-03-05 18:49:08 INFO  [69a95194e7fb96271abfe6dd5227ae90] [http-nio-8081-exec-4] c.p.u.security.CognitoService : Token payload: {"at_hash":"clJ78gxFJayw1-wLYCaxxA","sub":"04480d2c-1051-702a-08f3-8c51cf667023","cognito:groups":["ap-northeast-2_GKpckavjT_Google"],"email_verified":false,"iss":"https:\/\/cognito-idp.ap-northeast-2.amazonaws.com\/ap-northeast-2_GKpckavjT","cognito:username":"google_107679341415152317616","origin_jti":"7d179f04-ab59-42e0-933e-8cb2b0961a9f","aud":"6j5ajq8p3b7d894qt5msp4hair","identities":[{"dateCreated":"1772704137435","userId":"107679341415152317616","providerName":"Google","providerType":"Google","issuer":null,"primary":"true"}],"token_use":"id","auth_time":1772704138,"exp":1772707748,"iat":1772704148,"jti":"0aa6dd8a-68b6-4c10-adb6-671b2fe6794d","email":"jdragon0151@gmail.com"}
2026-03-05 18:49:08 INFO  [69a95194e7fb96271abfe6dd5227ae90] [http-nio-8081-exec-4] c.p.u.security.CognitoService : Extracted sub from token: 04480d2c-1051-702a-08f3-8c51cf667023
2026-03-05 18:49:08 INFO  [69a951949fe6670fb623a1d9aa4019f1] [http-nio-8081-exec-6] c.p.u.controller.AuthController : Check withdrawn request
2026-03-05 18:49:08 INFO  [69a951949fe6670fb623a1d9aa4019f1] [http-nio-8081-exec-6] c.p.u.security.CognitoService : Extracted email from token: jdragon0151@gmail.com
2026-03-05 18:49:08 INFO  [69a951949fe6670fb623a1d9aa4019f1] [http-nio-8081-exec-6] c.p.userservice.service.AuthService : Check withdrawn for email: jdragon0151@gmail.com
2026-03-05 18:49:09 INFO  [69a95195c451fd1ebff8032c834aee9c] [http-nio-8081-exec-7] c.p.u.controller.CategoryController : Get categories request
2026-03-05 18:49:09 INFO  [69a95195c451fd1ebff8032c834aee9c] [http-nio-8081-exec-7] c.p.u.service.CategoryService : Fetching categories from database
2026-03-05 18:49:18 INFO  [69a9519e9eaa8c21a690bc348f879848] [http-nio-8081-exec-9] c.p.u.controller.AuthController : Signup request: test
2026-03-05 18:49:18 INFO  [69a9519e9eaa8c21a690bc348f879848] [http-nio-8081-exec-9] c.p.u.security.CognitoService : Local profile detected - extracting sub from idToken directly
2026-03-05 18:49:18 INFO  [69a9519e9eaa8c21a690bc348f879848] [http-nio-8081-exec-9] c.p.u.security.CognitoService : Token payload: {"at_hash":"clJ78gxFJayw1-wLYCaxxA","sub":"04480d2c-1051-702a-08f3-8c51cf667023","cognito:groups":["ap-northeast-2_GKpckavjT_Google"],"email_verified":false,"iss":"https:\/\/cognito-idp.ap-northeast-2.amazonaws.com\/ap-northeast-2_GKpckavjT","cognito:username":"google_107679341415152317616","origin_jti":"7d179f04-ab59-42e0-933e-8cb2b0961a9f","aud":"6j5ajq8p3b7d894qt5msp4hair","identities":[{"dateCreated":"1772704137435","userId":"107679341415152317616","providerName":"Google","providerType":"Google","issuer":null,"primary":"true"}],"token_use":"id","auth_time":1772704138,"exp":1772707748,"iat":1772704148,"jti":"0aa6dd8a-68b6-4c10-adb6-671b2fe6794d","email":"jdragon0151@gmail.com"}
2026-03-05 18:49:18 INFO  [69a9519e9eaa8c21a690bc348f879848] [http-nio-8081-exec-9] c.p.u.security.CognitoService : Extracted sub from token: 04480d2c-1051-702a-08f3-8c51cf667023
2026-03-05 18:49:36 INFO  [69a951b09c959fda94463920ade35768] [http-nio-8081-exec-1] c.p.u.controller.AuthController : Login request
2026-03-05 18:49:36 INFO  [69a951b09c959fda94463920ade35768] [http-nio-8081-exec-1] c.p.u.security.CognitoService : Local profile detected - extracting sub from idToken directly
2026-03-05 18:49:36 INFO  [69a951b09c959fda94463920ade35768] [http-nio-8081-exec-1] c.p.u.security.CognitoService : Token payload: {"at_hash":"nlGNzeQXWs1YqVqmhSjCmQ","sub":"04480d2c-1051-702a-08f3-8c51cf667023","cognito:groups":["ap-northeast-2_GKpckavjT_Google"],"email_verified":false,"iss":"https:\/\/cognito-idp.ap-northeast-2.amazonaws.com\/ap-northeast-2_GKpckavjT","cognito:username":"google_107679341415152317616","origin_jti":"8a4340a6-2cac-4d54-ab4a-7ca87937c1a1","aud":"6j5ajq8p3b7d894qt5msp4hair","identities":[{"dateCreated":"1772704137435","userId":"107679341415152317616","providerName":"Google","providerType":"Google","issuer":null,"primary":"true"}],"token_use":"id","auth_time":1772704176,"exp":1772707776,"iat":1772704176,"jti":"2ca7dc99-65b1-48a1-8511-33707c1422ec","email":"jdragon0151@gmail.com"}
2026-03-05 18:49:36 INFO  [69a951b09c959fda94463920ade35768] [http-nio-8081-exec-1] c.p.u.security.CognitoService : Extracted sub from token: 04480d2c-1051-702a-08f3-8c51cf667023
2026-03-05 18:49:36 INFO  [69a951b0fdc7fafd92872d654196cb8b] [http-nio-8081-exec-3] c.p.u.controller.AuthController : Check withdrawn request
2026-03-05 18:49:36 INFO  [69a951b0fdc7fafd92872d654196cb8b] [http-nio-8081-exec-3] c.p.u.security.CognitoService : Extracted email from token: jdragon0151@gmail.com
2026-03-05 18:49:36 INFO  [69a951b0fdc7fafd92872d654196cb8b] [http-nio-8081-exec-3] c.p.userservice.service.AuthService : Check withdrawn for email: jdragon0151@gmail.com
2026-03-05 18:49:37 INFO  [69a951b1cb88422ab90944efa8456813] [http-nio-8081-exec-4] c.p.u.controller.CategoryController : Get categories request
2026-03-05 18:49:37 INFO  [69a951b1cb88422ab90944efa8456813] [http-nio-8081-exec-4] c.p.u.service.CategoryService : Fetching categories from database
2026-03-05 18:49:42 INFO  [69a951b6b0dc3cddae1ba2a68f684e3d] [http-nio-8081-exec-6] c.p.u.controller.AuthController : Signup request: test
2026-03-05 18:49:42 INFO  [69a951b6b0dc3cddae1ba2a68f684e3d] [http-nio-8081-exec-6] c.p.u.security.CognitoService : Local profile detected - extracting sub from idToken directly
2026-03-05 18:49:42 INFO  [69a951b6b0dc3cddae1ba2a68f684e3d] [http-nio-8081-exec-6] c.p.u.security.CognitoService : Token payload: {"at_hash":"nlGNzeQXWs1YqVqmhSjCmQ","sub":"04480d2c-1051-702a-08f3-8c51cf667023","cognito:groups":["ap-northeast-2_GKpckavjT_Google"],"email_verified":false,"iss":"https:\/\/cognito-idp.ap-northeast-2.amazonaws.com\/ap-northeast-2_GKpckavjT","cognito:username":"google_107679341415152317616","origin_jti":"8a4340a6-2cac-4d54-ab4a-7ca87937c1a1","aud":"6j5ajq8p3b7d894qt5msp4hair","identities":[{"dateCreated":"1772704137435","userId":"107679341415152317616","providerName":"Google","providerType":"Google","issuer":null,"primary":"true"}],"token_use":"id","auth_time":1772704176,"exp":1772707776,"iat":1772704176,"jti":"2ca7dc99-65b1-48a1-8511-33707c1422ec","email":"jdragon0151@gmail.com"}
2026-03-05 18:49:42 INFO  [69a951b6b0dc3cddae1ba2a68f684e3d] [http-nio-8081-exec-6] c.p.u.security.CognitoService : Extracted sub from token: 04480d2c-1051-702a-08f3-8c51cf667023
2026-03-05 18:50:25 INFO  [69a951e11d5a32613c290162464e6716] [http-nio-8081-exec-8] c.p.u.controller.CategoryController : Get categories request
2026-03-05 18:50:25 INFO  [69a951e11d5a32613c290162464e6716] [http-nio-8081-exec-8] c.p.u.service.CategoryService : Fetching categories from database
2026-03-05 18:50:55 INFO  [69a951ff3fbe23800cc13e9cef935ed5] [http-nio-8081-exec-10] c.p.u.controller.AuthController : Login request
2026-03-05 18:50:55 INFO  [69a951ff3fbe23800cc13e9cef935ed5] [http-nio-8081-exec-10] c.p.u.security.CognitoService : Local profile detected - extracting sub from idToken directly
2026-03-05 18:50:55 INFO  [69a951ff3fbe23800cc13e9cef935ed5] [http-nio-8081-exec-10] c.p.u.security.CognitoService : Token payload: {"at_hash":"vw1AYwGVc5sHhOKqfeyxEQ","sub":"1448ad6c-9011-7045-f91d-2dadd8a53c06","cognito:groups":["ap-northeast-2_GKpckavjT_Google"],"email_verified":false,"iss":"https:\/\/cognito-idp.ap-northeast-2.amazonaws.com\/ap-northeast-2_GKpckavjT","cognito:username":"google_107679341415152317616","origin_jti":"6d11e089-4038-4cfc-acf0-7b7307acabb4","aud":"6j5ajq8p3b7d894qt5msp4hair","identities":[{"dateCreated":"1772704243818","userId":"107679341415152317616","providerName":"Google","providerType":"Google","issuer":null,"primary":"true"}],"token_use":"id","auth_time":1772704244,"exp":1772707855,"iat":1772704255,"jti":"c2fd0e86-34a8-4d74-9b1a-69c288365cf8","email":"jdragon0151@gmail.com"}
2026-03-05 18:50:55 INFO  [69a951ff3fbe23800cc13e9cef935ed5] [http-nio-8081-exec-10] c.p.u.security.CognitoService : Extracted sub from token: 1448ad6c-9011-7045-f91d-2dadd8a53c06
2026-03-05 18:50:55 INFO  [69a951fff7499b488eed6d5958e54b3a] [http-nio-8081-exec-2] c.p.u.controller.AuthController : Check withdrawn request
2026-03-05 18:50:55 INFO  [69a951fff7499b488eed6d5958e54b3a] [http-nio-8081-exec-2] c.p.u.security.CognitoService : Extracted email from token: jdragon0151@gmail.com
2026-03-05 18:50:55 INFO  [69a951fff7499b488eed6d5958e54b3a] [http-nio-8081-exec-2] c.p.userservice.service.AuthService : Check withdrawn for email: jdragon0151@gmail.com
2026-03-05 18:50:55 INFO  [69a951ff8868d85191bbabd28a829623] [http-nio-8081-exec-3] c.p.u.controller.CategoryController : Get categories request
2026-03-05 18:50:55 INFO  [69a951ff8868d85191bbabd28a829623] [http-nio-8081-exec-3] c.p.u.service.CategoryService : Fetching categories from database
2026-03-05 18:51:03 INFO  [69a95207d94a19098ef7f3cb7d6aff51] [http-nio-8081-exec-5] c.p.u.controller.AuthController : Signup request: test
2026-03-05 18:51:03 INFO  [69a95207d94a19098ef7f3cb7d6aff51] [http-nio-8081-exec-5] c.p.u.security.CognitoService : Local profile detected - extracting sub from idToken directly
2026-03-05 18:51:03 INFO  [69a95207d94a19098ef7f3cb7d6aff51] [http-nio-8081-exec-5] c.p.u.security.CognitoService : Token payload: {"at_hash":"vw1AYwGVc5sHhOKqfeyxEQ","sub":"1448ad6c-9011-7045-f91d-2dadd8a53c06","cognito:groups":["ap-northeast-2_GKpckavjT_Google"],"email_verified":false,"iss":"https:\/\/cognito-idp.ap-northeast-2.amazonaws.com\/ap-northeast-2_GKpckavjT","cognito:username":"google_107679341415152317616","origin_jti":"6d11e089-4038-4cfc-acf0-7b7307acabb4","aud":"6j5ajq8p3b7d894qt5msp4hair","identities":[{"dateCreated":"1772704243818","userId":"107679341415152317616","providerName":"Google","providerType":"Google","issuer":null,"primary":"true"}],"token_use":"id","auth_time":1772704244,"exp":1772707855,"iat":1772704255,"jti":"c2fd0e86-34a8-4d74-9b1a-69c288365cf8","email":"jdragon0151@gmail.com"}
2026-03-05 18:51:03 INFO  [69a95207d94a19098ef7f3cb7d6aff51] [http-nio-8081-exec-5] c.p.u.security.CognitoService : Extracted sub from token: 1448ad6c-9011-7045-f91d-2dadd8a53c06
2026-03-05 19:00:39 INFO  [69a95447bbb974e8a30d925505e9b509] [http-nio-8081-exec-9] c.p.u.controller.CategoryController : Get categories request
2026-03-05 19:00:39 INFO  [69a95447bbb974e8a30d925505e9b509] [http-nio-8081-exec-9] c.p.u.service.CategoryService : Fetching categories from database
2026-03-05 19:05:57 INFO  [69a955856901826431379b0d72c514f5] [http-nio-8081-exec-1] c.p.u.controller.CategoryController : Get categories request
2026-03-05 19:05:57 INFO  [69a955856901826431379b0d72c514f5] [http-nio-8081-exec-1] c.p.u.service.CategoryService : Fetching categories from database
2026-03-05 19:06:11 INFO  [69a955936e01a992a48141589fd0e8da] [http-nio-8081-exec-3] c.p.u.controller.AuthController : Login request
2026-03-05 19:06:11 INFO  [69a955936e01a992a48141589fd0e8da] [http-nio-8081-exec-3] c.p.u.security.CognitoService : Local profile detected - extracting sub from idToken directly
2026-03-05 19:06:11 INFO  [69a955936e01a992a48141589fd0e8da] [http-nio-8081-exec-3] c.p.u.security.CognitoService : Token payload: {"at_hash":"jj2IhD4Ddvb4ZUINtJVHfg","sub":"64a80d6c-d021-70fb-4e3a-06f3473d4e61","cognito:groups":["ap-northeast-2_GKpckavjT_Google"],"email_verified":false,"iss":"https:\/\/cognito-idp.ap-northeast-2.amazonaws.com\/ap-northeast-2_GKpckavjT","cognito:username":"google_107679341415152317616","origin_jti":"fcaad985-423a-4fb3-afd7-842b491dc031","aud":"6j5ajq8p3b7d894qt5msp4hair","identities":[{"dateCreated":"1772705160707","userId":"107679341415152317616","providerName":"Google","providerType":"Google","issuer":null,"primary":"true"}],"token_use":"id","auth_time":1772705161,"exp":1772708771,"iat":1772705171,"jti":"1b6b37a0-48d9-414e-a103-41d54e06abf8","email":"jdragon0151@gmail.com"}
2026-03-05 19:06:11 INFO  [69a955936e01a992a48141589fd0e8da] [http-nio-8081-exec-3] c.p.u.security.CognitoService : Extracted sub from token: 64a80d6c-d021-70fb-4e3a-06f3473d4e61
2026-03-05 19:06:12 INFO  [69a95594cc0d5e4ec0a20507d23a9a4f] [http-nio-8081-exec-5] c.p.u.controller.AuthController : Check withdrawn request
2026-03-05 19:06:12 INFO  [69a95594cc0d5e4ec0a20507d23a9a4f] [http-nio-8081-exec-5] c.p.u.security.CognitoService : Extracted email from token: jdragon0151@gmail.com
2026-03-05 19:06:12 INFO  [69a95594cc0d5e4ec0a20507d23a9a4f] [http-nio-8081-exec-5] c.p.userservice.service.AuthService : Check withdrawn for email: jdragon0151@gmail.com
2026-03-05 19:06:12 INFO  [69a95594333dda0b35859deae4db1205] [http-nio-8081-exec-6] c.p.u.controller.CategoryController : Get categories request
2026-03-05 19:06:12 INFO  [69a95594333dda0b35859deae4db1205] [http-nio-8081-exec-6] c.p.u.service.CategoryService : Fetching categories from database
2026-03-05 19:06:19 INFO  [69a9559be790654b4dd207bc5a8ff6ab] [http-nio-8081-exec-8] c.p.u.controller.AuthController : Signup request: test
2026-03-05 19:06:19 INFO  [69a9559be790654b4dd207bc5a8ff6ab] [http-nio-8081-exec-8] c.p.u.security.CognitoService : Local profile detected - extracting sub from idToken directly
2026-03-05 19:06:19 INFO  [69a9559be790654b4dd207bc5a8ff6ab] [http-nio-8081-exec-8] c.p.u.security.CognitoService : Token payload: {"at_hash":"jj2IhD4Ddvb4ZUINtJVHfg","sub":"64a80d6c-d021-70fb-4e3a-06f3473d4e61","cognito:groups":["ap-northeast-2_GKpckavjT_Google"],"email_verified":false,"iss":"https:\/\/cognito-idp.ap-northeast-2.amazonaws.com\/ap-northeast-2_GKpckavjT","cognito:username":"google_107679341415152317616","origin_jti":"fcaad985-423a-4fb3-afd7-842b491dc031","aud":"6j5ajq8p3b7d894qt5msp4hair","identities":[{"dateCreated":"1772705160707","userId":"107679341415152317616","providerName":"Google","providerType":"Google","issuer":null,"primary":"true"}],"token_use":"id","auth_time":1772705161,"exp":1772708771,"iat":1772705171,"jti":"1b6b37a0-48d9-414e-a103-41d54e06abf8","email":"jdragon0151@gmail.com"}
2026-03-05 19:06:19 INFO  [69a9559be790654b4dd207bc5a8ff6ab] [http-nio-8081-exec-8] c.p.u.security.CognitoService : Extracted sub from token: 64a80d6c-d021-70fb-4e3a-06f3473d4e61
2026-03-05 19:10:05 INFO  [] [SpringApplicationShutdownHook] n.d.b.g.s.s.GrpcServerLifecycle : Completed gRPC server shutdown
2026-03-05 19:10:05 INFO  [] [SpringApplicationShutdownHook] o.s.b.w.e.tomcat.GracefulShutdown : Commencing graceful shutdown. Waiting for active requests to complete
2026-03-05 19:10:05 INFO  [] [tomcat-shutdown] o.s.b.w.e.tomcat.GracefulShutdown : Graceful shutdown complete
2026-03-05 19:10:05 INFO  [] [SpringApplicationShutdownHook] o.s.o.j.LocalContainerEntityManagerFactoryBean : Closing JPA EntityManagerFactory for persistence unit 'default'
2026-03-05 19:10:05 INFO  [] [SpringApplicationShutdownHook] com.zaxxer.hikari.HikariDataSource : HikariPool-1 - Shutdown initiated...
2026-03-05 19:10:05 INFO  [] [SpringApplicationShutdownHook] com.zaxxer.hikari.HikariDataSource : HikariPool-1 - Shutdown completed.
2026-03-05 19:10:14 INFO  [] [background-preinit] o.h.validator.internal.util.Version : HV000001: Hibernate Validator 8.0.2.Final
2026-03-05 19:10:15 INFO  [] [main] c.p.b.PlanitBaseTemplateApplication : Starting PlanitBaseTemplateApplication using Java 17.0.16 with PID 49304 (/Users/jybill01/Folder/02_Study/03_AWS_Cloud_School/03_Project/03_project/Full/PlanIt-User-svc/build/classes/java/main started by jybill01 in /Users/jybill01/Folder/02_Study/03_AWS_Cloud_School/03_Project/03_project/Full/PlanIt-User-svc)
2026-03-05 19:10:15 INFO  [] [main] c.p.b.PlanitBaseTemplateApplication : No active profile set, falling back to 1 default profile: "default"
2026-03-05 19:10:16 INFO  [] [main] o.s.d.r.c.RepositoryConfigurationDelegate : Multiple Spring Data modules found, entering strict repository configuration mode
2026-03-05 19:10:16 INFO  [] [main] o.s.d.r.c.RepositoryConfigurationDelegate : Bootstrapping Spring Data JPA repositories in DEFAULT mode.
2026-03-05 19:10:16 INFO  [] [main] o.s.d.r.c.RepositoryConfigurationDelegate : Finished Spring Data repository scanning in 98 ms. Found 6 JPA repository interfaces.
2026-03-05 19:10:16 INFO  [] [main] o.s.d.r.c.RepositoryConfigurationDelegate : Multiple Spring Data modules found, entering strict repository configuration mode
2026-03-05 19:10:16 INFO  [] [main] o.s.d.r.c.RepositoryConfigurationDelegate : Bootstrapping Spring Data Redis repositories in DEFAULT mode.
2026-03-05 19:10:16 INFO  [] [main] o.s.d.r.c.RepositoryConfigurationDelegate : Finished Spring Data repository scanning in 1 ms. Found 0 Redis repository interfaces.
2026-03-05 19:10:17 INFO  [] [main] o.s.b.w.e.tomcat.TomcatWebServer : Tomcat initialized with port 8081 (http)
2026-03-05 19:10:17 INFO  [] [main] o.a.coyote.http11.Http11NioProtocol : Initializing ProtocolHandler ["http-nio-8081"]
2026-03-05 19:10:17 INFO  [] [main] o.a.catalina.core.StandardService : Starting service [Tomcat]
2026-03-05 19:10:17 INFO  [] [main] o.a.catalina.core.StandardEngine : Starting Servlet engine: [Apache Tomcat/10.1.36]
2026-03-05 19:10:17 INFO  [] [main] o.a.c.c.C.[Tomcat].[localhost].[/] : Initializing Spring embedded WebApplicationContext
2026-03-05 19:10:17 INFO  [] [main] o.s.b.w.s.c.ServletWebServerApplicationContext : Root WebApplicationContext: initialization completed in 1810 ms
2026-03-05 19:10:17 INFO  [] [main] o.h.jpa.internal.util.LogHelper : HHH000204: Processing PersistenceUnitInfo [name: default]
2026-03-05 19:10:17 INFO  [] [main] org.hibernate.Version : HHH000412: Hibernate ORM core version 6.6.8.Final
2026-03-05 19:10:17 INFO  [] [main] o.h.c.i.RegionFactoryInitiator : HHH000026: Second-level cache disabled
2026-03-05 19:10:17 INFO  [] [main] o.s.o.j.p.SpringPersistenceUnitInfo : No LoadTimeWeaver setup: ignoring JPA class transformer
2026-03-05 19:10:17 INFO  [] [main] com.zaxxer.hikari.HikariDataSource : HikariPool-1 - Starting...
2026-03-05 19:10:17 INFO  [] [main] com.zaxxer.hikari.pool.HikariPool : HikariPool-1 - Added connection org.mariadb.jdbc.Connection@37d3e740
2026-03-05 19:10:17 INFO  [] [main] com.zaxxer.hikari.HikariDataSource : HikariPool-1 - Start completed.
2026-03-05 19:10:17 INFO  [] [main] o.hibernate.orm.connections.pooling : HHH10001005: Database info:
	Database JDBC URL [Connecting through datasource 'HikariDataSource (HikariPool-1)']
	Database driver: undefined/unknown
	Database version: 12.2.2
	Autocommit mode: undefined/unknown
	Isolation level: undefined/unknown
	Minimum pool size: undefined/unknown
	Maximum pool size: undefined/unknown
2026-03-05 19:10:18 INFO  [] [main] o.h.e.t.j.p.i.JtaPlatformInitiator : HHH000489: No JTA platform available (set 'hibernate.transaction.jta.platform' to enable JTA platform integration)
2026-03-05 19:10:18 INFO  [] [main] o.s.o.j.LocalContainerEntityManagerFactoryBean : Initialized JPA EntityManagerFactory for persistence unit 'default'
2026-03-05 19:10:18 INFO  [] [main] o.s.d.j.r.query.QueryEnhancerFactory : Hibernate is in classpath; If applicable, HQL parser will be used.
2026-03-05 19:10:19 WARN  [] [main] o.s.b.a.o.j.JpaBaseConfiguration$JpaWebConfiguration : spring.jpa.open-in-view is enabled by default. Therefore, database queries may be performed during view rendering. Explicitly configure spring.jpa.open-in-view to disable this warning
2026-03-05 19:10:19 WARN  [] [main] o.s.b.a.s.s.UserDetailsServiceAutoConfiguration : 

Using generated security password: 3d9046d6-f7a3-4d4f-a261-e575c2ff4591

This generated password is for development use only. Your security configuration must be updated before running your application in production.

2026-03-05 19:10:19 INFO  [] [main] o.s.s.c.a.a.c.InitializeUserDetailsBeanManagerConfigurer$InitializeUserDetailsManagerConfigurer : Global AuthenticationManager configured with UserDetailsService bean with name inMemoryUserDetailsManager
2026-03-05 19:10:19 INFO  [] [main] n.d.b.g.c.a.GrpcClientAutoConfiguration : Detected grpc-netty-shaded: Creating ShadedNettyChannelFactory + InProcessChannelFactory
2026-03-05 19:10:19 INFO  [] [main] o.s.b.a.e.web.EndpointLinksResolver : Exposing 2 endpoints beneath base path '/api/v1/users/actuator'
2026-03-05 19:10:20 INFO  [] [main] n.d.b.g.s.a.GrpcServerFactoryAutoConfiguration : Detected grpc-netty-shaded: Creating ShadedNettyGrpcServerFactory
2026-03-05 19:10:20 INFO  [] [main] o.a.coyote.http11.Http11NioProtocol : Starting ProtocolHandler ["http-nio-8081"]
2026-03-05 19:10:20 INFO  [] [main] o.s.b.w.e.tomcat.TomcatWebServer : Tomcat started on port 8081 (http) with context path '/'
2026-03-05 19:10:20 INFO  [] [main] n.d.b.g.s.s.AbstractGrpcServerFactory : Registered gRPC service: BaseTestGrpcService, bean: baseGrpcController, class: com.planit.basetemplate.grpc.BaseGrpcController
2026-03-05 19:10:20 INFO  [] [main] n.d.b.g.s.s.AbstractGrpcServerFactory : Registered gRPC service: grpc.health.v1.Health, bean: grpcHealthService, class: io.grpc.protobuf.services.HealthServiceImpl
2026-03-05 19:10:20 INFO  [] [main] n.d.b.g.s.s.AbstractGrpcServerFactory : Registered gRPC service: grpc.reflection.v1alpha.ServerReflection, bean: protoReflectionService, class: io.grpc.protobuf.services.ProtoReflectionService
2026-03-05 19:10:20 INFO  [] [main] n.d.b.g.s.s.GrpcServerLifecycle : gRPC Server started, listening on address: *, port: 9090
2026-03-05 19:10:20 INFO  [] [main] c.p.b.PlanitBaseTemplateApplication : Started PlanitBaseTemplateApplication in 6.154 seconds (process running for 7.297)
2026-03-05 19:10:22 INFO  [] [http-nio-8081-exec-1] o.a.c.c.C.[Tomcat].[localhost].[/] : Initializing Spring DispatcherServlet 'dispatcherServlet'
2026-03-05 19:10:22 INFO  [] [http-nio-8081-exec-1] o.s.web.servlet.DispatcherServlet : Initializing Servlet 'dispatcherServlet'
2026-03-05 19:10:22 INFO  [] [http-nio-8081-exec-1] o.s.web.servlet.DispatcherServlet : Completed initialization in 4 ms
2026-03-05 19:10:22 INFO  [69a9568ec1ba205b210f26d54eb4591f] [http-nio-8081-exec-1] c.p.u.controller.CategoryController : Get categories request
2026-03-05 19:10:22 INFO  [69a9568ec1ba205b210f26d54eb4591f] [http-nio-8081-exec-1] c.p.u.service.CategoryService : Fetching categories from database
2026-03-05 19:10:25 INFO  [69a9569159f4ca5e973abedb889db6f7] [http-nio-8081-exec-2] c.p.u.controller.CategoryController : Get categories request
2026-03-05 19:10:25 INFO  [69a9569159f4ca5e973abedb889db6f7] [http-nio-8081-exec-2] c.p.u.service.CategoryService : Fetching categories from database
2026-03-05 19:10:28 INFO  [69a9569492ad7f24bb722329fabe3789] [http-nio-8081-exec-3] c.p.u.controller.CategoryController : Get categories request
2026-03-05 19:10:28 INFO  [69a9569492ad7f24bb722329fabe3789] [http-nio-8081-exec-3] c.p.u.service.CategoryService : Fetching categories from database
2026-03-05 19:10:32 INFO  [69a9569850c00461b48caab3c29c5002] [http-nio-8081-exec-4] c.p.u.controller.CategoryController : Get categories request
2026-03-05 19:10:32 INFO  [69a9569850c00461b48caab3c29c5002] [http-nio-8081-exec-4] c.p.u.service.CategoryService : Fetching categories from database
2026-03-05 19:10:40 INFO  [69a956a0630393f85a51935689d75b18] [http-nio-8081-exec-6] c.p.u.controller.AuthController : Signup request: Test
2026-03-05 19:10:40 INFO  [69a956a0630393f85a51935689d75b18] [http-nio-8081-exec-6] c.p.u.security.CognitoService : Local profile detected - extracting sub from idToken directly
2026-03-05 19:10:40 INFO  [69a956a0630393f85a51935689d75b18] [http-nio-8081-exec-6] c.p.u.security.CognitoService : Token payload: {"at_hash":"jj2IhD4Ddvb4ZUINtJVHfg","sub":"64a80d6c-d021-70fb-4e3a-06f3473d4e61","cognito:groups":["ap-northeast-2_GKpckavjT_Google"],"email_verified":false,"iss":"https:\/\/cognito-idp.ap-northeast-2.amazonaws.com\/ap-northeast-2_GKpckavjT","cognito:username":"google_107679341415152317616","origin_jti":"fcaad985-423a-4fb3-afd7-842b491dc031","aud":"6j5ajq8p3b7d894qt5msp4hair","identities":[{"dateCreated":"1772705160707","userId":"107679341415152317616","providerName":"Google","providerType":"Google","issuer":null,"primary":"true"}],"token_use":"id","auth_time":1772705161,"exp":1772708771,"iat":1772705171,"jti":"1b6b37a0-48d9-414e-a103-41d54e06abf8","email":"jdragon0151@gmail.com"}
2026-03-05 19:10:40 INFO  [69a956a0630393f85a51935689d75b18] [http-nio-8081-exec-6] c.p.u.security.CognitoService : Extracted sub from token: 64a80d6c-d021-70fb-4e3a-06f3473d4e61
2026-03-05 19:10:56 INFO  [69a956b00ff22b93540387d5bb23588a] [http-nio-8081-exec-8] c.p.u.controller.CategoryController : Get categories request
2026-03-05 19:10:56 INFO  [69a956b00ff22b93540387d5bb23588a] [http-nio-8081-exec-8] c.p.u.service.CategoryService : Fetching categories from database
2026-03-05 19:11:20 INFO  [69a956c89c6b689ce4e053271648dcc1] [http-nio-8081-exec-10] c.p.u.controller.AuthController : Login request
2026-03-05 19:11:20 INFO  [69a956c89c6b689ce4e053271648dcc1] [http-nio-8081-exec-10] c.p.u.security.CognitoService : Local profile detected - extracting sub from idToken directly
2026-03-05 19:11:20 INFO  [69a956c89c6b689ce4e053271648dcc1] [http-nio-8081-exec-10] c.p.u.security.CognitoService : Token payload: {"at_hash":"Lag1XiuIbui8amfyiKhO7w","sub":"64a80d6c-d021-70fb-4e3a-06f3473d4e61","cognito:groups":["ap-northeast-2_GKpckavjT_Google"],"email_verified":false,"iss":"https:\/\/cognito-idp.ap-northeast-2.amazonaws.com\/ap-northeast-2_GKpckavjT","cognito:username":"google_107679341415152317616","origin_jti":"8639abea-0634-4a38-b86b-641b1ac4a936","aud":"6j5ajq8p3b7d894qt5msp4hair","identities":[{"dateCreated":"1772705160707","userId":"107679341415152317616","providerName":"Google","providerType":"Google","issuer":null,"primary":"true"}],"token_use":"id","auth_time":1772705480,"exp":1772709080,"iat":1772705480,"jti":"d618e4a0-b828-4bfc-b534-1aa20be54eb2","email":"jdragon0151@gmail.com"}
2026-03-05 19:11:20 INFO  [69a956c89c6b689ce4e053271648dcc1] [http-nio-8081-exec-10] c.p.u.security.CognitoService : Extracted sub from token: 64a80d6c-d021-70fb-4e3a-06f3473d4e61
2026-03-05 19:11:20 INFO  [69a956c857b7d2187126d85be21ce5f1] [http-nio-8081-exec-2] c.p.u.controller.AuthController : Check withdrawn request
2026-03-05 19:11:20 INFO  [69a956c857b7d2187126d85be21ce5f1] [http-nio-8081-exec-2] c.p.u.security.CognitoService : Extracted email from token: jdragon0151@gmail.com
2026-03-05 19:11:20 INFO  [69a956c857b7d2187126d85be21ce5f1] [http-nio-8081-exec-2] c.p.userservice.service.AuthService : Check withdrawn for email: jdragon0151@gmail.com
2026-03-05 19:11:20 INFO  [69a956c8b3c698134e3955d065f874da] [http-nio-8081-exec-3] c.p.u.controller.CategoryController : Get categories request
2026-03-05 19:11:20 INFO  [69a956c8b3c698134e3955d065f874da] [http-nio-8081-exec-3] c.p.u.service.CategoryService : Fetching categories from database
2026-03-05 19:11:28 INFO  [69a956d0f9cd8562c632b9be9c7602aa] [http-nio-8081-exec-5] c.p.u.controller.AuthController : Signup request: test
2026-03-05 19:11:28 INFO  [69a956d0f9cd8562c632b9be9c7602aa] [http-nio-8081-exec-5] c.p.u.security.CognitoService : Local profile detected - extracting sub from idToken directly
2026-03-05 19:11:28 INFO  [69a956d0f9cd8562c632b9be9c7602aa] [http-nio-8081-exec-5] c.p.u.security.CognitoService : Token payload: {"at_hash":"Lag1XiuIbui8amfyiKhO7w","sub":"64a80d6c-d021-70fb-4e3a-06f3473d4e61","cognito:groups":["ap-northeast-2_GKpckavjT_Google"],"email_verified":false,"iss":"https:\/\/cognito-idp.ap-northeast-2.amazonaws.com\/ap-northeast-2_GKpckavjT","cognito:username":"google_107679341415152317616","origin_jti":"8639abea-0634-4a38-b86b-641b1ac4a936","aud":"6j5ajq8p3b7d894qt5msp4hair","identities":[{"dateCreated":"1772705160707","userId":"107679341415152317616","providerName":"Google","providerType":"Google","issuer":null,"primary":"true"}],"token_use":"id","auth_time":1772705480,"exp":1772709080,"iat":1772705480,"jti":"d618e4a0-b828-4bfc-b534-1aa20be54eb2","email":"jdragon0151@gmail.com"}
2026-03-05 19:11:28 INFO  [69a956d0f9cd8562c632b9be9c7602aa] [http-nio-8081-exec-5] c.p.u.security.CognitoService : Extracted sub from token: 64a80d6c-d021-70fb-4e3a-06f3473d4e61
2026-03-05 19:12:32 INFO  [] [SpringApplicationShutdownHook] n.d.b.g.s.s.GrpcServerLifecycle : Completed gRPC server shutdown
2026-03-05 19:12:32 INFO  [] [SpringApplicationShutdownHook] o.s.b.w.e.tomcat.GracefulShutdown : Commencing graceful shutdown. Waiting for active requests to complete
2026-03-05 19:12:32 INFO  [] [tomcat-shutdown] o.s.b.w.e.tomcat.GracefulShutdown : Graceful shutdown complete
2026-03-05 19:12:32 INFO  [] [SpringApplicationShutdownHook] o.s.o.j.LocalContainerEntityManagerFactoryBean : Closing JPA EntityManagerFactory for persistence unit 'default'
2026-03-05 19:12:32 INFO  [] [SpringApplicationShutdownHook] com.zaxxer.hikari.HikariDataSource : HikariPool-1 - Shutdown initiated...
2026-03-05 19:12:32 INFO  [] [SpringApplicationShutdownHook] com.zaxxer.hikari.HikariDataSource : HikariPool-1 - Shutdown completed.
2026-03-05 19:15:15 INFO  [] [background-preinit] o.h.validator.internal.util.Version : HV000001: Hibernate Validator 8.0.2.Final
2026-03-05 19:15:15 INFO  [] [main] c.p.b.PlanitBaseTemplateApplication : Starting PlanitBaseTemplateApplication using Java 17.0.16 with PID 51125 (/Users/jybill01/Folder/02_Study/03_AWS_Cloud_School/03_Project/03_project/Full/PlanIt-User-svc/build/classes/java/main started by jybill01 in /Users/jybill01/Folder/02_Study/03_AWS_Cloud_School/03_Project/03_project/Full/PlanIt-User-svc)
2026-03-05 19:15:15 INFO  [] [main] c.p.b.PlanitBaseTemplateApplication : No active profile set, falling back to 1 default profile: "default"
2026-03-05 19:15:16 INFO  [] [main] o.s.d.r.c.RepositoryConfigurationDelegate : Multiple Spring Data modules found, entering strict repository configuration mode
2026-03-05 19:15:16 INFO  [] [main] o.s.d.r.c.RepositoryConfigurationDelegate : Bootstrapping Spring Data JPA repositories in DEFAULT mode.
2026-03-05 19:15:16 INFO  [] [main] o.s.d.r.c.RepositoryConfigurationDelegate : Finished Spring Data repository scanning in 73 ms. Found 6 JPA repository interfaces.
2026-03-05 19:15:16 INFO  [] [main] o.s.d.r.c.RepositoryConfigurationDelegate : Multiple Spring Data modules found, entering strict repository configuration mode
2026-03-05 19:15:16 INFO  [] [main] o.s.d.r.c.RepositoryConfigurationDelegate : Bootstrapping Spring Data Redis repositories in DEFAULT mode.
2026-03-05 19:15:16 INFO  [] [main] o.s.d.r.c.RepositoryConfigurationDelegate : Finished Spring Data repository scanning in 1 ms. Found 0 Redis repository interfaces.
2026-03-05 19:15:16 INFO  [] [main] o.s.b.w.e.tomcat.TomcatWebServer : Tomcat initialized with port 8081 (http)
2026-03-05 19:15:16 INFO  [] [main] o.a.coyote.http11.Http11NioProtocol : Initializing ProtocolHandler ["http-nio-8081"]
2026-03-05 19:15:16 INFO  [] [main] o.a.catalina.core.StandardService : Starting service [Tomcat]
2026-03-05 19:15:16 INFO  [] [main] o.a.catalina.core.StandardEngine : Starting Servlet engine: [Apache Tomcat/10.1.36]
2026-03-05 19:15:16 INFO  [] [main] o.a.c.c.C.[Tomcat].[localhost].[/] : Initializing Spring embedded WebApplicationContext
2026-03-05 19:15:16 INFO  [] [main] o.s.b.w.s.c.ServletWebServerApplicationContext : Root WebApplicationContext: initialization completed in 1572 ms
2026-03-05 19:15:17 INFO  [] [main] o.h.jpa.internal.util.LogHelper : HHH000204: Processing PersistenceUnitInfo [name: default]
2026-03-05 19:15:17 INFO  [] [main] org.hibernate.Version : HHH000412: Hibernate ORM core version 6.6.8.Final
2026-03-05 19:15:17 INFO  [] [main] o.h.c.i.RegionFactoryInitiator : HHH000026: Second-level cache disabled
2026-03-05 19:15:17 INFO  [] [main] o.s.o.j.p.SpringPersistenceUnitInfo : No LoadTimeWeaver setup: ignoring JPA class transformer
2026-03-05 19:15:17 INFO  [] [main] com.zaxxer.hikari.HikariDataSource : HikariPool-1 - Starting...
2026-03-05 19:15:17 INFO  [] [main] com.zaxxer.hikari.pool.HikariPool : HikariPool-1 - Added connection org.mariadb.jdbc.Connection@2748bd6c
2026-03-05 19:15:17 INFO  [] [main] com.zaxxer.hikari.HikariDataSource : HikariPool-1 - Start completed.
2026-03-05 19:15:17 INFO  [] [main] o.hibernate.orm.connections.pooling : HHH10001005: Database info:
	Database JDBC URL [Connecting through datasource 'HikariDataSource (HikariPool-1)']
	Database driver: undefined/unknown
	Database version: 12.2.2
	Autocommit mode: undefined/unknown
	Isolation level: undefined/unknown
	Minimum pool size: undefined/unknown
	Maximum pool size: undefined/unknown
2026-03-05 19:15:17 INFO  [] [main] o.h.e.t.j.p.i.JtaPlatformInitiator : HHH000489: No JTA platform available (set 'hibernate.transaction.jta.platform' to enable JTA platform integration)
2026-03-05 19:15:18 INFO  [] [main] o.s.o.j.LocalContainerEntityManagerFactoryBean : Initialized JPA EntityManagerFactory for persistence unit 'default'
2026-03-05 19:15:18 INFO  [] [main] o.s.d.j.r.query.QueryEnhancerFactory : Hibernate is in classpath; If applicable, HQL parser will be used.
2026-03-05 19:15:19 WARN  [] [main] o.s.b.a.o.j.JpaBaseConfiguration$JpaWebConfiguration : spring.jpa.open-in-view is enabled by default. Therefore, database queries may be performed during view rendering. Explicitly configure spring.jpa.open-in-view to disable this warning
2026-03-05 19:15:19 WARN  [] [main] o.s.b.a.s.s.UserDetailsServiceAutoConfiguration : 

Using generated security password: 9ac1b3ce-bc7a-424e-a36b-5e1a79cb7312

This generated password is for development use only. Your security configuration must be updated before running your application in production.

2026-03-05 19:15:19 INFO  [] [main] o.s.s.c.a.a.c.InitializeUserDetailsBeanManagerConfigurer$InitializeUserDetailsManagerConfigurer : Global AuthenticationManager configured with UserDetailsService bean with name inMemoryUserDetailsManager
2026-03-05 19:15:20 INFO  [] [main] n.d.b.g.c.a.GrpcClientAutoConfiguration : Detected grpc-netty-shaded: Creating ShadedNettyChannelFactory + InProcessChannelFactory
2026-03-05 19:15:20 INFO  [] [main] o.s.b.a.e.web.EndpointLinksResolver : Exposing 2 endpoints beneath base path '/api/v1/users/actuator'
2026-03-05 19:15:20 INFO  [] [main] n.d.b.g.s.a.GrpcServerFactoryAutoConfiguration : Detected grpc-netty-shaded: Creating ShadedNettyGrpcServerFactory
2026-03-05 19:15:20 INFO  [] [main] o.a.coyote.http11.Http11NioProtocol : Starting ProtocolHandler ["http-nio-8081"]
2026-03-05 19:15:20 INFO  [] [main] o.s.b.w.e.tomcat.TomcatWebServer : Tomcat started on port 8081 (http) with context path '/'
2026-03-05 19:15:20 INFO  [] [main] n.d.b.g.s.s.AbstractGrpcServerFactory : Registered gRPC service: BaseTestGrpcService, bean: baseGrpcController, class: com.planit.basetemplate.grpc.BaseGrpcController
2026-03-05 19:15:20 INFO  [] [main] n.d.b.g.s.s.AbstractGrpcServerFactory : Registered gRPC service: grpc.health.v1.Health, bean: grpcHealthService, class: io.grpc.protobuf.services.HealthServiceImpl
2026-03-05 19:15:20 INFO  [] [main] n.d.b.g.s.s.AbstractGrpcServerFactory : Registered gRPC service: grpc.reflection.v1alpha.ServerReflection, bean: protoReflectionService, class: io.grpc.protobuf.services.ProtoReflectionService
2026-03-05 19:15:20 INFO  [] [main] n.d.b.g.s.s.GrpcServerLifecycle : gRPC Server started, listening on address: *, port: 9090
2026-03-05 19:15:20 INFO  [] [main] c.p.b.PlanitBaseTemplateApplication : Started PlanitBaseTemplateApplication in 6.296 seconds (process running for 7.075)
2026-03-05 19:16:04 INFO  [] [http-nio-8081-exec-1] o.a.c.c.C.[Tomcat].[localhost].[/] : Initializing Spring DispatcherServlet 'dispatcherServlet'
2026-03-05 19:16:04 INFO  [] [http-nio-8081-exec-1] o.s.web.servlet.DispatcherServlet : Initializing Servlet 'dispatcherServlet'
2026-03-05 19:16:04 INFO  [] [http-nio-8081-exec-1] o.s.web.servlet.DispatcherServlet : Completed initialization in 13 ms
2026-03-05 19:16:05 INFO  [69a957e4e1d9c499e29cbb49bb62185f] [http-nio-8081-exec-1] c.p.u.controller.CategoryController : Get categories request
2026-03-05 19:16:05 INFO  [69a957e4e1d9c499e29cbb49bb62185f] [http-nio-8081-exec-1] c.p.u.service.CategoryService : Fetching categories from database
2026-03-05 19:16:36 INFO  [69a95804526cbcadf41c439b93bdd8d0] [http-nio-8081-exec-3] c.p.u.controller.AuthController : Login request
2026-03-05 19:16:36 INFO  [69a95804526cbcadf41c439b93bdd8d0] [http-nio-8081-exec-3] c.p.u.security.CognitoService : Local profile detected - extracting sub from idToken directly
2026-03-05 19:16:36 INFO  [69a95804526cbcadf41c439b93bdd8d0] [http-nio-8081-exec-3] c.p.u.security.CognitoService : Token payload: {"at_hash":"fRguV8KWvasSPMs3s3bKrQ","sub":"24f8cd2c-b031-70cb-402e-d942bd86a1a7","cognito:groups":["ap-northeast-2_GKpckavjT_Google"],"email_verified":false,"iss":"https:\/\/cognito-idp.ap-northeast-2.amazonaws.com\/ap-northeast-2_GKpckavjT","cognito:username":"google_107679341415152317616","origin_jti":"4244ddf1-3a19-43df-b628-24f0c60e868d","aud":"6j5ajq8p3b7d894qt5msp4hair","identities":[{"dateCreated":"1772705785337","userId":"107679341415152317616","providerName":"Google","providerType":"Google","issuer":null,"primary":"true"}],"token_use":"id","auth_time":1772705786,"exp":1772709396,"iat":1772705796,"jti":"960157e1-d606-4853-bbb8-7f2323f40e8d","email":"jdragon0151@gmail.com"}
2026-03-05 19:16:36 INFO  [69a95804526cbcadf41c439b93bdd8d0] [http-nio-8081-exec-3] c.p.u.security.CognitoService : Extracted sub from token: 24f8cd2c-b031-70cb-402e-d942bd86a1a7
2026-03-05 19:16:36 INFO  [69a9580451e626015f98c1c0876dc68b] [http-nio-8081-exec-5] c.p.u.controller.AuthController : Check withdrawn request
2026-03-05 19:16:36 INFO  [69a9580451e626015f98c1c0876dc68b] [http-nio-8081-exec-5] c.p.u.security.CognitoService : Extracted email from token: jdragon0151@gmail.com
2026-03-05 19:16:36 INFO  [69a9580451e626015f98c1c0876dc68b] [http-nio-8081-exec-5] c.p.userservice.service.AuthService : Check withdrawn for email: jdragon0151@gmail.com
2026-03-05 19:16:37 INFO  [69a9580558f567733ec88e03b28f1522] [http-nio-8081-exec-6] c.p.u.controller.CategoryController : Get categories request
2026-03-05 19:16:37 INFO  [69a9580558f567733ec88e03b28f1522] [http-nio-8081-exec-6] c.p.u.service.CategoryService : Fetching categories from database
2026-03-05 19:16:42 INFO  [69a9580ab391a79c9b7faa114e0c7490] [http-nio-8081-exec-7] c.p.u.controller.CategoryController : Get categories request
2026-03-05 19:16:42 INFO  [69a9580ab391a79c9b7faa114e0c7490] [http-nio-8081-exec-7] c.p.u.service.CategoryService : Fetching categories from database
2026-03-05 19:16:42 INFO  [69a9580ab5544734c50b1bbc953d5c80] [http-nio-8081-exec-8] c.p.u.controller.CategoryController : Get categories request
2026-03-05 19:16:42 INFO  [69a9580ab5544734c50b1bbc953d5c80] [http-nio-8081-exec-8] c.p.u.service.CategoryService : Fetching categories from database
2026-03-05 19:16:42 INFO  [69a9580a752b6eec7358ee428929f668] [http-nio-8081-exec-9] c.p.u.controller.CategoryController : Get categories request
2026-03-05 19:16:42 INFO  [69a9580a752b6eec7358ee428929f668] [http-nio-8081-exec-9] c.p.u.service.CategoryService : Fetching categories from database
2026-03-05 19:16:42 INFO  [69a9580a8086eff088dc78bc6c2de693] [http-nio-8081-exec-10] c.p.u.controller.CategoryController : Get categories request
2026-03-05 19:16:42 INFO  [69a9580a8086eff088dc78bc6c2de693] [http-nio-8081-exec-10] c.p.u.service.CategoryService : Fetching categories from database
2026-03-05 19:16:43 INFO  [69a9580bc4f4bb5f53a27110960ef7cf] [http-nio-8081-exec-1] c.p.u.controller.CategoryController : Get categories request
2026-03-05 19:16:43 INFO  [69a9580bc4f4bb5f53a27110960ef7cf] [http-nio-8081-exec-1] c.p.u.service.CategoryService : Fetching categories from database
2026-03-05 19:19:44 INFO  [] [SpringApplicationShutdownHook] n.d.b.g.s.s.GrpcServerLifecycle : Completed gRPC server shutdown
2026-03-05 19:19:44 INFO  [] [SpringApplicationShutdownHook] o.s.b.w.e.tomcat.GracefulShutdown : Commencing graceful shutdown. Waiting for active requests to complete
2026-03-05 19:19:44 INFO  [] [tomcat-shutdown] o.s.b.w.e.tomcat.GracefulShutdown : Graceful shutdown complete
2026-03-05 19:19:44 INFO  [] [SpringApplicationShutdownHook] o.s.o.j.LocalContainerEntityManagerFactoryBean : Closing JPA EntityManagerFactory for persistence unit 'default'
2026-03-05 19:19:44 INFO  [] [SpringApplicationShutdownHook] com.zaxxer.hikari.HikariDataSource : HikariPool-1 - Shutdown initiated...
2026-03-05 19:19:44 INFO  [] [SpringApplicationShutdownHook] com.zaxxer.hikari.HikariDataSource : HikariPool-1 - Shutdown completed.
2026-03-05 19:19:50 INFO  [] [background-preinit] o.h.validator.internal.util.Version : HV000001: Hibernate Validator 8.0.2.Final
2026-03-05 19:19:50 INFO  [] [main] c.p.b.PlanitBaseTemplateApplication : Starting PlanitBaseTemplateApplication using Java 17.0.16 with PID 52760 (/Users/jybill01/Folder/02_Study/03_AWS_Cloud_School/03_Project/03_project/Full/PlanIt-User-svc/build/classes/java/main started by jybill01 in /Users/jybill01/Folder/02_Study/03_AWS_Cloud_School/03_Project/03_project/Full/PlanIt-User-svc)
2026-03-05 19:19:50 INFO  [] [main] c.p.b.PlanitBaseTemplateApplication : No active profile set, falling back to 1 default profile: "default"
2026-03-05 19:19:51 INFO  [] [main] o.s.d.r.c.RepositoryConfigurationDelegate : Multiple Spring Data modules found, entering strict repository configuration mode
2026-03-05 19:19:51 INFO  [] [main] o.s.d.r.c.RepositoryConfigurationDelegate : Bootstrapping Spring Data JPA repositories in DEFAULT mode.
2026-03-05 19:19:51 INFO  [] [main] o.s.d.r.c.RepositoryConfigurationDelegate : Finished Spring Data repository scanning in 110 ms. Found 6 JPA repository interfaces.
2026-03-05 19:19:51 INFO  [] [main] o.s.d.r.c.RepositoryConfigurationDelegate : Multiple Spring Data modules found, entering strict repository configuration mode
2026-03-05 19:19:51 INFO  [] [main] o.s.d.r.c.RepositoryConfigurationDelegate : Bootstrapping Spring Data Redis repositories in DEFAULT mode.
2026-03-05 19:19:51 INFO  [] [main] o.s.d.r.c.RepositoryConfigurationDelegate : Finished Spring Data repository scanning in 2 ms. Found 0 Redis repository interfaces.
2026-03-05 19:19:52 INFO  [] [main] o.s.b.w.e.tomcat.TomcatWebServer : Tomcat initialized with port 8081 (http)
2026-03-05 19:19:52 INFO  [] [main] o.a.coyote.http11.Http11NioProtocol : Initializing ProtocolHandler ["http-nio-8081"]
2026-03-05 19:19:52 INFO  [] [main] o.a.catalina.core.StandardService : Starting service [Tomcat]
2026-03-05 19:19:52 INFO  [] [main] o.a.catalina.core.StandardEngine : Starting Servlet engine: [Apache Tomcat/10.1.36]
2026-03-05 19:19:52 INFO  [] [main] o.a.c.c.C.[Tomcat].[localhost].[/] : Initializing Spring embedded WebApplicationContext
2026-03-05 19:19:52 INFO  [] [main] o.s.b.w.s.c.ServletWebServerApplicationContext : Root WebApplicationContext: initialization completed in 1525 ms
2026-03-05 19:19:52 INFO  [] [main] o.h.jpa.internal.util.LogHelper : HHH000204: Processing PersistenceUnitInfo [name: default]
2026-03-05 19:19:52 INFO  [] [main] org.hibernate.Version : HHH000412: Hibernate ORM core version 6.6.8.Final
2026-03-05 19:19:52 INFO  [] [main] o.h.c.i.RegionFactoryInitiator : HHH000026: Second-level cache disabled
2026-03-05 19:19:52 INFO  [] [main] o.s.o.j.p.SpringPersistenceUnitInfo : No LoadTimeWeaver setup: ignoring JPA class transformer
2026-03-05 19:19:52 INFO  [] [main] com.zaxxer.hikari.HikariDataSource : HikariPool-1 - Starting...
2026-03-05 19:19:52 INFO  [] [main] com.zaxxer.hikari.pool.HikariPool : HikariPool-1 - Added connection org.mariadb.jdbc.Connection@386f88b3
2026-03-05 19:19:52 INFO  [] [main] com.zaxxer.hikari.HikariDataSource : HikariPool-1 - Start completed.
2026-03-05 19:19:52 INFO  [] [main] o.hibernate.orm.connections.pooling : HHH10001005: Database info:
	Database JDBC URL [Connecting through datasource 'HikariDataSource (HikariPool-1)']
	Database driver: undefined/unknown
	Database version: 12.2.2
	Autocommit mode: undefined/unknown
	Isolation level: undefined/unknown
	Minimum pool size: undefined/unknown
	Maximum pool size: undefined/unknown
2026-03-05 19:19:53 INFO  [] [main] o.h.e.t.j.p.i.JtaPlatformInitiator : HHH000489: No JTA platform available (set 'hibernate.transaction.jta.platform' to enable JTA platform integration)
2026-03-05 19:19:53 INFO  [] [main] o.s.o.j.LocalContainerEntityManagerFactoryBean : Initialized JPA EntityManagerFactory for persistence unit 'default'
2026-03-05 19:19:54 INFO  [] [main] o.s.d.j.r.query.QueryEnhancerFactory : Hibernate is in classpath; If applicable, HQL parser will be used.
2026-03-05 19:19:55 WARN  [] [main] o.s.b.a.o.j.JpaBaseConfiguration$JpaWebConfiguration : spring.jpa.open-in-view is enabled by default. Therefore, database queries may be performed during view rendering. Explicitly configure spring.jpa.open-in-view to disable this warning
2026-03-05 19:19:55 WARN  [] [main] o.s.b.a.s.s.UserDetailsServiceAutoConfiguration : 

Using generated security password: 6b9dc563-0869-4808-9481-4848bcfc2c41

This generated password is for development use only. Your security configuration must be updated before running your application in production.

2026-03-05 19:19:55 INFO  [] [main] o.s.s.c.a.a.c.InitializeUserDetailsBeanManagerConfigurer$InitializeUserDetailsManagerConfigurer : Global AuthenticationManager configured with UserDetailsService bean with name inMemoryUserDetailsManager
2026-03-05 19:19:55 INFO  [] [main] n.d.b.g.c.a.GrpcClientAutoConfiguration : Detected grpc-netty-shaded: Creating ShadedNettyChannelFactory + InProcessChannelFactory
2026-03-05 19:19:55 INFO  [] [main] o.s.b.a.e.web.EndpointLinksResolver : Exposing 2 endpoints beneath base path '/api/v1/users/actuator'
2026-03-05 19:19:55 INFO  [] [main] n.d.b.g.s.a.GrpcServerFactoryAutoConfiguration : Detected grpc-netty-shaded: Creating ShadedNettyGrpcServerFactory
2026-03-05 19:19:55 INFO  [] [main] o.a.coyote.http11.Http11NioProtocol : Starting ProtocolHandler ["http-nio-8081"]
2026-03-05 19:19:55 INFO  [] [main] o.s.b.w.e.tomcat.TomcatWebServer : Tomcat started on port 8081 (http) with context path '/'
2026-03-05 19:19:55 INFO  [] [main] n.d.b.g.s.s.AbstractGrpcServerFactory : Registered gRPC service: BaseTestGrpcService, bean: baseGrpcController, class: com.planit.basetemplate.grpc.BaseGrpcController
2026-03-05 19:19:55 INFO  [] [main] n.d.b.g.s.s.AbstractGrpcServerFactory : Registered gRPC service: grpc.health.v1.Health, bean: grpcHealthService, class: io.grpc.protobuf.services.HealthServiceImpl
2026-03-05 19:19:55 INFO  [] [main] n.d.b.g.s.s.AbstractGrpcServerFactory : Registered gRPC service: grpc.reflection.v1alpha.ServerReflection, bean: protoReflectionService, class: io.grpc.protobuf.services.ProtoReflectionService
2026-03-05 19:19:55 INFO  [] [main] n.d.b.g.s.s.GrpcServerLifecycle : gRPC Server started, listening on address: *, port: 9090
2026-03-05 19:19:55 INFO  [] [main] c.p.b.PlanitBaseTemplateApplication : Started PlanitBaseTemplateApplication in 6.02 seconds (process running for 6.424)
2026-03-05 19:20:02 INFO  [] [http-nio-8081-exec-1] o.a.c.c.C.[Tomcat].[localhost].[/] : Initializing Spring DispatcherServlet 'dispatcherServlet'
2026-03-05 19:20:02 INFO  [] [http-nio-8081-exec-1] o.s.web.servlet.DispatcherServlet : Initializing Servlet 'dispatcherServlet'
2026-03-05 19:20:02 INFO  [] [http-nio-8081-exec-1] o.s.web.servlet.DispatcherServlet : Completed initialization in 4 ms
2026-03-05 19:20:02 INFO  [69a958d2692e3839aeb1f05134ae0ae3] [http-nio-8081-exec-1] c.p.u.controller.CategoryController : Get categories request
2026-03-05 19:20:02 INFO  [69a958d2692e3839aeb1f05134ae0ae3] [http-nio-8081-exec-1] c.p.u.service.CategoryService : Fetching categories from database
2026-03-05 19:20:15 INFO  [69a958df7bfe2b3b97d395b5ad22dd68] [http-nio-8081-exec-3] c.p.u.controller.CategoryController : Get categories request
2026-03-05 19:20:15 INFO  [69a958df7bfe2b3b97d395b5ad22dd68] [http-nio-8081-exec-3] c.p.u.service.CategoryService : Fetching categories from database
2026-03-05 19:20:35 INFO  [69a958f366c961fd2a14750dfac83d2b] [http-nio-8081-exec-5] c.p.u.controller.AuthController : Login request
2026-03-05 19:20:35 INFO  [69a958f366c961fd2a14750dfac83d2b] [http-nio-8081-exec-5] c.p.u.security.CognitoService : Local profile detected - extracting sub from idToken directly
2026-03-05 19:20:35 INFO  [69a958f366c961fd2a14750dfac83d2b] [http-nio-8081-exec-5] c.p.u.security.CognitoService : Token payload: {"at_hash":"914chUU_vozxc5FnhIH0-w","sub":"24f8cd2c-b031-70cb-402e-d942bd86a1a7","cognito:groups":["ap-northeast-2_GKpckavjT_Google"],"email_verified":false,"iss":"https:\/\/cognito-idp.ap-northeast-2.amazonaws.com\/ap-northeast-2_GKpckavjT","cognito:username":"google_107679341415152317616","origin_jti":"e1f16837-145f-4341-98e8-053a33f7dcc7","aud":"6j5ajq8p3b7d894qt5msp4hair","identities":[{"dateCreated":"1772705785337","userId":"107679341415152317616","providerName":"Google","providerType":"Google","issuer":null,"primary":"true"}],"token_use":"id","auth_time":1772706034,"exp":1772709635,"iat":1772706035,"jti":"5acb9bc0-19e8-4b53-8651-1a5f2b4ad05b","email":"jdragon0151@gmail.com"}
2026-03-05 19:20:35 INFO  [69a958f366c961fd2a14750dfac83d2b] [http-nio-8081-exec-5] c.p.u.security.CognitoService : Extracted sub from token: 24f8cd2c-b031-70cb-402e-d942bd86a1a7
2026-03-05 19:20:35 INFO  [69a958f372b84be88048ba28185c5718] [http-nio-8081-exec-7] c.p.u.controller.AuthController : Check withdrawn request
2026-03-05 19:20:35 INFO  [69a958f372b84be88048ba28185c5718] [http-nio-8081-exec-7] c.p.u.security.CognitoService : Extracted email from token: jdragon0151@gmail.com
2026-03-05 19:20:35 INFO  [69a958f372b84be88048ba28185c5718] [http-nio-8081-exec-7] c.p.userservice.service.AuthService : Check withdrawn for email: jdragon0151@gmail.com
2026-03-05 19:20:35 INFO  [69a958f3714a7f772edb2e5349f0bf3e] [http-nio-8081-exec-8] c.p.u.controller.CategoryController : Get categories request
2026-03-05 19:20:35 INFO  [69a958f3714a7f772edb2e5349f0bf3e] [http-nio-8081-exec-8] c.p.u.service.CategoryService : Fetching categories from database
2026-03-05 19:20:44 INFO  [69a958fc14fb734d42471c17c18bdb49] [http-nio-8081-exec-10] c.p.u.controller.AuthController : Signup request: Test
2026-03-05 19:20:44 INFO  [69a958fc14fb734d42471c17c18bdb49] [http-nio-8081-exec-10] c.p.u.security.CognitoService : Local profile detected - extracting sub from idToken directly
2026-03-05 19:20:44 INFO  [69a958fc14fb734d42471c17c18bdb49] [http-nio-8081-exec-10] c.p.u.security.CognitoService : Token payload: {"at_hash":"914chUU_vozxc5FnhIH0-w","sub":"24f8cd2c-b031-70cb-402e-d942bd86a1a7","cognito:groups":["ap-northeast-2_GKpckavjT_Google"],"email_verified":false,"iss":"https:\/\/cognito-idp.ap-northeast-2.amazonaws.com\/ap-northeast-2_GKpckavjT","cognito:username":"google_107679341415152317616","origin_jti":"e1f16837-145f-4341-98e8-053a33f7dcc7","aud":"6j5ajq8p3b7d894qt5msp4hair","identities":[{"dateCreated":"1772705785337","userId":"107679341415152317616","providerName":"Google","providerType":"Google","issuer":null,"primary":"true"}],"token_use":"id","auth_time":1772706034,"exp":1772709635,"iat":1772706035,"jti":"5acb9bc0-19e8-4b53-8651-1a5f2b4ad05b","email":"jdragon0151@gmail.com"}
2026-03-05 19:20:44 INFO  [69a958fc14fb734d42471c17c18bdb49] [http-nio-8081-exec-10] c.p.u.security.CognitoService : Extracted sub from token: 24f8cd2c-b031-70cb-402e-d942bd86a1a7
2026-03-05 19:22:32 INFO  [] [SpringApplicationShutdownHook] n.d.b.g.s.s.GrpcServerLifecycle : Completed gRPC server shutdown
2026-03-05 19:22:32 INFO  [] [SpringApplicationShutdownHook] o.s.b.w.e.tomcat.GracefulShutdown : Commencing graceful shutdown. Waiting for active requests to complete
2026-03-05 19:22:32 INFO  [] [tomcat-shutdown] o.s.b.w.e.tomcat.GracefulShutdown : Graceful shutdown complete
2026-03-05 19:22:33 INFO  [] [SpringApplicationShutdownHook] o.s.o.j.LocalContainerEntityManagerFactoryBean : Closing JPA EntityManagerFactory for persistence unit 'default'
2026-03-05 19:22:33 INFO  [] [SpringApplicationShutdownHook] com.zaxxer.hikari.HikariDataSource : HikariPool-1 - Shutdown initiated...
2026-03-05 19:22:33 INFO  [] [SpringApplicationShutdownHook] com.zaxxer.hikari.HikariDataSource : HikariPool-1 - Shutdown completed.
2026-03-05 19:22:39 INFO  [] [background-preinit] o.h.validator.internal.util.Version : HV000001: Hibernate Validator 8.0.2.Final
2026-03-05 19:22:39 INFO  [] [main] c.p.b.PlanitBaseTemplateApplication : Starting PlanitBaseTemplateApplication using Java 17.0.16 with PID 53511 (/Users/jybill01/Folder/02_Study/03_AWS_Cloud_School/03_Project/03_project/Full/PlanIt-User-svc/build/classes/java/main started by jybill01 in /Users/jybill01/Folder/02_Study/03_AWS_Cloud_School/03_Project/03_project/Full/PlanIt-User-svc)
2026-03-05 19:22:39 INFO  [] [main] c.p.b.PlanitBaseTemplateApplication : No active profile set, falling back to 1 default profile: "default"
2026-03-05 19:22:40 INFO  [] [main] o.s.d.r.c.RepositoryConfigurationDelegate : Multiple Spring Data modules found, entering strict repository configuration mode
2026-03-05 19:22:40 INFO  [] [main] o.s.d.r.c.RepositoryConfigurationDelegate : Bootstrapping Spring Data JPA repositories in DEFAULT mode.
2026-03-05 19:22:41 INFO  [] [main] o.s.d.r.c.RepositoryConfigurationDelegate : Finished Spring Data repository scanning in 121 ms. Found 6 JPA repository interfaces.
2026-03-05 19:22:41 INFO  [] [main] o.s.d.r.c.RepositoryConfigurationDelegate : Multiple Spring Data modules found, entering strict repository configuration mode
2026-03-05 19:22:41 INFO  [] [main] o.s.d.r.c.RepositoryConfigurationDelegate : Bootstrapping Spring Data Redis repositories in DEFAULT mode.
2026-03-05 19:22:41 INFO  [] [main] o.s.d.r.c.RepositoryConfigurationDelegate : Finished Spring Data repository scanning in 1 ms. Found 0 Redis repository interfaces.
2026-03-05 19:22:41 INFO  [] [main] o.s.b.w.e.tomcat.TomcatWebServer : Tomcat initialized with port 8081 (http)
2026-03-05 19:22:41 INFO  [] [main] o.a.coyote.http11.Http11NioProtocol : Initializing ProtocolHandler ["http-nio-8081"]
2026-03-05 19:22:41 INFO  [] [main] o.a.catalina.core.StandardService : Starting service [Tomcat]
2026-03-05 19:22:41 INFO  [] [main] o.a.catalina.core.StandardEngine : Starting Servlet engine: [Apache Tomcat/10.1.36]
2026-03-05 19:22:41 INFO  [] [main] o.a.c.c.C.[Tomcat].[localhost].[/] : Initializing Spring embedded WebApplicationContext
2026-03-05 19:22:41 INFO  [] [main] o.s.b.w.s.c.ServletWebServerApplicationContext : Root WebApplicationContext: initialization completed in 1914 ms
2026-03-05 19:22:41 INFO  [] [main] o.h.jpa.internal.util.LogHelper : HHH000204: Processing PersistenceUnitInfo [name: default]
2026-03-05 19:22:41 INFO  [] [main] org.hibernate.Version : HHH000412: Hibernate ORM core version 6.6.8.Final
2026-03-05 19:22:41 INFO  [] [main] o.h.c.i.RegionFactoryInitiator : HHH000026: Second-level cache disabled
2026-03-05 19:22:41 INFO  [] [main] o.s.o.j.p.SpringPersistenceUnitInfo : No LoadTimeWeaver setup: ignoring JPA class transformer
2026-03-05 19:22:41 INFO  [] [main] com.zaxxer.hikari.HikariDataSource : HikariPool-1 - Starting...
2026-03-05 19:22:42 INFO  [] [main] com.zaxxer.hikari.pool.HikariPool : HikariPool-1 - Added connection org.mariadb.jdbc.Connection@a08e41b
2026-03-05 19:22:42 INFO  [] [main] com.zaxxer.hikari.HikariDataSource : HikariPool-1 - Start completed.
2026-03-05 19:22:42 INFO  [] [main] o.hibernate.orm.connections.pooling : HHH10001005: Database info:
	Database JDBC URL [Connecting through datasource 'HikariDataSource (HikariPool-1)']
	Database driver: undefined/unknown
	Database version: 12.2.2
	Autocommit mode: undefined/unknown
	Isolation level: undefined/unknown
	Minimum pool size: undefined/unknown
	Maximum pool size: undefined/unknown
2026-03-05 19:22:42 INFO  [] [main] o.h.e.t.j.p.i.JtaPlatformInitiator : HHH000489: No JTA platform available (set 'hibernate.transaction.jta.platform' to enable JTA platform integration)
2026-03-05 19:22:43 INFO  [] [main] o.s.o.j.LocalContainerEntityManagerFactoryBean : Initialized JPA EntityManagerFactory for persistence unit 'default'
2026-03-05 19:22:43 INFO  [] [main] o.s.d.j.r.query.QueryEnhancerFactory : Hibernate is in classpath; If applicable, HQL parser will be used.
2026-03-05 19:22:44 WARN  [] [main] o.s.b.a.o.j.JpaBaseConfiguration$JpaWebConfiguration : spring.jpa.open-in-view is enabled by default. Therefore, database queries may be performed during view rendering. Explicitly configure spring.jpa.open-in-view to disable this warning
2026-03-05 19:22:44 WARN  [] [main] o.s.b.a.s.s.UserDetailsServiceAutoConfiguration : 

Using generated security password: 4e1cc9ed-4580-4fe1-bb2f-71490b4669fb

This generated password is for development use only. Your security configuration must be updated before running your application in production.

2026-03-05 19:22:44 INFO  [] [main] o.s.s.c.a.a.c.InitializeUserDetailsBeanManagerConfigurer$InitializeUserDetailsManagerConfigurer : Global AuthenticationManager configured with UserDetailsService bean with name inMemoryUserDetailsManager
2026-03-05 19:22:44 INFO  [] [main] n.d.b.g.c.a.GrpcClientAutoConfiguration : Detected grpc-netty-shaded: Creating ShadedNettyChannelFactory + InProcessChannelFactory
2026-03-05 19:22:44 INFO  [] [main] o.s.b.a.e.web.EndpointLinksResolver : Exposing 2 endpoints beneath base path '/api/v1/users/actuator'
2026-03-05 19:22:44 INFO  [] [main] n.d.b.g.s.a.GrpcServerFactoryAutoConfiguration : Detected grpc-netty-shaded: Creating ShadedNettyGrpcServerFactory
2026-03-05 19:22:45 INFO  [] [main] o.a.coyote.http11.Http11NioProtocol : Starting ProtocolHandler ["http-nio-8081"]
2026-03-05 19:22:45 INFO  [] [main] o.s.b.w.e.tomcat.TomcatWebServer : Tomcat started on port 8081 (http) with context path '/'
2026-03-05 19:22:45 INFO  [] [main] n.d.b.g.s.s.AbstractGrpcServerFactory : Registered gRPC service: BaseTestGrpcService, bean: baseGrpcController, class: com.planit.basetemplate.grpc.BaseGrpcController
2026-03-05 19:22:45 INFO  [] [main] n.d.b.g.s.s.AbstractGrpcServerFactory : Registered gRPC service: grpc.health.v1.Health, bean: grpcHealthService, class: io.grpc.protobuf.services.HealthServiceImpl
2026-03-05 19:22:45 INFO  [] [main] n.d.b.g.s.s.AbstractGrpcServerFactory : Registered gRPC service: grpc.reflection.v1alpha.ServerReflection, bean: protoReflectionService, class: io.grpc.protobuf.services.ProtoReflectionService
2026-03-05 19:22:45 INFO  [] [main] n.d.b.g.s.s.GrpcServerLifecycle : gRPC Server started, listening on address: *, port: 9090
2026-03-05 19:22:45 INFO  [] [main] c.p.b.PlanitBaseTemplateApplication : Started PlanitBaseTemplateApplication in 6.075 seconds (process running for 6.826)
2026-03-05 19:25:09 INFO  [] [http-nio-8081-exec-1] o.a.c.c.C.[Tomcat].[localhost].[/] : Initializing Spring DispatcherServlet 'dispatcherServlet'
2026-03-05 19:25:09 INFO  [] [http-nio-8081-exec-1] o.s.web.servlet.DispatcherServlet : Initializing Servlet 'dispatcherServlet'
2026-03-05 19:25:09 INFO  [] [http-nio-8081-exec-1] o.s.web.servlet.DispatcherServlet : Completed initialization in 9 ms
2026-03-05 19:25:09 INFO  [69a95a05c839e2084d78871958218490] [http-nio-8081-exec-1] c.p.u.controller.CategoryController : Get categories request
2026-03-05 19:25:09 INFO  [69a95a05c839e2084d78871958218490] [http-nio-8081-exec-1] c.p.u.service.CategoryService : Fetching categories from database
2026-03-05 19:27:37 WARN  [] [HikariPool-1 housekeeper] com.zaxxer.hikari.pool.HikariPool : HikariPool-1 - Thread starvation or clock leap detected (housekeeper delta=2m24s866ms).
2026-03-05 19:43:27 WARN  [] [HikariPool-1 housekeeper] com.zaxxer.hikari.pool.HikariPool : HikariPool-1 - Thread starvation or clock leap detected (housekeeper delta=15m50s211ms).
2026-03-05 20:49:20 WARN  [] [HikariPool-1 housekeeper] com.zaxxer.hikari.pool.HikariPool : HikariPool-1 - Thread starvation or clock leap detected (housekeeper delta=1h5m23s630ms).
2026-03-05 20:50:33 WARN  [] [HikariPool-1 housekeeper] com.zaxxer.hikari.pool.HikariPool : HikariPool-1 - Thread starvation or clock leap detected (housekeeper delta=1m12s330ms).
2026-03-05 20:56:03 WARN  [] [HikariPool-1 housekeeper] com.zaxxer.hikari.pool.HikariPool : HikariPool-1 - Thread starvation or clock leap detected (housekeeper delta=5m30s444ms).
2026-03-05 20:56:11 INFO  [69a96f5bf44cebb176ee91b9b6959c53] [http-nio-8081-exec-3] c.p.u.controller.CategoryController : Get categories request
2026-03-05 20:56:11 INFO  [69a96f5bf44cebb176ee91b9b6959c53] [http-nio-8081-exec-3] c.p.u.service.CategoryService : Fetching categories from database
2026-03-05 21:26:25 WARN  [] [HikariPool-1 housekeeper] com.zaxxer.hikari.pool.HikariPool : HikariPool-1 - Thread starvation or clock leap detected (housekeeper delta=29m52s460ms).
2026-03-05 22:10:11 WARN  [] [HikariPool-1 housekeeper] com.zaxxer.hikari.pool.HikariPool : HikariPool-1 - Thread starvation or clock leap detected (housekeeper delta=43m15s549ms).
2026-03-05 22:12:19 INFO  [69a981337a89e3fbd81ee673a75cb295] [http-nio-8081-exec-5] c.p.u.controller.CategoryController : Get categories request
2026-03-05 22:12:20 INFO  [69a981337a89e3fbd81ee673a75cb295] [http-nio-8081-exec-5] c.p.u.service.CategoryService : Fetching categories from database
2026-03-05 22:16:56 INFO  [] [SpringApplicationShutdownHook] n.d.b.g.s.s.GrpcServerLifecycle : Completed gRPC server shutdown
2026-03-05 22:16:56 INFO  [] [SpringApplicationShutdownHook] o.s.b.w.e.tomcat.GracefulShutdown : Commencing graceful shutdown. Waiting for active requests to complete
2026-03-05 22:16:56 INFO  [] [tomcat-shutdown] o.s.b.w.e.tomcat.GracefulShutdown : Graceful shutdown complete
2026-03-05 22:16:56 INFO  [] [SpringApplicationShutdownHook] o.s.o.j.LocalContainerEntityManagerFactoryBean : Closing JPA EntityManagerFactory for persistence unit 'default'
2026-03-05 22:16:56 INFO  [] [SpringApplicationShutdownHook] com.zaxxer.hikari.HikariDataSource : HikariPool-1 - Shutdown initiated...
2026-03-05 22:16:56 INFO  [] [SpringApplicationShutdownHook] com.zaxxer.hikari.HikariDataSource : HikariPool-1 - Shutdown completed.
2026-03-05 22:22:01 INFO  [] [background-preinit] o.h.validator.internal.util.Version : HV000001: Hibernate Validator 8.0.2.Final
2026-03-05 22:22:01 INFO  [] [main] c.p.b.PlanitBaseTemplateApplication : Starting PlanitBaseTemplateApplication using Java 17.0.16 with PID 62356 (/Users/jybill01/Folder/02_Study/03_AWS_Cloud_School/03_Project/03_project/Full/PlanIt-User-svc/build/classes/java/main started by jybill01 in /Users/jybill01/Folder/02_Study/03_AWS_Cloud_School/03_Project/03_project/Full/PlanIt-User-svc)
2026-03-05 22:22:01 INFO  [] [main] c.p.b.PlanitBaseTemplateApplication : No active profile set, falling back to 1 default profile: "default"
2026-03-05 22:22:02 INFO  [] [main] o.s.d.r.c.RepositoryConfigurationDelegate : Multiple Spring Data modules found, entering strict repository configuration mode
2026-03-05 22:22:02 INFO  [] [main] o.s.d.r.c.RepositoryConfigurationDelegate : Bootstrapping Spring Data JPA repositories in DEFAULT mode.
2026-03-05 22:22:02 INFO  [] [main] o.s.d.r.c.RepositoryConfigurationDelegate : Finished Spring Data repository scanning in 93 ms. Found 6 JPA repository interfaces.
2026-03-05 22:22:02 INFO  [] [main] o.s.d.r.c.RepositoryConfigurationDelegate : Multiple Spring Data modules found, entering strict repository configuration mode
2026-03-05 22:22:02 INFO  [] [main] o.s.d.r.c.RepositoryConfigurationDelegate : Bootstrapping Spring Data Redis repositories in DEFAULT mode.
2026-03-05 22:22:02 INFO  [] [main] o.s.d.r.c.RepositoryConfigurationDelegate : Finished Spring Data repository scanning in 1 ms. Found 0 Redis repository interfaces.
2026-03-05 22:22:03 INFO  [] [main] o.s.b.w.e.tomcat.TomcatWebServer : Tomcat initialized with port 8081 (http)
2026-03-05 22:22:03 INFO  [] [main] o.a.coyote.http11.Http11NioProtocol : Initializing ProtocolHandler ["http-nio-8081"]
2026-03-05 22:22:03 INFO  [] [main] o.a.catalina.core.StandardService : Starting service [Tomcat]
2026-03-05 22:22:03 INFO  [] [main] o.a.catalina.core.StandardEngine : Starting Servlet engine: [Apache Tomcat/10.1.36]
2026-03-05 22:22:03 INFO  [] [main] o.a.c.c.C.[Tomcat].[localhost].[/] : Initializing Spring embedded WebApplicationContext
2026-03-05 22:22:03 INFO  [] [main] o.s.b.w.s.c.ServletWebServerApplicationContext : Root WebApplicationContext: initialization completed in 1365 ms
2026-03-05 22:22:03 INFO  [] [main] o.h.jpa.internal.util.LogHelper : HHH000204: Processing PersistenceUnitInfo [name: default]
2026-03-05 22:22:03 INFO  [] [main] org.hibernate.Version : HHH000412: Hibernate ORM core version 6.6.8.Final
2026-03-05 22:22:03 INFO  [] [main] o.h.c.i.RegionFactoryInitiator : HHH000026: Second-level cache disabled
2026-03-05 22:22:03 INFO  [] [main] o.s.o.j.p.SpringPersistenceUnitInfo : No LoadTimeWeaver setup: ignoring JPA class transformer
2026-03-05 22:22:03 INFO  [] [main] com.zaxxer.hikari.HikariDataSource : HikariPool-1 - Starting...
2026-03-05 22:22:03 INFO  [] [main] com.zaxxer.hikari.pool.HikariPool : HikariPool-1 - Added connection org.mariadb.jdbc.Connection@3fb0d9de
2026-03-05 22:22:03 INFO  [] [main] com.zaxxer.hikari.HikariDataSource : HikariPool-1 - Start completed.
2026-03-05 22:22:03 INFO  [] [main] o.hibernate.orm.connections.pooling : HHH10001005: Database info:
	Database JDBC URL [Connecting through datasource 'HikariDataSource (HikariPool-1)']
	Database driver: undefined/unknown
	Database version: 12.2.2
	Autocommit mode: undefined/unknown
	Isolation level: undefined/unknown
	Minimum pool size: undefined/unknown
	Maximum pool size: undefined/unknown
2026-03-05 22:22:04 INFO  [] [main] o.h.e.t.j.p.i.JtaPlatformInitiator : HHH000489: No JTA platform available (set 'hibernate.transaction.jta.platform' to enable JTA platform integration)
2026-03-05 22:22:05 INFO  [] [main] o.s.o.j.LocalContainerEntityManagerFactoryBean : Initialized JPA EntityManagerFactory for persistence unit 'default'
2026-03-05 22:22:05 INFO  [] [main] o.s.d.j.r.query.QueryEnhancerFactory : Hibernate is in classpath; If applicable, HQL parser will be used.
2026-03-05 22:22:06 WARN  [] [main] o.s.b.a.o.j.JpaBaseConfiguration$JpaWebConfiguration : spring.jpa.open-in-view is enabled by default. Therefore, database queries may be performed during view rendering. Explicitly configure spring.jpa.open-in-view to disable this warning
2026-03-05 22:22:06 WARN  [] [main] o.s.b.a.s.s.UserDetailsServiceAutoConfiguration : 

Using generated security password: e051fe3f-4918-4db9-8ea9-7c78e37ab921

This generated password is for development use only. Your security configuration must be updated before running your application in production.

2026-03-05 22:22:06 INFO  [] [main] o.s.s.c.a.a.c.InitializeUserDetailsBeanManagerConfigurer$InitializeUserDetailsManagerConfigurer : Global AuthenticationManager configured with UserDetailsService bean with name inMemoryUserDetailsManager
2026-03-05 22:22:06 INFO  [] [main] n.d.b.g.c.a.GrpcClientAutoConfiguration : Detected grpc-netty-shaded: Creating ShadedNettyChannelFactory + InProcessChannelFactory
2026-03-05 22:22:06 INFO  [] [main] o.s.b.a.e.web.EndpointLinksResolver : Exposing 2 endpoints beneath base path '/api/v1/users/actuator'
2026-03-05 22:22:07 INFO  [] [main] n.d.b.g.s.a.GrpcServerFactoryAutoConfiguration : Detected grpc-netty-shaded: Creating ShadedNettyGrpcServerFactory
2026-03-05 22:22:07 INFO  [] [main] o.a.coyote.http11.Http11NioProtocol : Starting ProtocolHandler ["http-nio-8081"]
2026-03-05 22:22:07 INFO  [] [main] o.s.b.w.e.tomcat.TomcatWebServer : Tomcat started on port 8081 (http) with context path '/'
2026-03-05 22:22:07 INFO  [] [main] n.d.b.g.s.s.AbstractGrpcServerFactory : Registered gRPC service: BaseTestGrpcService, bean: baseGrpcController, class: com.planit.basetemplate.grpc.BaseGrpcController
2026-03-05 22:22:07 INFO  [] [main] n.d.b.g.s.s.AbstractGrpcServerFactory : Registered gRPC service: grpc.health.v1.Health, bean: grpcHealthService, class: io.grpc.protobuf.services.HealthServiceImpl
2026-03-05 22:22:07 INFO  [] [main] n.d.b.g.s.s.AbstractGrpcServerFactory : Registered gRPC service: grpc.reflection.v1alpha.ServerReflection, bean: protoReflectionService, class: io.grpc.protobuf.services.ProtoReflectionService
2026-03-05 22:22:07 INFO  [] [main] n.d.b.g.s.s.GrpcServerLifecycle : gRPC Server started, listening on address: *, port: 9090
2026-03-05 22:22:07 INFO  [] [main] c.p.b.PlanitBaseTemplateApplication : Started PlanitBaseTemplateApplication in 6.331 seconds (process running for 6.81)
2026-03-05 22:22:59 INFO  [] [http-nio-8081-exec-1] o.a.c.c.C.[Tomcat].[localhost].[/] : Initializing Spring DispatcherServlet 'dispatcherServlet'
2026-03-05 22:22:59 INFO  [] [http-nio-8081-exec-1] o.s.web.servlet.DispatcherServlet : Initializing Servlet 'dispatcherServlet'
2026-03-05 22:22:59 INFO  [] [http-nio-8081-exec-1] o.s.web.servlet.DispatcherServlet : Completed initialization in 9 ms
2026-03-05 22:22:59 INFO  [69a983b37ee5991d5cbf29c1d28cfb58] [http-nio-8081-exec-1] c.p.u.controller.CategoryController : Get categories request
2026-03-05 22:22:59 INFO  [69a983b37ee5991d5cbf29c1d28cfb58] [http-nio-8081-exec-1] c.p.u.service.CategoryService : Fetching categories from database
2026-03-05 22:23:08 INFO  [69a983bc94aa0740de096f4452b6c07c] [http-nio-8081-exec-3] c.p.u.controller.AuthController : Login request
2026-03-05 22:23:08 INFO  [69a983bc94aa0740de096f4452b6c07c] [http-nio-8081-exec-3] c.p.u.security.CognitoService : Local profile detected - extracting sub from idToken directly
2026-03-05 22:23:08 INFO  [69a983bc94aa0740de096f4452b6c07c] [http-nio-8081-exec-3] c.p.u.security.CognitoService : Token payload: {"at_hash":"1H9nd9S9GnQc73YJ9GZ59w","sub":"24f8cd2c-b031-70cb-402e-d942bd86a1a7","cognito:groups":["ap-northeast-2_GKpckavjT_Google"],"email_verified":false,"iss":"https:\/\/cognito-idp.ap-northeast-2.amazonaws.com\/ap-northeast-2_GKpckavjT","cognito:username":"google_107679341415152317616","origin_jti":"4e5fd38d-55c1-4b42-92e1-230af5769a28","aud":"6j5ajq8p3b7d894qt5msp4hair","identities":[{"dateCreated":"1772705785337","userId":"107679341415152317616","providerName":"Google","providerType":"Google","issuer":null,"primary":"true"}],"token_use":"id","auth_time":1772716987,"exp":1772720588,"iat":1772716988,"jti":"20a2d635-63ce-4428-b796-fe439d7f3166","email":"jdragon0151@gmail.com"}
2026-03-05 22:23:08 INFO  [69a983bc94aa0740de096f4452b6c07c] [http-nio-8081-exec-3] c.p.u.security.CognitoService : Extracted sub from token: 24f8cd2c-b031-70cb-402e-d942bd86a1a7
2026-03-05 22:23:08 INFO  [69a983bcd2f0ca95941c6be9450a58b2] [http-nio-8081-exec-5] c.p.u.controller.AuthController : Check withdrawn request
2026-03-05 22:23:08 INFO  [69a983bcd2f0ca95941c6be9450a58b2] [http-nio-8081-exec-5] c.p.u.security.CognitoService : Extracted email from token: jdragon0151@gmail.com
2026-03-05 22:23:08 INFO  [69a983bcd2f0ca95941c6be9450a58b2] [http-nio-8081-exec-5] c.p.userservice.service.AuthService : Check withdrawn for email: jdragon0151@gmail.com
2026-03-05 22:23:08 INFO  [69a983bcfe0113a1f874040aa4bbed6c] [http-nio-8081-exec-6] c.p.u.controller.CategoryController : Get categories request
2026-03-05 22:23:08 INFO  [69a983bcfe0113a1f874040aa4bbed6c] [http-nio-8081-exec-6] c.p.u.service.CategoryService : Fetching categories from database
2026-03-05 22:23:17 INFO  [69a983c5ed45d360b77a77ae75309ca9] [http-nio-8081-exec-8] c.p.u.controller.AuthController : Signup request: test
2026-03-05 22:23:17 INFO  [69a983c5ed45d360b77a77ae75309ca9] [http-nio-8081-exec-8] c.p.u.security.CognitoService : Local profile detected - extracting sub from idToken directly
2026-03-05 22:23:17 INFO  [69a983c5ed45d360b77a77ae75309ca9] [http-nio-8081-exec-8] c.p.u.security.CognitoService : Token payload: {"at_hash":"1H9nd9S9GnQc73YJ9GZ59w","sub":"24f8cd2c-b031-70cb-402e-d942bd86a1a7","cognito:groups":["ap-northeast-2_GKpckavjT_Google"],"email_verified":false,"iss":"https:\/\/cognito-idp.ap-northeast-2.amazonaws.com\/ap-northeast-2_GKpckavjT","cognito:username":"google_107679341415152317616","origin_jti":"4e5fd38d-55c1-4b42-92e1-230af5769a28","aud":"6j5ajq8p3b7d894qt5msp4hair","identities":[{"dateCreated":"1772705785337","userId":"107679341415152317616","providerName":"Google","providerType":"Google","issuer":null,"primary":"true"}],"token_use":"id","auth_time":1772716987,"exp":1772720588,"iat":1772716988,"jti":"20a2d635-63ce-4428-b796-fe439d7f3166","email":"jdragon0151@gmail.com"}
2026-03-05 22:23:17 INFO  [69a983c5ed45d360b77a77ae75309ca9] [http-nio-8081-exec-8] c.p.u.security.CognitoService : Extracted sub from token: 24f8cd2c-b031-70cb-402e-d942bd86a1a7
2026-03-05 22:28:47 INFO  [] [SpringApplicationShutdownHook] n.d.b.g.s.s.GrpcServerLifecycle : Completed gRPC server shutdown
2026-03-05 22:28:47 INFO  [] [SpringApplicationShutdownHook] o.s.b.w.e.tomcat.GracefulShutdown : Commencing graceful shutdown. Waiting for active requests to complete
2026-03-05 22:28:47 INFO  [] [tomcat-shutdown] o.s.b.w.e.tomcat.GracefulShutdown : Graceful shutdown complete
2026-03-05 22:28:47 INFO  [] [SpringApplicationShutdownHook] o.s.o.j.LocalContainerEntityManagerFactoryBean : Closing JPA EntityManagerFactory for persistence unit 'default'
2026-03-05 22:28:47 INFO  [] [SpringApplicationShutdownHook] com.zaxxer.hikari.HikariDataSource : HikariPool-1 - Shutdown initiated...
2026-03-05 22:28:47 INFO  [] [SpringApplicationShutdownHook] com.zaxxer.hikari.HikariDataSource : HikariPool-1 - Shutdown completed.
