2026-03-04 10:32:58 INFO  [] [background-preinit] o.h.validator.internal.util.Version : HV000001: Hibernate Validator 8.0.3.Final
2026-03-04 10:32:58 INFO  [] [main] c.p.b.PlanitBaseTemplateApplication : Starting PlanitBaseTemplateApplication using Java 17.0.18 with PID 8616 (C:\barumi\PlanIt-User-svc\build\classes\java\main started by DS23 in C:\barumi\PlanIt-User-svc)
2026-03-04 10:32:58 INFO  [] [main] c.p.b.PlanitBaseTemplateApplication : The following 1 profile is active: "local-no-redis"
2026-03-04 10:32:59 INFO  [] [main] o.s.d.r.c.RepositoryConfigurationDelegate : Multiple Spring Data modules found, entering strict repository configuration mode
2026-03-04 10:32:59 INFO  [] [main] o.s.d.r.c.RepositoryConfigurationDelegate : Bootstrapping Spring Data JPA repositories in DEFAULT mode.
2026-03-04 10:32:59 INFO  [] [main] o.s.d.r.c.RepositoryConfigurationDelegate : Finished Spring Data repository scanning in 119 ms. Found 1 JPA repository interface.
2026-03-04 10:32:59 INFO  [] [main] o.s.d.r.c.RepositoryConfigurationDelegate : Multiple Spring Data modules found, entering strict repository configuration mode
2026-03-04 10:32:59 INFO  [] [main] o.s.d.r.c.RepositoryConfigurationDelegate : Bootstrapping Spring Data Redis repositories in DEFAULT mode.
2026-03-04 10:32:59 INFO  [] [main] o.s.d.r.c.RepositoryConfigurationExtensionSupport : Spring Data Redis - Could not safely identify store assignment for repository candidate interface com.planit.basetemplate.sample.SampleRepository; If you want this repository to be a Redis repository, consider annotating your entities with one of these annotations: org.springframework.data.redis.core.RedisHash (preferred), or consider extending one of the following types with your repository: org.springframework.data.keyvalue.repository.KeyValueRepository
2026-03-04 10:32:59 INFO  [] [main] o.s.d.r.c.RepositoryConfigurationDelegate : Finished Spring Data repository scanning in 6 ms. Found 0 Redis repository interfaces.
2026-03-04 10:32:59 INFO  [] [main] o.s.b.w.e.tomcat.TomcatWebServer : Tomcat initialized with port 8080 (http)
2026-03-04 10:32:59 INFO  [] [main] o.a.coyote.http11.Http11NioProtocol : Initializing ProtocolHandler ["http-nio-8080"]
2026-03-04 10:32:59 INFO  [] [main] o.a.catalina.core.StandardService : Starting service [Tomcat]
2026-03-04 10:32:59 INFO  [] [main] o.a.catalina.core.StandardEngine : Starting Servlet engine: [Apache Tomcat/10.1.52]
2026-03-04 10:32:59 INFO  [] [main] o.a.c.c.C.[Tomcat].[localhost].[/] : Initializing Spring embedded WebApplicationContext
2026-03-04 10:32:59 INFO  [] [main] o.s.b.w.s.c.ServletWebServerApplicationContext : Root WebApplicationContext: initialization completed in 1865 ms
2026-03-04 10:33:00 INFO  [] [main] o.h.jpa.internal.util.LogHelper : HHH000204: Processing PersistenceUnitInfo [name: default]
2026-03-04 10:33:00 INFO  [] [main] org.hibernate.Version : HHH000412: Hibernate ORM core version 6.6.42.Final
2026-03-04 10:33:00 INFO  [] [main] o.h.c.i.RegionFactoryInitiator : HHH000026: Second-level cache disabled
2026-03-04 10:33:00 INFO  [] [main] o.s.o.j.p.SpringPersistenceUnitInfo : No LoadTimeWeaver setup: ignoring JPA class transformer
2026-03-04 10:33:00 INFO  [] [main] com.zaxxer.hikari.HikariDataSource : HikariPool-1 - Starting...
2026-03-04 10:33:00 INFO  [] [main] com.zaxxer.hikari.pool.HikariPool : HikariPool-1 - Added connection org.mariadb.jdbc.Connection@5e41e6ad
2026-03-04 10:33:00 INFO  [] [main] com.zaxxer.hikari.HikariDataSource : HikariPool-1 - Start completed.
2026-03-04 10:33:00 INFO  [] [main] o.hibernate.orm.connections.pooling : HHH10001005: Database info:
	Database JDBC URL [Connecting through datasource 'HikariDataSource (HikariPool-1)']
	Database driver: undefined/unknown
	Database version: 11.8.3
	Autocommit mode: undefined/unknown
	Isolation level: undefined/unknown
	Minimum pool size: undefined/unknown
	Maximum pool size: undefined/unknown
2026-03-04 10:33:01 INFO  [] [main] o.h.e.t.j.p.i.JtaPlatformInitiator : HHH000489: No JTA platform available (set 'hibernate.transaction.jta.platform' to enable JTA platform integration)
2026-03-04 10:33:01 INFO  [] [main] o.s.o.j.LocalContainerEntityManagerFactoryBean : Initialized JPA EntityManagerFactory for persistence unit 'default'
2026-03-04 10:33:01 WARN  [] [main] o.s.b.a.o.j.JpaBaseConfiguration$JpaWebConfiguration : spring.jpa.open-in-view is enabled by default. Therefore, database queries may be performed during view rendering. Explicitly configure spring.jpa.open-in-view to disable this warning
2026-03-04 10:33:01 INFO  [] [main] n.d.b.g.s.a.GrpcServerFactoryAutoConfiguration : Detected grpc-netty-shaded: Creating ShadedNettyGrpcServerFactory
2026-03-04 10:33:01 INFO  [] [main] n.d.b.g.c.a.GrpcClientAutoConfiguration : Detected grpc-netty-shaded: Creating ShadedNettyChannelFactory + InProcessChannelFactory
2026-03-04 10:33:01 WARN  [] [main] o.s.b.a.s.s.UserDetailsServiceAutoConfiguration : 

Using generated security password: c5166552-0fb4-443d-ae39-980ad7aea1b4

This generated password is for development use only. Your security configuration must be updated before running your application in production.

2026-03-04 10:33:01 INFO  [] [main] o.s.s.c.a.a.c.InitializeUserDetailsBeanManagerConfigurer$InitializeUserDetailsManagerConfigurer : Global AuthenticationManager configured with UserDetailsService bean with name inMemoryUserDetailsManager
2026-03-04 10:33:02 INFO  [] [main] o.s.b.a.e.web.EndpointLinksResolver : Exposing 2 endpoints beneath base path '/api/v1/users/actuator'
2026-03-04 10:33:02 INFO  [] [main] o.a.coyote.http11.Http11NioProtocol : Starting ProtocolHandler ["http-nio-8080"]
2026-03-04 10:33:02 INFO  [] [main] o.s.b.w.e.tomcat.TomcatWebServer : Tomcat started on port 8080 (http) with context path '/'
2026-03-04 10:33:02 INFO  [] [main] n.d.b.g.s.s.AbstractGrpcServerFactory : Registered gRPC service: BaseTestGrpcService, bean: baseGrpcController, class: com.planit.basetemplate.grpc.BaseGrpcController
2026-03-04 10:33:02 INFO  [] [main] n.d.b.g.s.s.AbstractGrpcServerFactory : Registered gRPC service: grpc.health.v1.Health, bean: grpcHealthService, class: io.grpc.protobuf.services.HealthServiceImpl
2026-03-04 10:33:02 INFO  [] [main] n.d.b.g.s.s.AbstractGrpcServerFactory : Registered gRPC service: grpc.reflection.v1alpha.ServerReflection, bean: protoReflectionService, class: io.grpc.protobuf.services.ProtoReflectionService
2026-03-04 10:33:02 INFO  [] [main] n.d.b.g.s.s.GrpcServerLifecycle : gRPC Server started, listening on address: *, port: 9090
2026-03-04 10:33:02 INFO  [] [main] c.p.b.PlanitBaseTemplateApplication : Started PlanitBaseTemplateApplication in 5.265 seconds (process running for 5.596)
2026-03-04 10:45:29 INFO  [] [http-nio-8080-exec-1] o.a.c.c.C.[Tomcat].[localhost].[/] : Initializing Spring DispatcherServlet 'dispatcherServlet'
2026-03-04 10:45:29 INFO  [] [http-nio-8080-exec-1] o.s.web.servlet.DispatcherServlet : Initializing Servlet 'dispatcherServlet'
2026-03-04 10:45:29 INFO  [] [http-nio-8080-exec-1] o.s.web.servlet.DispatcherServlet : Completed initialization in 2 ms
2026-03-04 10:52:15 INFO  [] [background-preinit] o.h.validator.internal.util.Version : HV000001: Hibernate Validator 8.0.3.Final
2026-03-04 10:52:15 INFO  [] [main] c.p.b.PlanitBaseTemplateApplication : Starting PlanitBaseTemplateApplication using Java 17.0.18 with PID 20484 (C:\barumi\PlanIt-User-svc\build\classes\java\main started by DS23 in C:\barumi\PlanIt-User-svc)
2026-03-04 10:52:15 INFO  [] [main] c.p.b.PlanitBaseTemplateApplication : The following 1 profile is active: "local-no-redis"
2026-03-04 10:52:16 INFO  [] [main] o.s.d.r.c.RepositoryConfigurationDelegate : Multiple Spring Data modules found, entering strict repository configuration mode
2026-03-04 10:52:16 INFO  [] [main] o.s.d.r.c.RepositoryConfigurationDelegate : Bootstrapping Spring Data JPA repositories in DEFAULT mode.
2026-03-04 10:52:16 INFO  [] [main] o.s.d.r.c.RepositoryConfigurationDelegate : Finished Spring Data repository scanning in 109 ms. Found 1 JPA repository interface.
2026-03-04 10:52:16 INFO  [] [main] o.s.d.r.c.RepositoryConfigurationDelegate : Multiple Spring Data modules found, entering strict repository configuration mode
2026-03-04 10:52:16 INFO  [] [main] o.s.d.r.c.RepositoryConfigurationDelegate : Bootstrapping Spring Data Redis repositories in DEFAULT mode.
2026-03-04 10:52:16 INFO  [] [main] o.s.d.r.c.RepositoryConfigurationExtensionSupport : Spring Data Redis - Could not safely identify store assignment for repository candidate interface com.planit.basetemplate.sample.SampleRepository; If you want this repository to be a Redis repository, consider annotating your entities with one of these annotations: org.springframework.data.redis.core.RedisHash (preferred), or consider extending one of the following types with your repository: org.springframework.data.keyvalue.repository.KeyValueRepository
2026-03-04 10:52:16 INFO  [] [main] o.s.d.r.c.RepositoryConfigurationDelegate : Finished Spring Data repository scanning in 8 ms. Found 0 Redis repository interfaces.
2026-03-04 10:52:17 INFO  [] [main] o.s.b.w.e.tomcat.TomcatWebServer : Tomcat initialized with port 8080 (http)
2026-03-04 10:52:17 INFO  [] [main] o.a.coyote.http11.Http11NioProtocol : Initializing ProtocolHandler ["http-nio-8080"]
2026-03-04 10:52:17 INFO  [] [main] o.a.catalina.core.StandardService : Starting service [Tomcat]
2026-03-04 10:52:17 INFO  [] [main] o.a.catalina.core.StandardEngine : Starting Servlet engine: [Apache Tomcat/10.1.52]
2026-03-04 10:52:17 INFO  [] [main] o.a.c.c.C.[Tomcat].[localhost].[/] : Initializing Spring embedded WebApplicationContext
2026-03-04 10:52:17 INFO  [] [main] o.s.b.w.s.c.ServletWebServerApplicationContext : Root WebApplicationContext: initialization completed in 1623 ms
2026-03-04 10:52:17 INFO  [] [main] o.h.jpa.internal.util.LogHelper : HHH000204: Processing PersistenceUnitInfo [name: default]
2026-03-04 10:52:17 INFO  [] [main] org.hibernate.Version : HHH000412: Hibernate ORM core version 6.6.42.Final
2026-03-04 10:52:17 INFO  [] [main] o.h.c.i.RegionFactoryInitiator : HHH000026: Second-level cache disabled
2026-03-04 10:52:17 INFO  [] [main] o.s.o.j.p.SpringPersistenceUnitInfo : No LoadTimeWeaver setup: ignoring JPA class transformer
2026-03-04 10:52:17 INFO  [] [main] com.zaxxer.hikari.HikariDataSource : HikariPool-1 - Starting...
2026-03-04 10:52:17 INFO  [] [main] com.zaxxer.hikari.pool.HikariPool : HikariPool-1 - Added connection org.mariadb.jdbc.Connection@3897f9ae
2026-03-04 10:52:17 INFO  [] [main] com.zaxxer.hikari.HikariDataSource : HikariPool-1 - Start completed.
2026-03-04 10:52:17 INFO  [] [main] o.hibernate.orm.connections.pooling : HHH10001005: Database info:
	Database JDBC URL [Connecting through datasource 'HikariDataSource (HikariPool-1)']
	Database driver: undefined/unknown
	Database version: 11.8.3
	Autocommit mode: undefined/unknown
	Isolation level: undefined/unknown
	Minimum pool size: undefined/unknown
	Maximum pool size: undefined/unknown
2026-03-04 10:52:18 INFO  [] [main] o.h.e.t.j.p.i.JtaPlatformInitiator : HHH000489: No JTA platform available (set 'hibernate.transaction.jta.platform' to enable JTA platform integration)
2026-03-04 10:52:18 INFO  [] [main] o.s.o.j.LocalContainerEntityManagerFactoryBean : Initialized JPA EntityManagerFactory for persistence unit 'default'
2026-03-04 10:52:18 WARN  [] [main] o.s.b.a.o.j.JpaBaseConfiguration$JpaWebConfiguration : spring.jpa.open-in-view is enabled by default. Therefore, database queries may be performed during view rendering. Explicitly configure spring.jpa.open-in-view to disable this warning
2026-03-04 10:52:19 INFO  [] [main] n.d.b.g.s.a.GrpcServerFactoryAutoConfiguration : Detected grpc-netty-shaded: Creating ShadedNettyGrpcServerFactory
2026-03-04 10:52:19 INFO  [] [main] n.d.b.g.c.a.GrpcClientAutoConfiguration : Detected grpc-netty-shaded: Creating ShadedNettyChannelFactory + InProcessChannelFactory
2026-03-04 10:52:19 WARN  [] [main] o.s.b.a.s.s.UserDetailsServiceAutoConfiguration : 

Using generated security password: 45e860ed-a25a-40f7-8812-0d589e47139e

This generated password is for development use only. Your security configuration must be updated before running your application in production.

2026-03-04 10:52:19 INFO  [] [main] o.s.s.c.a.a.c.InitializeUserDetailsBeanManagerConfigurer$InitializeUserDetailsManagerConfigurer : Global AuthenticationManager configured with UserDetailsService bean with name inMemoryUserDetailsManager
2026-03-04 10:52:19 INFO  [] [main] o.s.b.a.e.web.EndpointLinksResolver : Exposing 2 endpoints beneath base path '/api/v1/users/actuator'
2026-03-04 10:52:19 INFO  [] [main] o.a.coyote.http11.Http11NioProtocol : Starting ProtocolHandler ["http-nio-8080"]
2026-03-04 10:52:19 INFO  [] [main] o.s.b.w.e.tomcat.TomcatWebServer : Tomcat started on port 8080 (http) with context path '/'
2026-03-04 10:52:19 INFO  [] [main] n.d.b.g.s.s.AbstractGrpcServerFactory : Registered gRPC service: BaseTestGrpcService, bean: baseGrpcController, class: com.planit.basetemplate.grpc.BaseGrpcController
2026-03-04 10:52:19 INFO  [] [main] n.d.b.g.s.s.AbstractGrpcServerFactory : Registered gRPC service: grpc.health.v1.Health, bean: grpcHealthService, class: io.grpc.protobuf.services.HealthServiceImpl
2026-03-04 10:52:19 INFO  [] [main] n.d.b.g.s.s.AbstractGrpcServerFactory : Registered gRPC service: grpc.reflection.v1alpha.ServerReflection, bean: protoReflectionService, class: io.grpc.protobuf.services.ProtoReflectionService
2026-03-04 10:52:19 INFO  [] [main] n.d.b.g.s.s.GrpcServerLifecycle : gRPC Server started, listening on address: *, port: 9090
2026-03-04 10:52:19 INFO  [] [main] c.p.b.PlanitBaseTemplateApplication : Started PlanitBaseTemplateApplication in 4.832 seconds (process running for 5.155)
2026-03-04 10:52:37 INFO  [] [http-nio-8080-exec-2] o.a.c.c.C.[Tomcat].[localhost].[/] : Initializing Spring DispatcherServlet 'dispatcherServlet'
2026-03-04 10:52:37 INFO  [] [http-nio-8080-exec-2] o.s.web.servlet.DispatcherServlet : Initializing Servlet 'dispatcherServlet'
2026-03-04 10:52:37 INFO  [] [http-nio-8080-exec-2] o.s.web.servlet.DispatcherServlet : Completed initialization in 4 ms
2026-03-04 10:52:38 WARN  [69a79065e650aec5eb2e6863daaa3700] [http-nio-8080-exec-2] o.a.c.util.SessionIdGeneratorBase : Creation of SecureRandom instance for session ID generation using [SHA1PRNG] took [159] milliseconds.
2026-03-04 10:53:43 INFO  [] [background-preinit] o.h.validator.internal.util.Version : HV000001: Hibernate Validator 8.0.3.Final
2026-03-04 10:53:43 INFO  [] [main] c.p.b.PlanitBaseTemplateApplication : Starting PlanitBaseTemplateApplication using Java 17.0.18 with PID 14132 (C:\barumi\PlanIt-User-svc\build\classes\java\main started by DS23 in C:\barumi\PlanIt-User-svc)
2026-03-04 10:53:43 INFO  [] [main] c.p.b.PlanitBaseTemplateApplication : The following 1 profile is active: "local-no-redis"
2026-03-04 10:53:44 INFO  [] [main] o.s.d.r.c.RepositoryConfigurationDelegate : Multiple Spring Data modules found, entering strict repository configuration mode
2026-03-04 10:53:44 INFO  [] [main] o.s.d.r.c.RepositoryConfigurationDelegate : Bootstrapping Spring Data JPA repositories in DEFAULT mode.
2026-03-04 10:53:44 INFO  [] [main] o.s.d.r.c.RepositoryConfigurationDelegate : Finished Spring Data repository scanning in 102 ms. Found 1 JPA repository interface.
2026-03-04 10:53:44 INFO  [] [main] o.s.d.r.c.RepositoryConfigurationDelegate : Multiple Spring Data modules found, entering strict repository configuration mode
2026-03-04 10:53:44 INFO  [] [main] o.s.d.r.c.RepositoryConfigurationDelegate : Bootstrapping Spring Data Redis repositories in DEFAULT mode.
2026-03-04 10:53:44 INFO  [] [main] o.s.d.r.c.RepositoryConfigurationExtensionSupport : Spring Data Redis - Could not safely identify store assignment for repository candidate interface com.planit.basetemplate.sample.SampleRepository; If you want this repository to be a Redis repository, consider annotating your entities with one of these annotations: org.springframework.data.redis.core.RedisHash (preferred), or consider extending one of the following types with your repository: org.springframework.data.keyvalue.repository.KeyValueRepository
2026-03-04 10:53:44 INFO  [] [main] o.s.d.r.c.RepositoryConfigurationDelegate : Finished Spring Data repository scanning in 12 ms. Found 0 Redis repository interfaces.
2026-03-04 10:53:45 INFO  [] [main] o.s.b.w.e.tomcat.TomcatWebServer : Tomcat initialized with port 8080 (http)
2026-03-04 10:53:45 INFO  [] [main] o.a.coyote.http11.Http11NioProtocol : Initializing ProtocolHandler ["http-nio-8080"]
2026-03-04 10:53:45 INFO  [] [main] o.a.catalina.core.StandardService : Starting service [Tomcat]
2026-03-04 10:53:45 INFO  [] [main] o.a.catalina.core.StandardEngine : Starting Servlet engine: [Apache Tomcat/10.1.52]
2026-03-04 10:53:45 INFO  [] [main] o.a.c.c.C.[Tomcat].[localhost].[/] : Initializing Spring embedded WebApplicationContext
2026-03-04 10:53:45 INFO  [] [main] o.s.b.w.s.c.ServletWebServerApplicationContext : Root WebApplicationContext: initialization completed in 1821 ms
2026-03-04 10:53:46 INFO  [] [main] o.h.jpa.internal.util.LogHelper : HHH000204: Processing PersistenceUnitInfo [name: default]
2026-03-04 10:53:46 INFO  [] [main] org.hibernate.Version : HHH000412: Hibernate ORM core version 6.6.42.Final
2026-03-04 10:53:46 INFO  [] [main] o.h.c.i.RegionFactoryInitiator : HHH000026: Second-level cache disabled
2026-03-04 10:53:46 INFO  [] [main] o.s.o.j.p.SpringPersistenceUnitInfo : No LoadTimeWeaver setup: ignoring JPA class transformer
2026-03-04 10:53:47 INFO  [] [main] com.zaxxer.hikari.HikariDataSource : HikariPool-1 - Starting...
2026-03-04 10:53:47 INFO  [] [main] com.zaxxer.hikari.pool.HikariPool : HikariPool-1 - Added connection org.mariadb.jdbc.Connection@510e6b93
2026-03-04 10:53:47 INFO  [] [main] com.zaxxer.hikari.HikariDataSource : HikariPool-1 - Start completed.
2026-03-04 10:53:47 INFO  [] [main] o.hibernate.orm.connections.pooling : HHH10001005: Database info:
	Database JDBC URL [Connecting through datasource 'HikariDataSource (HikariPool-1)']
	Database driver: undefined/unknown
	Database version: 11.8.3
	Autocommit mode: undefined/unknown
	Isolation level: undefined/unknown
	Minimum pool size: undefined/unknown
	Maximum pool size: undefined/unknown
2026-03-04 10:53:49 INFO  [] [main] o.h.e.t.j.p.i.JtaPlatformInitiator : HHH000489: No JTA platform available (set 'hibernate.transaction.jta.platform' to enable JTA platform integration)
2026-03-04 10:53:49 INFO  [] [main] o.s.o.j.LocalContainerEntityManagerFactoryBean : Initialized JPA EntityManagerFactory for persistence unit 'default'
2026-03-04 10:53:49 WARN  [] [main] o.s.b.a.o.j.JpaBaseConfiguration$JpaWebConfiguration : spring.jpa.open-in-view is enabled by default. Therefore, database queries may be performed during view rendering. Explicitly configure spring.jpa.open-in-view to disable this warning
2026-03-04 10:53:50 INFO  [] [main] n.d.b.g.s.a.GrpcServerFactoryAutoConfiguration : Detected grpc-netty-shaded: Creating ShadedNettyGrpcServerFactory
2026-03-04 10:53:50 INFO  [] [main] n.d.b.g.c.a.GrpcClientAutoConfiguration : Detected grpc-netty-shaded: Creating ShadedNettyChannelFactory + InProcessChannelFactory
2026-03-04 10:53:51 WARN  [] [main] o.s.b.a.s.s.UserDetailsServiceAutoConfiguration : 

Using generated security password: 51044e80-e857-4c86-994a-3419f9d0154d

This generated password is for development use only. Your security configuration must be updated before running your application in production.

2026-03-04 10:53:51 INFO  [] [main] o.s.s.c.a.a.c.InitializeUserDetailsBeanManagerConfigurer$InitializeUserDetailsManagerConfigurer : Global AuthenticationManager configured with UserDetailsService bean with name inMemoryUserDetailsManager
2026-03-04 10:53:51 INFO  [] [main] o.s.b.a.e.web.EndpointLinksResolver : Exposing 2 endpoints beneath base path '/api/v1/users/actuator'
2026-03-04 10:53:52 INFO  [] [main] o.a.coyote.http11.Http11NioProtocol : Starting ProtocolHandler ["http-nio-8080"]
2026-03-04 10:53:52 INFO  [] [main] o.s.b.w.e.tomcat.TomcatWebServer : Tomcat started on port 8080 (http) with context path '/'
2026-03-04 10:53:52 INFO  [] [main] n.d.b.g.s.s.AbstractGrpcServerFactory : Registered gRPC service: BaseTestGrpcService, bean: baseGrpcController, class: com.planit.basetemplate.grpc.BaseGrpcController
2026-03-04 10:53:52 INFO  [] [main] n.d.b.g.s.s.AbstractGrpcServerFactory : Registered gRPC service: grpc.health.v1.Health, bean: grpcHealthService, class: io.grpc.protobuf.services.HealthServiceImpl
2026-03-04 10:53:52 INFO  [] [main] n.d.b.g.s.s.AbstractGrpcServerFactory : Registered gRPC service: grpc.reflection.v1alpha.ServerReflection, bean: protoReflectionService, class: io.grpc.protobuf.services.ProtoReflectionService
2026-03-04 10:53:52 INFO  [] [http-nio-8080-exec-1] o.a.c.c.C.[Tomcat].[localhost].[/] : Initializing Spring DispatcherServlet 'dispatcherServlet'
2026-03-04 10:53:52 INFO  [] [http-nio-8080-exec-1] o.s.web.servlet.DispatcherServlet : Initializing Servlet 'dispatcherServlet'
2026-03-04 10:53:52 INFO  [] [http-nio-8080-exec-1] o.s.web.servlet.DispatcherServlet : Completed initialization in 3 ms
2026-03-04 10:53:53 WARN  [69a790b0911ecca9d0cbb4af336cec5a] [http-nio-8080-exec-1] o.a.c.util.SessionIdGeneratorBase : Creation of SecureRandom instance for session ID generation using [SHA1PRNG] took [113] milliseconds.
2026-03-04 10:53:53 INFO  [] [main] n.d.b.g.s.s.GrpcServerLifecycle : gRPC Server started, listening on address: *, port: 9090
2026-03-04 10:53:53 INFO  [] [main] c.p.b.PlanitBaseTemplateApplication : Started PlanitBaseTemplateApplication in 10.239 seconds (process running for 10.544)
2026-03-04 10:56:02 INFO  [] [background-preinit] o.h.validator.internal.util.Version : HV000001: Hibernate Validator 8.0.3.Final
2026-03-04 10:56:02 INFO  [] [main] c.p.b.PlanitBaseTemplateApplication : Starting PlanitBaseTemplateApplication using Java 17.0.18 with PID 15412 (C:\barumi\PlanIt-User-svc\build\classes\java\main started by DS23 in C:\barumi\PlanIt-User-svc)
2026-03-04 10:56:02 INFO  [] [main] c.p.b.PlanitBaseTemplateApplication : The following 1 profile is active: "local-no-redis"
2026-03-04 10:56:03 INFO  [] [main] o.s.d.r.c.RepositoryConfigurationDelegate : Multiple Spring Data modules found, entering strict repository configuration mode
2026-03-04 10:56:03 INFO  [] [main] o.s.d.r.c.RepositoryConfigurationDelegate : Bootstrapping Spring Data JPA repositories in DEFAULT mode.
2026-03-04 10:56:03 INFO  [] [main] o.s.d.r.c.RepositoryConfigurationDelegate : Finished Spring Data repository scanning in 128 ms. Found 1 JPA repository interface.
2026-03-04 10:56:03 INFO  [] [main] o.s.d.r.c.RepositoryConfigurationDelegate : Multiple Spring Data modules found, entering strict repository configuration mode
2026-03-04 10:56:03 INFO  [] [main] o.s.d.r.c.RepositoryConfigurationDelegate : Bootstrapping Spring Data Redis repositories in DEFAULT mode.
2026-03-04 10:56:03 INFO  [] [main] o.s.d.r.c.RepositoryConfigurationExtensionSupport : Spring Data Redis - Could not safely identify store assignment for repository candidate interface com.planit.basetemplate.sample.SampleRepository; If you want this repository to be a Redis repository, consider annotating your entities with one of these annotations: org.springframework.data.redis.core.RedisHash (preferred), or consider extending one of the following types with your repository: org.springframework.data.keyvalue.repository.KeyValueRepository
2026-03-04 10:56:03 INFO  [] [main] o.s.d.r.c.RepositoryConfigurationDelegate : Finished Spring Data repository scanning in 9 ms. Found 0 Redis repository interfaces.
2026-03-04 10:56:04 INFO  [] [main] o.s.b.w.e.tomcat.TomcatWebServer : Tomcat initialized with port 8080 (http)
2026-03-04 10:56:04 INFO  [] [main] o.a.coyote.http11.Http11NioProtocol : Initializing ProtocolHandler ["http-nio-8080"]
2026-03-04 10:56:04 INFO  [] [main] o.a.catalina.core.StandardService : Starting service [Tomcat]
2026-03-04 10:56:04 INFO  [] [main] o.a.catalina.core.StandardEngine : Starting Servlet engine: [Apache Tomcat/10.1.52]
2026-03-04 10:56:04 INFO  [] [main] o.a.c.c.C.[Tomcat].[localhost].[/] : Initializing Spring embedded WebApplicationContext
2026-03-04 10:56:04 INFO  [] [main] o.s.b.w.s.c.ServletWebServerApplicationContext : Root WebApplicationContext: initialization completed in 1810 ms
2026-03-04 10:56:04 INFO  [] [main] o.h.jpa.internal.util.LogHelper : HHH000204: Processing PersistenceUnitInfo [name: default]
2026-03-04 10:56:04 INFO  [] [main] org.hibernate.Version : HHH000412: Hibernate ORM core version 6.6.42.Final
2026-03-04 10:56:04 INFO  [] [main] o.h.c.i.RegionFactoryInitiator : HHH000026: Second-level cache disabled
2026-03-04 10:56:05 INFO  [] [main] o.s.o.j.p.SpringPersistenceUnitInfo : No LoadTimeWeaver setup: ignoring JPA class transformer
2026-03-04 10:56:05 INFO  [] [main] com.zaxxer.hikari.HikariDataSource : HikariPool-1 - Starting...
2026-03-04 10:56:05 INFO  [] [main] com.zaxxer.hikari.pool.HikariPool : HikariPool-1 - Added connection org.mariadb.jdbc.Connection@6c767288
2026-03-04 10:56:05 INFO  [] [main] com.zaxxer.hikari.HikariDataSource : HikariPool-1 - Start completed.
2026-03-04 10:56:05 INFO  [] [main] o.hibernate.orm.connections.pooling : HHH10001005: Database info:
	Database JDBC URL [Connecting through datasource 'HikariDataSource (HikariPool-1)']
	Database driver: undefined/unknown
	Database version: 11.8.3
	Autocommit mode: undefined/unknown
	Isolation level: undefined/unknown
	Minimum pool size: undefined/unknown
	Maximum pool size: undefined/unknown
2026-03-04 10:56:07 INFO  [] [main] o.h.e.t.j.p.i.JtaPlatformInitiator : HHH000489: No JTA platform available (set 'hibernate.transaction.jta.platform' to enable JTA platform integration)
2026-03-04 10:56:07 INFO  [] [main] o.s.o.j.LocalContainerEntityManagerFactoryBean : Initialized JPA EntityManagerFactory for persistence unit 'default'
2026-03-04 10:56:08 WARN  [] [main] o.s.b.a.o.j.JpaBaseConfiguration$JpaWebConfiguration : spring.jpa.open-in-view is enabled by default. Therefore, database queries may be performed during view rendering. Explicitly configure spring.jpa.open-in-view to disable this warning
2026-03-04 10:56:09 INFO  [] [main] n.d.b.g.s.a.GrpcServerFactoryAutoConfiguration : Detected grpc-netty-shaded: Creating ShadedNettyGrpcServerFactory
2026-03-04 10:56:09 INFO  [] [main] n.d.b.g.c.a.GrpcClientAutoConfiguration : Detected grpc-netty-shaded: Creating ShadedNettyChannelFactory + InProcessChannelFactory
2026-03-04 10:56:09 INFO  [] [main] o.s.s.c.a.a.c.InitializeUserDetailsBeanManagerConfigurer$InitializeUserDetailsManagerConfigurer : Global AuthenticationManager configured with UserDetailsService bean with name inMemoryUserDetailsManager
2026-03-04 10:56:09 INFO  [] [main] o.s.b.a.e.web.EndpointLinksResolver : Exposing 2 endpoints beneath base path '/api/v1/users/actuator'
2026-03-04 10:56:11 INFO  [] [main] o.a.coyote.http11.Http11NioProtocol : Starting ProtocolHandler ["http-nio-8080"]
2026-03-04 10:56:11 INFO  [] [main] o.s.b.w.e.tomcat.TomcatWebServer : Tomcat started on port 8080 (http) with context path '/'
2026-03-04 10:56:11 INFO  [] [http-nio-8080-exec-1] o.a.c.c.C.[Tomcat].[localhost].[/] : Initializing Spring DispatcherServlet 'dispatcherServlet'
2026-03-04 10:56:11 INFO  [] [http-nio-8080-exec-1] o.s.web.servlet.DispatcherServlet : Initializing Servlet 'dispatcherServlet'
2026-03-04 10:56:11 INFO  [] [http-nio-8080-exec-1] o.s.web.servlet.DispatcherServlet : Completed initialization in 11 ms
2026-03-04 10:56:11 INFO  [] [main] n.d.b.g.s.s.AbstractGrpcServerFactory : Registered gRPC service: BaseTestGrpcService, bean: baseGrpcController, class: com.planit.basetemplate.grpc.BaseGrpcController
2026-03-04 10:56:11 INFO  [] [main] n.d.b.g.s.s.AbstractGrpcServerFactory : Registered gRPC service: grpc.health.v1.Health, bean: grpcHealthService, class: io.grpc.protobuf.services.HealthServiceImpl
2026-03-04 10:56:11 INFO  [] [main] n.d.b.g.s.s.AbstractGrpcServerFactory : Registered gRPC service: grpc.reflection.v1alpha.ServerReflection, bean: protoReflectionService, class: io.grpc.protobuf.services.ProtoReflectionService
2026-03-04 10:56:11 WARN  [69a7913b08d31b9bca91ada95fb66e2d] [http-nio-8080-exec-1] o.a.c.util.SessionIdGeneratorBase : Creation of SecureRandom instance for session ID generation using [SHA1PRNG] took [115] milliseconds.
2026-03-04 10:56:11 INFO  [] [main] n.d.b.g.s.s.GrpcServerLifecycle : gRPC Server started, listening on address: *, port: 9090
2026-03-04 10:56:12 INFO  [] [main] c.p.b.PlanitBaseTemplateApplication : Started PlanitBaseTemplateApplication in 10.111 seconds (process running for 10.427)
2026-03-04 10:59:02 INFO  [] [background-preinit] o.h.validator.internal.util.Version : HV000001: Hibernate Validator 8.0.3.Final
2026-03-04 10:59:02 INFO  [] [main] c.p.b.PlanitBaseTemplateApplication : Starting PlanitBaseTemplateApplication using Java 17.0.18 with PID 16868 (C:\barumi\PlanIt-User-svc\build\classes\java\main started by DS23 in C:\barumi\PlanIt-User-svc)
2026-03-04 10:59:02 INFO  [] [main] c.p.b.PlanitBaseTemplateApplication : The following 1 profile is active: "local-no-redis"
2026-03-04 10:59:03 INFO  [] [main] o.s.d.r.c.RepositoryConfigurationDelegate : Multiple Spring Data modules found, entering strict repository configuration mode
2026-03-04 10:59:03 INFO  [] [main] o.s.d.r.c.RepositoryConfigurationDelegate : Bootstrapping Spring Data JPA repositories in DEFAULT mode.
2026-03-04 10:59:04 INFO  [] [main] o.s.d.r.c.RepositoryConfigurationDelegate : Finished Spring Data repository scanning in 99 ms. Found 1 JPA repository interface.
2026-03-04 10:59:04 INFO  [] [main] o.s.d.r.c.RepositoryConfigurationDelegate : Multiple Spring Data modules found, entering strict repository configuration mode
2026-03-04 10:59:04 INFO  [] [main] o.s.d.r.c.RepositoryConfigurationDelegate : Bootstrapping Spring Data Redis repositories in DEFAULT mode.
2026-03-04 10:59:04 INFO  [] [main] o.s.d.r.c.RepositoryConfigurationExtensionSupport : Spring Data Redis - Could not safely identify store assignment for repository candidate interface com.planit.basetemplate.sample.SampleRepository; If you want this repository to be a Redis repository, consider annotating your entities with one of these annotations: org.springframework.data.redis.core.RedisHash (preferred), or consider extending one of the following types with your repository: org.springframework.data.keyvalue.repository.KeyValueRepository
2026-03-04 10:59:04 INFO  [] [main] o.s.d.r.c.RepositoryConfigurationDelegate : Finished Spring Data repository scanning in 7 ms. Found 0 Redis repository interfaces.
2026-03-04 10:59:04 INFO  [] [main] o.s.b.w.e.tomcat.TomcatWebServer : Tomcat initialized with port 8080 (http)
2026-03-04 10:59:04 INFO  [] [main] o.a.coyote.http11.Http11NioProtocol : Initializing ProtocolHandler ["http-nio-8080"]
2026-03-04 10:59:04 INFO  [] [main] o.a.catalina.core.StandardService : Starting service [Tomcat]
2026-03-04 10:59:04 INFO  [] [main] o.a.catalina.core.StandardEngine : Starting Servlet engine: [Apache Tomcat/10.1.52]
2026-03-04 10:59:04 INFO  [] [main] o.a.c.c.C.[Tomcat].[localhost].[/] : Initializing Spring embedded WebApplicationContext
2026-03-04 10:59:04 INFO  [] [main] o.s.b.w.s.c.ServletWebServerApplicationContext : Root WebApplicationContext: initialization completed in 1717 ms
2026-03-04 10:59:04 INFO  [] [main] o.h.jpa.internal.util.LogHelper : HHH000204: Processing PersistenceUnitInfo [name: default]
2026-03-04 10:59:05 INFO  [] [main] org.hibernate.Version : HHH000412: Hibernate ORM core version 6.6.42.Final
2026-03-04 10:59:05 INFO  [] [main] o.h.c.i.RegionFactoryInitiator : HHH000026: Second-level cache disabled
2026-03-04 10:59:05 INFO  [] [main] o.s.o.j.p.SpringPersistenceUnitInfo : No LoadTimeWeaver setup: ignoring JPA class transformer
2026-03-04 10:59:05 INFO  [] [main] com.zaxxer.hikari.HikariDataSource : HikariPool-1 - Starting...
2026-03-04 10:59:05 INFO  [] [main] com.zaxxer.hikari.pool.HikariPool : HikariPool-1 - Added connection org.mariadb.jdbc.Connection@70e8c019
2026-03-04 10:59:05 INFO  [] [main] com.zaxxer.hikari.HikariDataSource : HikariPool-1 - Start completed.
2026-03-04 10:59:05 INFO  [] [main] o.hibernate.orm.connections.pooling : HHH10001005: Database info:
	Database JDBC URL [Connecting through datasource 'HikariDataSource (HikariPool-1)']
	Database driver: undefined/unknown
	Database version: 11.8.3
	Autocommit mode: undefined/unknown
	Isolation level: undefined/unknown
	Minimum pool size: undefined/unknown
	Maximum pool size: undefined/unknown
2026-03-04 10:59:05 INFO  [] [main] o.h.e.t.j.p.i.JtaPlatformInitiator : HHH000489: No JTA platform available (set 'hibernate.transaction.jta.platform' to enable JTA platform integration)
2026-03-04 10:59:06 INFO  [] [main] o.s.o.j.LocalContainerEntityManagerFactoryBean : Initialized JPA EntityManagerFactory for persistence unit 'default'
2026-03-04 10:59:06 WARN  [] [main] o.s.b.a.o.j.JpaBaseConfiguration$JpaWebConfiguration : spring.jpa.open-in-view is enabled by default. Therefore, database queries may be performed during view rendering. Explicitly configure spring.jpa.open-in-view to disable this warning
2026-03-04 10:59:06 INFO  [] [main] n.d.b.g.s.a.GrpcServerFactoryAutoConfiguration : Detected grpc-netty-shaded: Creating ShadedNettyGrpcServerFactory
2026-03-04 10:59:06 INFO  [] [main] n.d.b.g.c.a.GrpcClientAutoConfiguration : Detected grpc-netty-shaded: Creating ShadedNettyChannelFactory + InProcessChannelFactory
2026-03-04 10:59:06 INFO  [] [main] o.s.s.c.a.a.c.InitializeUserDetailsBeanManagerConfigurer$InitializeUserDetailsManagerConfigurer : Global AuthenticationManager configured with UserDetailsService bean with name inMemoryUserDetailsManager
2026-03-04 10:59:06 INFO  [] [main] o.s.b.a.e.web.EndpointLinksResolver : Exposing 2 endpoints beneath base path '/api/v1/users/actuator'
2026-03-04 10:59:07 INFO  [] [main] o.a.coyote.http11.Http11NioProtocol : Starting ProtocolHandler ["http-nio-8080"]
2026-03-04 10:59:07 INFO  [] [main] o.s.b.w.e.tomcat.TomcatWebServer : Tomcat started on port 8080 (http) with context path '/'
2026-03-04 10:59:07 INFO  [] [main] n.d.b.g.s.s.AbstractGrpcServerFactory : Registered gRPC service: BaseTestGrpcService, bean: baseGrpcController, class: com.planit.basetemplate.grpc.BaseGrpcController
2026-03-04 10:59:07 INFO  [] [main] n.d.b.g.s.s.AbstractGrpcServerFactory : Registered gRPC service: grpc.health.v1.Health, bean: grpcHealthService, class: io.grpc.protobuf.services.HealthServiceImpl
2026-03-04 10:59:07 INFO  [] [main] n.d.b.g.s.s.AbstractGrpcServerFactory : Registered gRPC service: grpc.reflection.v1alpha.ServerReflection, bean: protoReflectionService, class: io.grpc.protobuf.services.ProtoReflectionService
2026-03-04 10:59:07 INFO  [] [main] n.d.b.g.s.s.GrpcServerLifecycle : gRPC Server started, listening on address: *, port: 9090
2026-03-04 10:59:07 INFO  [] [main] c.p.b.PlanitBaseTemplateApplication : Started PlanitBaseTemplateApplication in 4.802 seconds (process running for 5.112)
2026-03-04 10:59:15 INFO  [] [http-nio-8080-exec-10] o.a.c.c.C.[Tomcat].[localhost].[/] : Initializing Spring DispatcherServlet 'dispatcherServlet'
2026-03-04 10:59:15 INFO  [] [http-nio-8080-exec-10] o.s.web.servlet.DispatcherServlet : Initializing Servlet 'dispatcherServlet'
2026-03-04 10:59:15 INFO  [] [http-nio-8080-exec-10] o.s.web.servlet.DispatcherServlet : Completed initialization in 4 ms
2026-03-04 10:59:15 WARN  [69a791f3cf028121d343dcdf3d411236] [http-nio-8080-exec-10] o.a.c.util.SessionIdGeneratorBase : Creation of SecureRandom instance for session ID generation using [SHA1PRNG] took [123] milliseconds.
2026-03-04 11:01:29 INFO  [] [background-preinit] o.h.validator.internal.util.Version : HV000001: Hibernate Validator 8.0.3.Final
2026-03-04 11:01:30 INFO  [] [main] c.p.b.PlanitBaseTemplateApplication : Starting PlanitBaseTemplateApplication using Java 17.0.18 with PID 20920 (C:\barumi\PlanIt-User-svc\build\classes\java\main started by DS23 in C:\barumi\PlanIt-User-svc)
2026-03-04 11:01:30 INFO  [] [main] c.p.b.PlanitBaseTemplateApplication : The following 1 profile is active: "local-no-redis"
2026-03-04 11:01:31 INFO  [] [main] o.s.d.r.c.RepositoryConfigurationDelegate : Multiple Spring Data modules found, entering strict repository configuration mode
2026-03-04 11:01:31 INFO  [] [main] o.s.d.r.c.RepositoryConfigurationDelegate : Bootstrapping Spring Data JPA repositories in DEFAULT mode.
2026-03-04 11:01:31 INFO  [] [main] o.s.d.r.c.RepositoryConfigurationDelegate : Finished Spring Data repository scanning in 115 ms. Found 1 JPA repository interface.
2026-03-04 11:01:31 INFO  [] [main] o.s.d.r.c.RepositoryConfigurationDelegate : Multiple Spring Data modules found, entering strict repository configuration mode
2026-03-04 11:01:31 INFO  [] [main] o.s.d.r.c.RepositoryConfigurationDelegate : Bootstrapping Spring Data Redis repositories in DEFAULT mode.
2026-03-04 11:01:31 INFO  [] [main] o.s.d.r.c.RepositoryConfigurationExtensionSupport : Spring Data Redis - Could not safely identify store assignment for repository candidate interface com.planit.basetemplate.sample.SampleRepository; If you want this repository to be a Redis repository, consider annotating your entities with one of these annotations: org.springframework.data.redis.core.RedisHash (preferred), or consider extending one of the following types with your repository: org.springframework.data.keyvalue.repository.KeyValueRepository
2026-03-04 11:01:31 INFO  [] [main] o.s.d.r.c.RepositoryConfigurationDelegate : Finished Spring Data repository scanning in 8 ms. Found 0 Redis repository interfaces.
2026-03-04 11:01:31 INFO  [] [main] o.s.b.w.e.tomcat.TomcatWebServer : Tomcat initialized with port 8080 (http)
2026-03-04 11:01:31 INFO  [] [main] o.a.coyote.http11.Http11NioProtocol : Initializing ProtocolHandler ["http-nio-8080"]
2026-03-04 11:01:31 INFO  [] [main] o.a.catalina.core.StandardService : Starting service [Tomcat]
2026-03-04 11:01:31 INFO  [] [main] o.a.catalina.core.StandardEngine : Starting Servlet engine: [Apache Tomcat/10.1.52]
2026-03-04 11:01:31 INFO  [] [main] o.a.c.c.C.[Tomcat].[localhost].[/] : Initializing Spring embedded WebApplicationContext
2026-03-04 11:01:31 INFO  [] [main] o.s.b.w.s.c.ServletWebServerApplicationContext : Root WebApplicationContext: initialization completed in 1783 ms
2026-03-04 11:01:32 INFO  [] [main] o.h.jpa.internal.util.LogHelper : HHH000204: Processing PersistenceUnitInfo [name: default]
2026-03-04 11:01:32 INFO  [] [main] org.hibernate.Version : HHH000412: Hibernate ORM core version 6.6.42.Final
2026-03-04 11:01:32 INFO  [] [main] o.h.c.i.RegionFactoryInitiator : HHH000026: Second-level cache disabled
2026-03-04 11:01:32 INFO  [] [main] o.s.o.j.p.SpringPersistenceUnitInfo : No LoadTimeWeaver setup: ignoring JPA class transformer
2026-03-04 11:01:32 INFO  [] [main] com.zaxxer.hikari.HikariDataSource : HikariPool-1 - Starting...
2026-03-04 11:01:32 INFO  [] [main] com.zaxxer.hikari.pool.HikariPool : HikariPool-1 - Added connection org.mariadb.jdbc.Connection@14983265
2026-03-04 11:01:32 INFO  [] [main] com.zaxxer.hikari.HikariDataSource : HikariPool-1 - Start completed.
2026-03-04 11:01:32 INFO  [] [main] o.hibernate.orm.connections.pooling : HHH10001005: Database info:
	Database JDBC URL [Connecting through datasource 'HikariDataSource (HikariPool-1)']
	Database driver: undefined/unknown
	Database version: 11.8.3
	Autocommit mode: undefined/unknown
	Isolation level: undefined/unknown
	Minimum pool size: undefined/unknown
	Maximum pool size: undefined/unknown
2026-03-04 11:01:33 INFO  [] [main] o.h.e.t.j.p.i.JtaPlatformInitiator : HHH000489: No JTA platform available (set 'hibernate.transaction.jta.platform' to enable JTA platform integration)
2026-03-04 11:01:33 INFO  [] [main] o.s.o.j.LocalContainerEntityManagerFactoryBean : Initialized JPA EntityManagerFactory for persistence unit 'default'
2026-03-04 11:01:33 WARN  [] [main] o.s.b.a.o.j.JpaBaseConfiguration$JpaWebConfiguration : spring.jpa.open-in-view is enabled by default. Therefore, database queries may be performed during view rendering. Explicitly configure spring.jpa.open-in-view to disable this warning
2026-03-04 11:01:34 INFO  [] [main] n.d.b.g.s.a.GrpcServerFactoryAutoConfiguration : Detected grpc-netty-shaded: Creating ShadedNettyGrpcServerFactory
2026-03-04 11:01:34 INFO  [] [main] n.d.b.g.c.a.GrpcClientAutoConfiguration : Detected grpc-netty-shaded: Creating ShadedNettyChannelFactory + InProcessChannelFactory
2026-03-04 11:01:34 INFO  [] [main] o.s.s.c.a.a.c.InitializeUserDetailsBeanManagerConfigurer$InitializeUserDetailsManagerConfigurer : Global AuthenticationManager configured with UserDetailsService bean with name inMemoryUserDetailsManager
2026-03-04 11:01:34 INFO  [] [main] o.s.b.a.e.web.EndpointLinksResolver : Exposing 2 endpoints beneath base path '/api/v1/users/actuator'
2026-03-04 11:01:35 INFO  [] [main] o.a.coyote.http11.Http11NioProtocol : Starting ProtocolHandler ["http-nio-8080"]
2026-03-04 11:01:35 INFO  [] [main] o.s.b.w.e.tomcat.TomcatWebServer : Tomcat started on port 8080 (http) with context path '/'
2026-03-04 11:01:35 INFO  [] [main] n.d.b.g.s.s.AbstractGrpcServerFactory : Registered gRPC service: BaseTestGrpcService, bean: baseGrpcController, class: com.planit.basetemplate.grpc.BaseGrpcController
2026-03-04 11:01:35 INFO  [] [main] n.d.b.g.s.s.AbstractGrpcServerFactory : Registered gRPC service: grpc.health.v1.Health, bean: grpcHealthService, class: io.grpc.protobuf.services.HealthServiceImpl
2026-03-04 11:01:35 INFO  [] [main] n.d.b.g.s.s.AbstractGrpcServerFactory : Registered gRPC service: grpc.reflection.v1alpha.ServerReflection, bean: protoReflectionService, class: io.grpc.protobuf.services.ProtoReflectionService
2026-03-04 11:01:35 INFO  [] [main] n.d.b.g.s.s.GrpcServerLifecycle : gRPC Server started, listening on address: *, port: 9090
2026-03-04 11:01:35 INFO  [] [main] c.p.b.PlanitBaseTemplateApplication : Started PlanitBaseTemplateApplication in 5.889 seconds (process running for 6.233)
2026-03-04 11:06:58 INFO  [] [http-nio-8080-exec-1] o.a.c.c.C.[Tomcat].[localhost].[/] : Initializing Spring DispatcherServlet 'dispatcherServlet'
2026-03-04 11:06:58 INFO  [] [http-nio-8080-exec-1] o.s.web.servlet.DispatcherServlet : Initializing Servlet 'dispatcherServlet'
2026-03-04 11:06:58 INFO  [] [http-nio-8080-exec-1] o.s.web.servlet.DispatcherServlet : Completed initialization in 3 ms
2026-03-04 11:10:59 INFO  [] [background-preinit] o.h.validator.internal.util.Version : HV000001: Hibernate Validator 8.0.3.Final
2026-03-04 11:10:59 INFO  [] [main] c.p.b.PlanitBaseTemplateApplication : Starting PlanitBaseTemplateApplication using Java 17.0.18 with PID 7988 (C:\barumi\PlanIt-User-svc\build\classes\java\main started by DS23 in C:\barumi\PlanIt-User-svc)
2026-03-04 11:10:59 INFO  [] [main] c.p.b.PlanitBaseTemplateApplication : The following 1 profile is active: "local-no-redis"
2026-03-04 11:11:00 INFO  [] [main] o.s.d.r.c.RepositoryConfigurationDelegate : Multiple Spring Data modules found, entering strict repository configuration mode
2026-03-04 11:11:00 INFO  [] [main] o.s.d.r.c.RepositoryConfigurationDelegate : Bootstrapping Spring Data JPA repositories in DEFAULT mode.
2026-03-04 11:11:00 INFO  [] [main] o.s.d.r.c.RepositoryConfigurationDelegate : Finished Spring Data repository scanning in 115 ms. Found 1 JPA repository interface.
2026-03-04 11:11:00 INFO  [] [main] o.s.d.r.c.RepositoryConfigurationDelegate : Multiple Spring Data modules found, entering strict repository configuration mode
2026-03-04 11:11:00 INFO  [] [main] o.s.d.r.c.RepositoryConfigurationDelegate : Bootstrapping Spring Data Redis repositories in DEFAULT mode.
2026-03-04 11:11:00 INFO  [] [main] o.s.d.r.c.RepositoryConfigurationExtensionSupport : Spring Data Redis - Could not safely identify store assignment for repository candidate interface com.planit.basetemplate.sample.SampleRepository; If you want this repository to be a Redis repository, consider annotating your entities with one of these annotations: org.springframework.data.redis.core.RedisHash (preferred), or consider extending one of the following types with your repository: org.springframework.data.keyvalue.repository.KeyValueRepository
2026-03-04 11:11:00 INFO  [] [main] o.s.d.r.c.RepositoryConfigurationDelegate : Finished Spring Data repository scanning in 6 ms. Found 0 Redis repository interfaces.
2026-03-04 11:11:00 INFO  [] [main] o.s.b.w.e.tomcat.TomcatWebServer : Tomcat initialized with port 8080 (http)
2026-03-04 11:11:00 INFO  [] [main] o.a.coyote.http11.Http11NioProtocol : Initializing ProtocolHandler ["http-nio-8080"]
2026-03-04 11:11:00 INFO  [] [main] o.a.catalina.core.StandardService : Starting service [Tomcat]
2026-03-04 11:11:00 INFO  [] [main] o.a.catalina.core.StandardEngine : Starting Servlet engine: [Apache Tomcat/10.1.52]
2026-03-04 11:11:00 INFO  [] [main] o.a.c.c.C.[Tomcat].[localhost].[/] : Initializing Spring embedded WebApplicationContext
2026-03-04 11:11:00 INFO  [] [main] o.s.b.w.s.c.ServletWebServerApplicationContext : Root WebApplicationContext: initialization completed in 1783 ms
2026-03-04 11:11:01 INFO  [] [main] o.h.jpa.internal.util.LogHelper : HHH000204: Processing PersistenceUnitInfo [name: default]
2026-03-04 11:11:01 INFO  [] [main] org.hibernate.Version : HHH000412: Hibernate ORM core version 6.6.42.Final
2026-03-04 11:11:01 INFO  [] [main] o.h.c.i.RegionFactoryInitiator : HHH000026: Second-level cache disabled
2026-03-04 11:11:01 INFO  [] [main] o.s.o.j.p.SpringPersistenceUnitInfo : No LoadTimeWeaver setup: ignoring JPA class transformer
2026-03-04 11:11:01 INFO  [] [main] com.zaxxer.hikari.HikariDataSource : HikariPool-1 - Starting...
2026-03-04 11:11:01 INFO  [] [main] com.zaxxer.hikari.pool.HikariPool : HikariPool-1 - Added connection org.mariadb.jdbc.Connection@4a7e469d
2026-03-04 11:11:01 INFO  [] [main] com.zaxxer.hikari.HikariDataSource : HikariPool-1 - Start completed.
2026-03-04 11:11:01 INFO  [] [main] o.hibernate.orm.connections.pooling : HHH10001005: Database info:
	Database JDBC URL [Connecting through datasource 'HikariDataSource (HikariPool-1)']
	Database driver: undefined/unknown
	Database version: 11.8.3
	Autocommit mode: undefined/unknown
	Isolation level: undefined/unknown
	Minimum pool size: undefined/unknown
	Maximum pool size: undefined/unknown
2026-03-04 11:11:02 INFO  [] [main] o.h.e.t.j.p.i.JtaPlatformInitiator : HHH000489: No JTA platform available (set 'hibernate.transaction.jta.platform' to enable JTA platform integration)
2026-03-04 11:11:02 INFO  [] [main] o.s.o.j.LocalContainerEntityManagerFactoryBean : Initialized JPA EntityManagerFactory for persistence unit 'default'
2026-03-04 11:11:02 WARN  [] [main] o.s.b.a.o.j.JpaBaseConfiguration$JpaWebConfiguration : spring.jpa.open-in-view is enabled by default. Therefore, database queries may be performed during view rendering. Explicitly configure spring.jpa.open-in-view to disable this warning
2026-03-04 11:11:03 INFO  [] [main] n.d.b.g.s.a.GrpcServerFactoryAutoConfiguration : Detected grpc-netty-shaded: Creating ShadedNettyGrpcServerFactory
2026-03-04 11:11:03 INFO  [] [main] n.d.b.g.c.a.GrpcClientAutoConfiguration : Detected grpc-netty-shaded: Creating ShadedNettyChannelFactory + InProcessChannelFactory
2026-03-04 11:11:03 INFO  [] [main] o.s.s.c.a.a.c.InitializeUserDetailsBeanManagerConfigurer$InitializeUserDetailsManagerConfigurer : Global AuthenticationManager configured with UserDetailsService bean with name inMemoryUserDetailsManager
2026-03-04 11:11:03 INFO  [] [main] o.s.b.a.e.web.EndpointLinksResolver : Exposing 2 endpoints beneath base path '/api/v1/users/actuator'
2026-03-04 11:11:04 INFO  [] [main] o.a.coyote.http11.Http11NioProtocol : Starting ProtocolHandler ["http-nio-8080"]
2026-03-04 11:11:04 INFO  [] [main] o.s.b.w.e.tomcat.TomcatWebServer : Tomcat started on port 8080 (http) with context path '/'
2026-03-04 11:11:04 INFO  [] [main] n.d.b.g.s.s.AbstractGrpcServerFactory : Registered gRPC service: BaseTestGrpcService, bean: baseGrpcController, class: com.planit.basetemplate.grpc.BaseGrpcController
2026-03-04 11:11:04 INFO  [] [main] n.d.b.g.s.s.AbstractGrpcServerFactory : Registered gRPC service: grpc.health.v1.Health, bean: grpcHealthService, class: io.grpc.protobuf.services.HealthServiceImpl
2026-03-04 11:11:04 INFO  [] [main] n.d.b.g.s.s.AbstractGrpcServerFactory : Registered gRPC service: grpc.reflection.v1alpha.ServerReflection, bean: protoReflectionService, class: io.grpc.protobuf.services.ProtoReflectionService
2026-03-04 11:11:04 INFO  [] [main] n.d.b.g.s.s.GrpcServerLifecycle : gRPC Server started, listening on address: *, port: 9090
2026-03-04 11:11:04 INFO  [] [main] c.p.b.PlanitBaseTemplateApplication : Started PlanitBaseTemplateApplication in 5.781 seconds (process running for 6.166)
2026-03-04 11:11:07 INFO  [] [http-nio-8080-exec-1] o.a.c.c.C.[Tomcat].[localhost].[/] : Initializing Spring DispatcherServlet 'dispatcherServlet'
2026-03-04 11:11:07 INFO  [] [http-nio-8080-exec-1] o.s.web.servlet.DispatcherServlet : Initializing Servlet 'dispatcherServlet'
2026-03-04 11:11:07 INFO  [] [http-nio-8080-exec-1] o.s.web.servlet.DispatcherServlet : Completed initialization in 0 ms
2026-03-04 11:11:08 WARN  [69a794bb4cee2074be21ba8d10afef09] [http-nio-8080-exec-1] o.a.c.util.SessionIdGeneratorBase : Creation of SecureRandom instance for session ID generation using [SHA1PRNG] took [124] milliseconds.
2026-03-04 11:16:35 INFO  [] [background-preinit] o.h.validator.internal.util.Version : HV000001: Hibernate Validator 8.0.3.Final
2026-03-04 11:16:35 INFO  [] [main] c.p.b.PlanitBaseTemplateApplication : Starting PlanitBaseTemplateApplication using Java 17.0.18 with PID 17052 (C:\barumi\PlanIt-User-svc\build\classes\java\main started by DS23 in C:\barumi\PlanIt-User-svc)
2026-03-04 11:16:35 INFO  [] [main] c.p.b.PlanitBaseTemplateApplication : The following 1 profile is active: "local-no-redis"
2026-03-04 11:16:36 INFO  [] [main] o.s.d.r.c.RepositoryConfigurationDelegate : Multiple Spring Data modules found, entering strict repository configuration mode
2026-03-04 11:16:36 INFO  [] [main] o.s.d.r.c.RepositoryConfigurationDelegate : Bootstrapping Spring Data JPA repositories in DEFAULT mode.
2026-03-04 11:16:36 INFO  [] [main] o.s.d.r.c.RepositoryConfigurationDelegate : Finished Spring Data repository scanning in 107 ms. Found 1 JPA repository interface.
2026-03-04 11:16:36 INFO  [] [main] o.s.d.r.c.RepositoryConfigurationDelegate : Multiple Spring Data modules found, entering strict repository configuration mode
2026-03-04 11:16:36 INFO  [] [main] o.s.d.r.c.RepositoryConfigurationDelegate : Bootstrapping Spring Data Redis repositories in DEFAULT mode.
2026-03-04 11:16:36 INFO  [] [main] o.s.d.r.c.RepositoryConfigurationExtensionSupport : Spring Data Redis - Could not safely identify store assignment for repository candidate interface com.planit.basetemplate.sample.SampleRepository; If you want this repository to be a Redis repository, consider annotating your entities with one of these annotations: org.springframework.data.redis.core.RedisHash (preferred), or consider extending one of the following types with your repository: org.springframework.data.keyvalue.repository.KeyValueRepository
2026-03-04 11:16:36 INFO  [] [main] o.s.d.r.c.RepositoryConfigurationDelegate : Finished Spring Data repository scanning in 7 ms. Found 0 Redis repository interfaces.
2026-03-04 11:16:36 INFO  [] [main] o.s.b.w.e.tomcat.TomcatWebServer : Tomcat initialized with port 8080 (http)
2026-03-04 11:16:36 INFO  [] [main] o.a.coyote.http11.Http11NioProtocol : Initializing ProtocolHandler ["http-nio-8080"]
2026-03-04 11:16:36 INFO  [] [main] o.a.catalina.core.StandardService : Starting service [Tomcat]
2026-03-04 11:16:36 INFO  [] [main] o.a.catalina.core.StandardEngine : Starting Servlet engine: [Apache Tomcat/10.1.52]
2026-03-04 11:16:36 INFO  [] [main] o.a.c.c.C.[Tomcat].[localhost].[/] : Initializing Spring embedded WebApplicationContext
2026-03-04 11:16:36 INFO  [] [main] o.s.b.w.s.c.ServletWebServerApplicationContext : Root WebApplicationContext: initialization completed in 1712 ms
2026-03-04 11:16:37 INFO  [] [main] o.h.jpa.internal.util.LogHelper : HHH000204: Processing PersistenceUnitInfo [name: default]
2026-03-04 11:16:37 INFO  [] [main] org.hibernate.Version : HHH000412: Hibernate ORM core version 6.6.42.Final
2026-03-04 11:16:37 INFO  [] [main] o.h.c.i.RegionFactoryInitiator : HHH000026: Second-level cache disabled
2026-03-04 11:16:37 INFO  [] [main] o.s.o.j.p.SpringPersistenceUnitInfo : No LoadTimeWeaver setup: ignoring JPA class transformer
2026-03-04 11:16:37 INFO  [] [main] com.zaxxer.hikari.HikariDataSource : HikariPool-1 - Starting...
2026-03-04 11:16:37 INFO  [] [main] com.zaxxer.hikari.pool.HikariPool : HikariPool-1 - Added connection org.mariadb.jdbc.Connection@4db4431b
2026-03-04 11:16:37 INFO  [] [main] com.zaxxer.hikari.HikariDataSource : HikariPool-1 - Start completed.
2026-03-04 11:16:37 INFO  [] [main] o.hibernate.orm.connections.pooling : HHH10001005: Database info:
	Database JDBC URL [Connecting through datasource 'HikariDataSource (HikariPool-1)']
	Database driver: undefined/unknown
	Database version: 11.8.3
	Autocommit mode: undefined/unknown
	Isolation level: undefined/unknown
	Minimum pool size: undefined/unknown
	Maximum pool size: undefined/unknown
2026-03-04 11:16:38 INFO  [] [main] o.h.e.t.j.p.i.JtaPlatformInitiator : HHH000489: No JTA platform available (set 'hibernate.transaction.jta.platform' to enable JTA platform integration)
2026-03-04 11:16:38 INFO  [] [main] o.s.o.j.LocalContainerEntityManagerFactoryBean : Initialized JPA EntityManagerFactory for persistence unit 'default'
2026-03-04 11:16:38 WARN  [] [main] o.s.b.a.o.j.JpaBaseConfiguration$JpaWebConfiguration : spring.jpa.open-in-view is enabled by default. Therefore, database queries may be performed during view rendering. Explicitly configure spring.jpa.open-in-view to disable this warning
2026-03-04 11:16:38 INFO  [] [main] n.d.b.g.s.a.GrpcServerFactoryAutoConfiguration : Detected grpc-netty-shaded: Creating ShadedNettyGrpcServerFactory
2026-03-04 11:16:38 INFO  [] [main] n.d.b.g.c.a.GrpcClientAutoConfiguration : Detected grpc-netty-shaded: Creating ShadedNettyChannelFactory + InProcessChannelFactory
2026-03-04 11:16:38 INFO  [] [main] o.s.s.c.a.a.c.InitializeUserDetailsBeanManagerConfigurer$InitializeUserDetailsManagerConfigurer : Global AuthenticationManager configured with UserDetailsService bean with name inMemoryUserDetailsManager
2026-03-04 11:16:38 INFO  [] [main] o.s.b.a.e.web.EndpointLinksResolver : Exposing 2 endpoints beneath base path '/api/v1/users/actuator'
2026-03-04 11:16:39 INFO  [] [main] o.a.coyote.http11.Http11NioProtocol : Starting ProtocolHandler ["http-nio-8080"]
2026-03-04 11:16:39 INFO  [] [main] o.s.b.w.e.tomcat.TomcatWebServer : Tomcat started on port 8080 (http) with context path '/'
2026-03-04 11:16:39 INFO  [] [main] n.d.b.g.s.s.AbstractGrpcServerFactory : Registered gRPC service: BaseTestGrpcService, bean: baseGrpcController, class: com.planit.basetemplate.grpc.BaseGrpcController
2026-03-04 11:16:39 INFO  [] [main] n.d.b.g.s.s.AbstractGrpcServerFactory : Registered gRPC service: grpc.health.v1.Health, bean: grpcHealthService, class: io.grpc.protobuf.services.HealthServiceImpl
2026-03-04 11:16:39 INFO  [] [main] n.d.b.g.s.s.AbstractGrpcServerFactory : Registered gRPC service: grpc.reflection.v1alpha.ServerReflection, bean: protoReflectionService, class: io.grpc.protobuf.services.ProtoReflectionService
2026-03-04 11:16:39 INFO  [] [main] n.d.b.g.s.s.GrpcServerLifecycle : gRPC Server started, listening on address: *, port: 9090
2026-03-04 11:16:39 INFO  [] [main] c.p.b.PlanitBaseTemplateApplication : Started PlanitBaseTemplateApplication in 4.761 seconds (process running for 5.097)
2026-03-04 11:16:53 INFO  [] [http-nio-8080-exec-1] o.a.c.c.C.[Tomcat].[localhost].[/] : Initializing Spring DispatcherServlet 'dispatcherServlet'
2026-03-04 11:16:53 INFO  [] [http-nio-8080-exec-1] o.s.web.servlet.DispatcherServlet : Initializing Servlet 'dispatcherServlet'
2026-03-04 11:16:53 INFO  [] [http-nio-8080-exec-1] o.s.web.servlet.DispatcherServlet : Completed initialization in 0 ms
2026-03-04 11:16:53 WARN  [69a7961557c3c589fe78ba9408ad74eb] [http-nio-8080-exec-1] o.a.c.util.SessionIdGeneratorBase : Creation of SecureRandom instance for session ID generation using [SHA1PRNG] took [106] milliseconds.
2026-03-04 11:22:03 INFO  [] [background-preinit] o.h.validator.internal.util.Version : HV000001: Hibernate Validator 8.0.3.Final
2026-03-04 11:22:03 INFO  [] [main] c.p.b.PlanitBaseTemplateApplication : Starting PlanitBaseTemplateApplication using Java 17.0.18 with PID 4188 (C:\barumi\PlanIt-User-svc\build\classes\java\main started by DS23 in C:\barumi\PlanIt-User-svc)
2026-03-04 11:22:03 INFO  [] [main] c.p.b.PlanitBaseTemplateApplication : The following 1 profile is active: "local-no-redis"
2026-03-04 11:22:04 INFO  [] [main] o.s.d.r.c.RepositoryConfigurationDelegate : Multiple Spring Data modules found, entering strict repository configuration mode
2026-03-04 11:22:04 INFO  [] [main] o.s.d.r.c.RepositoryConfigurationDelegate : Bootstrapping Spring Data JPA repositories in DEFAULT mode.
2026-03-04 11:22:04 INFO  [] [main] o.s.d.r.c.RepositoryConfigurationDelegate : Finished Spring Data repository scanning in 96 ms. Found 1 JPA repository interface.
2026-03-04 11:22:04 INFO  [] [main] o.s.d.r.c.RepositoryConfigurationDelegate : Multiple Spring Data modules found, entering strict repository configuration mode
2026-03-04 11:22:04 INFO  [] [main] o.s.d.r.c.RepositoryConfigurationDelegate : Bootstrapping Spring Data Redis repositories in DEFAULT mode.
2026-03-04 11:22:04 INFO  [] [main] o.s.d.r.c.RepositoryConfigurationExtensionSupport : Spring Data Redis - Could not safely identify store assignment for repository candidate interface com.planit.basetemplate.sample.SampleRepository; If you want this repository to be a Redis repository, consider annotating your entities with one of these annotations: org.springframework.data.redis.core.RedisHash (preferred), or consider extending one of the following types with your repository: org.springframework.data.keyvalue.repository.KeyValueRepository
2026-03-04 11:22:04 INFO  [] [main] o.s.d.r.c.RepositoryConfigurationDelegate : Finished Spring Data repository scanning in 7 ms. Found 0 Redis repository interfaces.
2026-03-04 11:22:05 INFO  [] [main] o.s.b.w.e.tomcat.TomcatWebServer : Tomcat initialized with port 8080 (http)
2026-03-04 11:22:05 INFO  [] [main] o.a.coyote.http11.Http11NioProtocol : Initializing ProtocolHandler ["http-nio-8080"]
2026-03-04 11:22:05 INFO  [] [main] o.a.catalina.core.StandardService : Starting service [Tomcat]
2026-03-04 11:22:05 INFO  [] [main] o.a.catalina.core.StandardEngine : Starting Servlet engine: [Apache Tomcat/10.1.52]
2026-03-04 11:22:05 INFO  [] [main] o.a.c.c.C.[Tomcat].[localhost].[/] : Initializing Spring embedded WebApplicationContext
2026-03-04 11:22:05 INFO  [] [main] o.s.b.w.s.c.ServletWebServerApplicationContext : Root WebApplicationContext: initialization completed in 1594 ms
2026-03-04 11:22:05 INFO  [] [main] o.h.jpa.internal.util.LogHelper : HHH000204: Processing PersistenceUnitInfo [name: default]
2026-03-04 11:22:05 INFO  [] [main] org.hibernate.Version : HHH000412: Hibernate ORM core version 6.6.42.Final
2026-03-04 11:22:05 INFO  [] [main] o.h.c.i.RegionFactoryInitiator : HHH000026: Second-level cache disabled
2026-03-04 11:22:05 INFO  [] [main] o.s.o.j.p.SpringPersistenceUnitInfo : No LoadTimeWeaver setup: ignoring JPA class transformer
2026-03-04 11:22:05 INFO  [] [main] com.zaxxer.hikari.HikariDataSource : HikariPool-1 - Starting...
2026-03-04 11:22:05 INFO  [] [main] com.zaxxer.hikari.pool.HikariPool : HikariPool-1 - Added connection org.mariadb.jdbc.Connection@1361e880
2026-03-04 11:22:05 INFO  [] [main] com.zaxxer.hikari.HikariDataSource : HikariPool-1 - Start completed.
2026-03-04 11:22:05 INFO  [] [main] o.hibernate.orm.connections.pooling : HHH10001005: Database info:
	Database JDBC URL [Connecting through datasource 'HikariDataSource (HikariPool-1)']
	Database driver: undefined/unknown
	Database version: 11.8.3
	Autocommit mode: undefined/unknown
	Isolation level: undefined/unknown
	Minimum pool size: undefined/unknown
	Maximum pool size: undefined/unknown
2026-03-04 11:22:06 INFO  [] [main] o.h.e.t.j.p.i.JtaPlatformInitiator : HHH000489: No JTA platform available (set 'hibernate.transaction.jta.platform' to enable JTA platform integration)
2026-03-04 11:22:06 INFO  [] [main] o.s.o.j.LocalContainerEntityManagerFactoryBean : Initialized JPA EntityManagerFactory for persistence unit 'default'
2026-03-04 11:22:06 WARN  [] [main] o.s.b.a.o.j.JpaBaseConfiguration$JpaWebConfiguration : spring.jpa.open-in-view is enabled by default. Therefore, database queries may be performed during view rendering. Explicitly configure spring.jpa.open-in-view to disable this warning
2026-03-04 11:22:06 INFO  [] [main] n.d.b.g.s.a.GrpcServerFactoryAutoConfiguration : Detected grpc-netty-shaded: Creating ShadedNettyGrpcServerFactory
2026-03-04 11:22:07 INFO  [] [main] n.d.b.g.c.a.GrpcClientAutoConfiguration : Detected grpc-netty-shaded: Creating ShadedNettyChannelFactory + InProcessChannelFactory
2026-03-04 11:22:07 INFO  [] [main] o.s.s.c.a.a.c.InitializeUserDetailsBeanManagerConfigurer$InitializeUserDetailsManagerConfigurer : Global AuthenticationManager configured with UserDetailsService bean with name inMemoryUserDetailsManager
2026-03-04 11:22:07 INFO  [] [main] o.s.b.a.e.web.EndpointLinksResolver : Exposing 2 endpoints beneath base path '/api/v1/users/actuator'
2026-03-04 11:22:07 INFO  [] [main] o.a.coyote.http11.Http11NioProtocol : Starting ProtocolHandler ["http-nio-8080"]
2026-03-04 11:22:07 INFO  [] [main] o.s.b.w.e.tomcat.TomcatWebServer : Tomcat started on port 8080 (http) with context path '/'
2026-03-04 11:22:07 INFO  [] [main] n.d.b.g.s.s.AbstractGrpcServerFactory : Registered gRPC service: BaseTestGrpcService, bean: baseGrpcController, class: com.planit.basetemplate.grpc.BaseGrpcController
2026-03-04 11:22:07 INFO  [] [main] n.d.b.g.s.s.AbstractGrpcServerFactory : Registered gRPC service: grpc.health.v1.Health, bean: grpcHealthService, class: io.grpc.protobuf.services.HealthServiceImpl
2026-03-04 11:22:07 INFO  [] [main] n.d.b.g.s.s.AbstractGrpcServerFactory : Registered gRPC service: grpc.reflection.v1alpha.ServerReflection, bean: protoReflectionService, class: io.grpc.protobuf.services.ProtoReflectionService
2026-03-04 11:22:07 INFO  [] [main] n.d.b.g.s.s.GrpcServerLifecycle : gRPC Server started, listening on address: *, port: 9090
2026-03-04 11:22:07 INFO  [] [main] c.p.b.PlanitBaseTemplateApplication : Started PlanitBaseTemplateApplication in 4.902 seconds (process running for 5.21)
2026-03-04 11:22:08 WARN  [] [main] o.s.c.events.SpringDocAppInitializer : SpringDoc /v3/api-docs endpoint is enabled by default. To disable it in production, set the property 'springdoc.api-docs.enabled=false'
2026-03-04 11:22:20 INFO  [] [http-nio-8080-exec-1] o.a.c.c.C.[Tomcat].[localhost].[/] : Initializing Spring DispatcherServlet 'dispatcherServlet'
2026-03-04 11:22:20 INFO  [] [http-nio-8080-exec-1] o.s.web.servlet.DispatcherServlet : Initializing Servlet 'dispatcherServlet'
2026-03-04 11:22:20 INFO  [] [http-nio-8080-exec-1] o.s.web.servlet.DispatcherServlet : Completed initialization in 2 ms
2026-03-04 11:22:20 WARN  [69a7975cba5a73c2f0e7835210279a0f] [http-nio-8080-exec-1] o.a.c.util.SessionIdGeneratorBase : Creation of SecureRandom instance for session ID generation using [SHA1PRNG] took [115] milliseconds.
2026-03-04 11:22:24 INFO  [69a7975fded11c65c31d44a7e5534a9f] [http-nio-8080-exec-1] o.s.api.AbstractOpenApiResource : Init duration for springdoc-openapi is: 559 ms
2026-03-04 11:41:19 INFO  [] [background-preinit] o.h.validator.internal.util.Version : HV000001: Hibernate Validator 8.0.3.Final
2026-03-04 11:41:19 INFO  [] [main] c.p.b.PlanitBaseTemplateApplication : Starting PlanitBaseTemplateApplication using Java 17.0.18 with PID 2508 (C:\barumi\PlanIt-User-svc\build\classes\java\main started by DS23 in C:\barumi\PlanIt-User-svc)
2026-03-04 11:41:19 INFO  [] [main] c.p.b.PlanitBaseTemplateApplication : The following 1 profile is active: "local-no-redis"
2026-03-04 11:41:20 INFO  [] [main] o.s.d.r.c.RepositoryConfigurationDelegate : Multiple Spring Data modules found, entering strict repository configuration mode
2026-03-04 11:41:20 INFO  [] [main] o.s.d.r.c.RepositoryConfigurationDelegate : Bootstrapping Spring Data JPA repositories in DEFAULT mode.
2026-03-04 11:41:20 INFO  [] [main] o.s.d.r.c.RepositoryConfigurationDelegate : Finished Spring Data repository scanning in 117 ms. Found 1 JPA repository interface.
2026-03-04 11:41:20 INFO  [] [main] o.s.d.r.c.RepositoryConfigurationDelegate : Multiple Spring Data modules found, entering strict repository configuration mode
2026-03-04 11:41:20 INFO  [] [main] o.s.d.r.c.RepositoryConfigurationDelegate : Bootstrapping Spring Data Redis repositories in DEFAULT mode.
2026-03-04 11:41:20 INFO  [] [main] o.s.d.r.c.RepositoryConfigurationExtensionSupport : Spring Data Redis - Could not safely identify store assignment for repository candidate interface com.planit.basetemplate.sample.SampleRepository; If you want this repository to be a Redis repository, consider annotating your entities with one of these annotations: org.springframework.data.redis.core.RedisHash (preferred), or consider extending one of the following types with your repository: org.springframework.data.keyvalue.repository.KeyValueRepository
2026-03-04 11:41:20 INFO  [] [main] o.s.d.r.c.RepositoryConfigurationDelegate : Finished Spring Data repository scanning in 6 ms. Found 0 Redis repository interfaces.
2026-03-04 11:41:21 INFO  [] [main] o.s.b.w.e.tomcat.TomcatWebServer : Tomcat initialized with port 8080 (http)
2026-03-04 11:41:21 INFO  [] [main] o.a.coyote.http11.Http11NioProtocol : Initializing ProtocolHandler ["http-nio-8080"]
2026-03-04 11:41:21 INFO  [] [main] o.a.catalina.core.StandardService : Starting service [Tomcat]
2026-03-04 11:41:21 INFO  [] [main] o.a.catalina.core.StandardEngine : Starting Servlet engine: [Apache Tomcat/10.1.52]
2026-03-04 11:41:21 INFO  [] [main] o.a.c.c.C.[Tomcat].[localhost].[/] : Initializing Spring embedded WebApplicationContext
2026-03-04 11:41:21 INFO  [] [main] o.s.b.w.s.c.ServletWebServerApplicationContext : Root WebApplicationContext: initialization completed in 1859 ms
2026-03-04 11:41:21 INFO  [] [main] o.h.jpa.internal.util.LogHelper : HHH000204: Processing PersistenceUnitInfo [name: default]
2026-03-04 11:41:22 INFO  [] [main] org.hibernate.Version : HHH000412: Hibernate ORM core version 6.6.42.Final
2026-03-04 11:41:22 INFO  [] [main] o.h.c.i.RegionFactoryInitiator : HHH000026: Second-level cache disabled
2026-03-04 11:41:22 INFO  [] [main] o.s.o.j.p.SpringPersistenceUnitInfo : No LoadTimeWeaver setup: ignoring JPA class transformer
2026-03-04 11:41:22 INFO  [] [main] com.zaxxer.hikari.HikariDataSource : HikariPool-1 - Starting...
2026-03-04 11:41:22 INFO  [] [main] com.zaxxer.hikari.pool.HikariPool : HikariPool-1 - Added connection org.mariadb.jdbc.Connection@37393dab
2026-03-04 11:41:22 INFO  [] [main] com.zaxxer.hikari.HikariDataSource : HikariPool-1 - Start completed.
2026-03-04 11:41:22 INFO  [] [main] o.hibernate.orm.connections.pooling : HHH10001005: Database info:
	Database JDBC URL [Connecting through datasource 'HikariDataSource (HikariPool-1)']
	Database driver: undefined/unknown
	Database version: 11.8.3
	Autocommit mode: undefined/unknown
	Isolation level: undefined/unknown
	Minimum pool size: undefined/unknown
	Maximum pool size: undefined/unknown
2026-03-04 11:41:23 INFO  [] [main] o.h.e.t.j.p.i.JtaPlatformInitiator : HHH000489: No JTA platform available (set 'hibernate.transaction.jta.platform' to enable JTA platform integration)
2026-03-04 11:41:23 INFO  [] [main] o.s.o.j.LocalContainerEntityManagerFactoryBean : Initialized JPA EntityManagerFactory for persistence unit 'default'
2026-03-04 11:41:23 WARN  [] [main] o.s.b.a.o.j.JpaBaseConfiguration$JpaWebConfiguration : spring.jpa.open-in-view is enabled by default. Therefore, database queries may be performed during view rendering. Explicitly configure spring.jpa.open-in-view to disable this warning
2026-03-04 11:41:23 INFO  [] [main] n.d.b.g.s.a.GrpcServerFactoryAutoConfiguration : Detected grpc-netty-shaded: Creating ShadedNettyGrpcServerFactory
2026-03-04 11:41:23 INFO  [] [main] n.d.b.g.c.a.GrpcClientAutoConfiguration : Detected grpc-netty-shaded: Creating ShadedNettyChannelFactory + InProcessChannelFactory
2026-03-04 11:41:24 INFO  [] [main] o.s.s.c.a.a.c.InitializeUserDetailsBeanManagerConfigurer$InitializeUserDetailsManagerConfigurer : Global AuthenticationManager configured with UserDetailsService bean with name inMemoryUserDetailsManager
2026-03-04 11:41:24 INFO  [] [main] o.s.b.a.e.web.EndpointLinksResolver : Exposing 2 endpoints beneath base path '/api/v1/users/actuator'
2026-03-04 11:41:24 INFO  [] [main] o.a.coyote.http11.Http11NioProtocol : Starting ProtocolHandler ["http-nio-8080"]
2026-03-04 11:41:24 INFO  [] [main] o.s.b.w.e.tomcat.TomcatWebServer : Tomcat started on port 8080 (http) with context path '/'
2026-03-04 11:41:24 INFO  [] [main] n.d.b.g.s.s.AbstractGrpcServerFactory : Registered gRPC service: BaseTestGrpcService, bean: baseGrpcController, class: com.planit.basetemplate.grpc.BaseGrpcController
2026-03-04 11:41:24 INFO  [] [main] n.d.b.g.s.s.AbstractGrpcServerFactory : Registered gRPC service: grpc.health.v1.Health, bean: grpcHealthService, class: io.grpc.protobuf.services.HealthServiceImpl
2026-03-04 11:41:24 INFO  [] [main] n.d.b.g.s.s.AbstractGrpcServerFactory : Registered gRPC service: grpc.reflection.v1alpha.ServerReflection, bean: protoReflectionService, class: io.grpc.protobuf.services.ProtoReflectionService
2026-03-04 11:41:25 INFO  [] [main] n.d.b.g.s.s.GrpcServerLifecycle : gRPC Server started, listening on address: *, port: 9090
2026-03-04 11:41:25 INFO  [] [main] c.p.b.PlanitBaseTemplateApplication : Started PlanitBaseTemplateApplication in 6.004 seconds (process running for 6.32)
2026-03-04 11:41:25 WARN  [] [main] o.s.c.events.SpringDocAppInitializer : SpringDoc /v3/api-docs endpoint is enabled by default. To disable it in production, set the property 'springdoc.api-docs.enabled=false'
2026-03-04 11:44:01 INFO  [] [http-nio-8080-exec-1] o.a.c.c.C.[Tomcat].[localhost].[/] : Initializing Spring DispatcherServlet 'dispatcherServlet'
2026-03-04 11:44:01 INFO  [] [http-nio-8080-exec-1] o.s.web.servlet.DispatcherServlet : Initializing Servlet 'dispatcherServlet'
2026-03-04 11:44:01 INFO  [] [http-nio-8080-exec-1] o.s.web.servlet.DispatcherServlet : Completed initialization in 0 ms
2026-03-04 11:45:16 INFO  [] [background-preinit] o.h.validator.internal.util.Version : HV000001: Hibernate Validator 8.0.3.Final
2026-03-04 11:45:16 INFO  [] [main] c.p.b.PlanitBaseTemplateApplication : Starting PlanitBaseTemplateApplication using Java 17.0.18 with PID 18128 (C:\barumi\PlanIt-User-svc\build\classes\java\main started by DS23 in C:\barumi\PlanIt-User-svc)
2026-03-04 11:45:16 INFO  [] [main] c.p.b.PlanitBaseTemplateApplication : The following 1 profile is active: "local-no-redis"
2026-03-04 11:45:17 INFO  [] [main] o.s.d.r.c.RepositoryConfigurationDelegate : Multiple Spring Data modules found, entering strict repository configuration mode
2026-03-04 11:45:17 INFO  [] [main] o.s.d.r.c.RepositoryConfigurationDelegate : Bootstrapping Spring Data JPA repositories in DEFAULT mode.
2026-03-04 11:45:18 INFO  [] [main] o.s.d.r.c.RepositoryConfigurationDelegate : Finished Spring Data repository scanning in 104 ms. Found 1 JPA repository interface.
2026-03-04 11:45:18 INFO  [] [main] o.s.d.r.c.RepositoryConfigurationDelegate : Multiple Spring Data modules found, entering strict repository configuration mode
2026-03-04 11:45:18 INFO  [] [main] o.s.d.r.c.RepositoryConfigurationDelegate : Bootstrapping Spring Data Redis repositories in DEFAULT mode.
2026-03-04 11:45:18 INFO  [] [main] o.s.d.r.c.RepositoryConfigurationExtensionSupport : Spring Data Redis - Could not safely identify store assignment for repository candidate interface com.planit.basetemplate.sample.SampleRepository; If you want this repository to be a Redis repository, consider annotating your entities with one of these annotations: org.springframework.data.redis.core.RedisHash (preferred), or consider extending one of the following types with your repository: org.springframework.data.keyvalue.repository.KeyValueRepository
2026-03-04 11:45:18 INFO  [] [main] o.s.d.r.c.RepositoryConfigurationDelegate : Finished Spring Data repository scanning in 9 ms. Found 0 Redis repository interfaces.
2026-03-04 11:45:18 INFO  [] [main] o.s.b.w.e.tomcat.TomcatWebServer : Tomcat initialized with port 8080 (http)
2026-03-04 11:45:18 INFO  [] [main] o.a.coyote.http11.Http11NioProtocol : Initializing ProtocolHandler ["http-nio-8080"]
2026-03-04 11:45:18 INFO  [] [main] o.a.catalina.core.StandardService : Starting service [Tomcat]
2026-03-04 11:45:18 INFO  [] [main] o.a.catalina.core.StandardEngine : Starting Servlet engine: [Apache Tomcat/10.1.52]
2026-03-04 11:45:18 INFO  [] [main] o.a.c.c.C.[Tomcat].[localhost].[/] : Initializing Spring embedded WebApplicationContext
2026-03-04 11:45:18 INFO  [] [main] o.s.b.w.s.c.ServletWebServerApplicationContext : Root WebApplicationContext: initialization completed in 1738 ms
2026-03-04 11:45:18 INFO  [] [main] o.h.jpa.internal.util.LogHelper : HHH000204: Processing PersistenceUnitInfo [name: default]
2026-03-04 11:45:18 INFO  [] [main] org.hibernate.Version : HHH000412: Hibernate ORM core version 6.6.42.Final
2026-03-04 11:45:18 INFO  [] [main] o.h.c.i.RegionFactoryInitiator : HHH000026: Second-level cache disabled
2026-03-04 11:45:19 INFO  [] [main] o.s.o.j.p.SpringPersistenceUnitInfo : No LoadTimeWeaver setup: ignoring JPA class transformer
2026-03-04 11:45:19 INFO  [] [main] com.zaxxer.hikari.HikariDataSource : HikariPool-1 - Starting...
2026-03-04 11:45:19 INFO  [] [main] com.zaxxer.hikari.pool.HikariPool : HikariPool-1 - Added connection org.mariadb.jdbc.Connection@44ec4a38
2026-03-04 11:45:19 INFO  [] [main] com.zaxxer.hikari.HikariDataSource : HikariPool-1 - Start completed.
2026-03-04 11:45:19 INFO  [] [main] o.hibernate.orm.connections.pooling : HHH10001005: Database info:
	Database JDBC URL [Connecting through datasource 'HikariDataSource (HikariPool-1)']
	Database driver: undefined/unknown
	Database version: 11.8.3
	Autocommit mode: undefined/unknown
	Isolation level: undefined/unknown
	Minimum pool size: undefined/unknown
	Maximum pool size: undefined/unknown
2026-03-04 11:45:19 INFO  [] [main] o.h.e.t.j.p.i.JtaPlatformInitiator : HHH000489: No JTA platform available (set 'hibernate.transaction.jta.platform' to enable JTA platform integration)
2026-03-04 11:45:20 INFO  [] [main] o.s.o.j.LocalContainerEntityManagerFactoryBean : Initialized JPA EntityManagerFactory for persistence unit 'default'
2026-03-04 11:45:20 WARN  [] [main] o.s.b.a.o.j.JpaBaseConfiguration$JpaWebConfiguration : spring.jpa.open-in-view is enabled by default. Therefore, database queries may be performed during view rendering. Explicitly configure spring.jpa.open-in-view to disable this warning
2026-03-04 11:45:20 INFO  [] [main] n.d.b.g.s.a.GrpcServerFactoryAutoConfiguration : Detected grpc-netty-shaded: Creating ShadedNettyGrpcServerFactory
2026-03-04 11:45:20 INFO  [] [main] n.d.b.g.c.a.GrpcClientAutoConfiguration : Detected grpc-netty-shaded: Creating ShadedNettyChannelFactory + InProcessChannelFactory
2026-03-04 11:45:20 INFO  [] [main] o.s.s.c.a.a.c.InitializeUserDetailsBeanManagerConfigurer$InitializeUserDetailsManagerConfigurer : Global AuthenticationManager configured with UserDetailsService bean with name inMemoryUserDetailsManager
2026-03-04 11:45:20 INFO  [] [main] o.s.b.a.e.web.EndpointLinksResolver : Exposing 2 endpoints beneath base path '/api/v1/users/actuator'
2026-03-04 11:45:21 INFO  [] [main] o.a.coyote.http11.Http11NioProtocol : Starting ProtocolHandler ["http-nio-8080"]
2026-03-04 11:45:21 INFO  [] [main] o.s.b.w.e.tomcat.TomcatWebServer : Tomcat started on port 8080 (http) with context path '/'
2026-03-04 11:45:21 INFO  [] [main] n.d.b.g.s.s.AbstractGrpcServerFactory : Registered gRPC service: BaseTestGrpcService, bean: baseGrpcController, class: com.planit.basetemplate.grpc.BaseGrpcController
2026-03-04 11:45:21 INFO  [] [main] n.d.b.g.s.s.AbstractGrpcServerFactory : Registered gRPC service: grpc.health.v1.Health, bean: grpcHealthService, class: io.grpc.protobuf.services.HealthServiceImpl
2026-03-04 11:45:21 INFO  [] [main] n.d.b.g.s.s.AbstractGrpcServerFactory : Registered gRPC service: grpc.reflection.v1alpha.ServerReflection, bean: protoReflectionService, class: io.grpc.protobuf.services.ProtoReflectionService
2026-03-04 11:45:21 INFO  [] [main] n.d.b.g.s.s.GrpcServerLifecycle : gRPC Server started, listening on address: *, port: 9090
2026-03-04 11:45:21 INFO  [] [main] c.p.b.PlanitBaseTemplateApplication : Started PlanitBaseTemplateApplication in 4.824 seconds (process running for 5.153)
2026-03-04 11:45:21 WARN  [] [main] o.s.c.events.SpringDocAppInitializer : SpringDoc /v3/api-docs endpoint is enabled by default. To disable it in production, set the property 'springdoc.api-docs.enabled=false'
2026-03-04 11:45:21 INFO  [] [http-nio-8080-exec-1] o.a.c.c.C.[Tomcat].[localhost].[/] : Initializing Spring DispatcherServlet 'dispatcherServlet'
2026-03-04 11:45:21 INFO  [] [http-nio-8080-exec-1] o.s.web.servlet.DispatcherServlet : Initializing Servlet 'dispatcherServlet'
2026-03-04 11:45:21 INFO  [] [http-nio-8080-exec-1] o.s.web.servlet.DispatcherServlet : Completed initialization in 2 ms
2026-03-04 11:47:47 INFO  [] [background-preinit] o.h.validator.internal.util.Version : HV000001: Hibernate Validator 8.0.3.Final
2026-03-04 11:47:47 INFO  [] [main] c.p.b.PlanitBaseTemplateApplication : Starting PlanitBaseTemplateApplication using Java 17.0.18 with PID 22268 (C:\barumi\PlanIt-User-svc\build\classes\java\main started by DS23 in C:\barumi\PlanIt-User-svc)
2026-03-04 11:47:47 INFO  [] [main] c.p.b.PlanitBaseTemplateApplication : The following 1 profile is active: "local-no-redis"
2026-03-04 11:47:48 INFO  [] [main] o.s.d.r.c.RepositoryConfigurationDelegate : Multiple Spring Data modules found, entering strict repository configuration mode
2026-03-04 11:47:48 INFO  [] [main] o.s.d.r.c.RepositoryConfigurationDelegate : Bootstrapping Spring Data JPA repositories in DEFAULT mode.
2026-03-04 11:47:48 INFO  [] [main] o.s.d.r.c.RepositoryConfigurationDelegate : Finished Spring Data repository scanning in 107 ms. Found 1 JPA repository interface.
2026-03-04 11:47:48 INFO  [] [main] o.s.d.r.c.RepositoryConfigurationDelegate : Multiple Spring Data modules found, entering strict repository configuration mode
2026-03-04 11:47:48 INFO  [] [main] o.s.d.r.c.RepositoryConfigurationDelegate : Bootstrapping Spring Data Redis repositories in DEFAULT mode.
2026-03-04 11:47:48 INFO  [] [main] o.s.d.r.c.RepositoryConfigurationExtensionSupport : Spring Data Redis - Could not safely identify store assignment for repository candidate interface com.planit.basetemplate.sample.SampleRepository; If you want this repository to be a Redis repository, consider annotating your entities with one of these annotations: org.springframework.data.redis.core.RedisHash (preferred), or consider extending one of the following types with your repository: org.springframework.data.keyvalue.repository.KeyValueRepository
2026-03-04 11:47:48 INFO  [] [main] o.s.d.r.c.RepositoryConfigurationDelegate : Finished Spring Data repository scanning in 7 ms. Found 0 Redis repository interfaces.
2026-03-04 11:47:49 INFO  [] [main] o.s.b.w.e.tomcat.TomcatWebServer : Tomcat initialized with port 8080 (http)
2026-03-04 11:47:49 INFO  [] [main] o.a.coyote.http11.Http11NioProtocol : Initializing ProtocolHandler ["http-nio-8080"]
2026-03-04 11:47:49 INFO  [] [main] o.a.catalina.core.StandardService : Starting service [Tomcat]
2026-03-04 11:47:49 INFO  [] [main] o.a.catalina.core.StandardEngine : Starting Servlet engine: [Apache Tomcat/10.1.52]
2026-03-04 11:47:49 INFO  [] [main] o.a.c.c.C.[Tomcat].[localhost].[/] : Initializing Spring embedded WebApplicationContext
2026-03-04 11:47:49 INFO  [] [main] o.s.b.w.s.c.ServletWebServerApplicationContext : Root WebApplicationContext: initialization completed in 1854 ms
2026-03-04 11:47:49 INFO  [] [main] o.h.jpa.internal.util.LogHelper : HHH000204: Processing PersistenceUnitInfo [name: default]
2026-03-04 11:47:49 INFO  [] [main] org.hibernate.Version : HHH000412: Hibernate ORM core version 6.6.42.Final
2026-03-04 11:47:49 INFO  [] [main] o.h.c.i.RegionFactoryInitiator : HHH000026: Second-level cache disabled
2026-03-04 11:47:49 INFO  [] [main] o.s.o.j.p.SpringPersistenceUnitInfo : No LoadTimeWeaver setup: ignoring JPA class transformer
2026-03-04 11:47:49 INFO  [] [main] com.zaxxer.hikari.HikariDataSource : HikariPool-1 - Starting...
2026-03-04 11:47:49 INFO  [] [main] com.zaxxer.hikari.pool.HikariPool : HikariPool-1 - Added connection org.mariadb.jdbc.Connection@7fff419d
2026-03-04 11:47:49 INFO  [] [main] com.zaxxer.hikari.HikariDataSource : HikariPool-1 - Start completed.
2026-03-04 11:47:49 INFO  [] [main] o.hibernate.orm.connections.pooling : HHH10001005: Database info:
	Database JDBC URL [Connecting through datasource 'HikariDataSource (HikariPool-1)']
	Database driver: undefined/unknown
	Database version: 11.8.3
	Autocommit mode: undefined/unknown
	Isolation level: undefined/unknown
	Minimum pool size: undefined/unknown
	Maximum pool size: undefined/unknown
2026-03-04 11:47:50 INFO  [] [main] o.h.e.t.j.p.i.JtaPlatformInitiator : HHH000489: No JTA platform available (set 'hibernate.transaction.jta.platform' to enable JTA platform integration)
2026-03-04 11:47:50 INFO  [] [main] o.s.o.j.LocalContainerEntityManagerFactoryBean : Initialized JPA EntityManagerFactory for persistence unit 'default'
2026-03-04 11:47:50 WARN  [] [main] o.s.b.a.o.j.JpaBaseConfiguration$JpaWebConfiguration : spring.jpa.open-in-view is enabled by default. Therefore, database queries may be performed during view rendering. Explicitly configure spring.jpa.open-in-view to disable this warning
2026-03-04 11:47:51 INFO  [] [main] n.d.b.g.s.a.GrpcServerFactoryAutoConfiguration : Detected grpc-netty-shaded: Creating ShadedNettyGrpcServerFactory
2026-03-04 11:47:51 INFO  [] [main] n.d.b.g.c.a.GrpcClientAutoConfiguration : Detected grpc-netty-shaded: Creating ShadedNettyChannelFactory + InProcessChannelFactory
2026-03-04 11:47:51 INFO  [] [main] o.s.s.c.a.a.c.InitializeUserDetailsBeanManagerConfigurer$InitializeUserDetailsManagerConfigurer : Global AuthenticationManager configured with UserDetailsService bean with name inMemoryUserDetailsManager
2026-03-04 11:47:51 INFO  [] [main] o.s.b.a.e.web.EndpointLinksResolver : Exposing 2 endpoints beneath base path '/api/v1/users/actuator'
2026-03-04 11:47:51 INFO  [] [main] o.a.coyote.http11.Http11NioProtocol : Starting ProtocolHandler ["http-nio-8080"]
2026-03-04 11:47:51 INFO  [] [main] o.s.b.w.e.tomcat.TomcatWebServer : Tomcat started on port 8080 (http) with context path '/'
2026-03-04 11:47:51 INFO  [] [main] n.d.b.g.s.s.AbstractGrpcServerFactory : Registered gRPC service: BaseTestGrpcService, bean: baseGrpcController, class: com.planit.basetemplate.grpc.BaseGrpcController
2026-03-04 11:47:51 INFO  [] [main] n.d.b.g.s.s.AbstractGrpcServerFactory : Registered gRPC service: grpc.health.v1.Health, bean: grpcHealthService, class: io.grpc.protobuf.services.HealthServiceImpl
2026-03-04 11:47:51 INFO  [] [main] n.d.b.g.s.s.AbstractGrpcServerFactory : Registered gRPC service: grpc.reflection.v1alpha.ServerReflection, bean: protoReflectionService, class: io.grpc.protobuf.services.ProtoReflectionService
2026-03-04 11:47:52 INFO  [] [main] n.d.b.g.s.s.GrpcServerLifecycle : gRPC Server started, listening on address: *, port: 9090
2026-03-04 11:47:52 INFO  [] [main] c.p.b.PlanitBaseTemplateApplication : Started PlanitBaseTemplateApplication in 5.077 seconds (process running for 5.392)
2026-03-04 11:47:52 WARN  [] [main] o.s.c.events.SpringDocAppInitializer : SpringDoc /v3/api-docs endpoint is enabled by default. To disable it in production, set the property 'springdoc.api-docs.enabled=false'
2026-03-04 11:48:04 INFO  [] [http-nio-8080-exec-1] o.a.c.c.C.[Tomcat].[localhost].[/] : Initializing Spring DispatcherServlet 'dispatcherServlet'
2026-03-04 11:48:04 INFO  [] [http-nio-8080-exec-1] o.s.web.servlet.DispatcherServlet : Initializing Servlet 'dispatcherServlet'
2026-03-04 11:48:04 INFO  [] [http-nio-8080-exec-1] o.s.web.servlet.DispatcherServlet : Completed initialization in 2 ms
2026-03-04 11:50:48 INFO  [] [background-preinit] o.h.validator.internal.util.Version : HV000001: Hibernate Validator 8.0.3.Final
2026-03-04 11:50:48 INFO  [] [main] c.p.b.PlanitBaseTemplateApplication : Starting PlanitBaseTemplateApplication using Java 17.0.18 with PID 19396 (C:\barumi\PlanIt-User-svc\build\classes\java\main started by DS23 in C:\barumi\PlanIt-User-svc)
2026-03-04 11:50:48 INFO  [] [main] c.p.b.PlanitBaseTemplateApplication : The following 1 profile is active: "local-no-redis"
2026-03-04 11:50:49 INFO  [] [main] o.s.d.r.c.RepositoryConfigurationDelegate : Multiple Spring Data modules found, entering strict repository configuration mode
2026-03-04 11:50:49 INFO  [] [main] o.s.d.r.c.RepositoryConfigurationDelegate : Bootstrapping Spring Data JPA repositories in DEFAULT mode.
2026-03-04 11:50:50 INFO  [] [main] o.s.d.r.c.RepositoryConfigurationDelegate : Finished Spring Data repository scanning in 112 ms. Found 1 JPA repository interface.
2026-03-04 11:50:50 INFO  [] [main] o.s.d.r.c.RepositoryConfigurationDelegate : Multiple Spring Data modules found, entering strict repository configuration mode
2026-03-04 11:50:50 INFO  [] [main] o.s.d.r.c.RepositoryConfigurationDelegate : Bootstrapping Spring Data Redis repositories in DEFAULT mode.
2026-03-04 11:50:50 INFO  [] [main] o.s.d.r.c.RepositoryConfigurationExtensionSupport : Spring Data Redis - Could not safely identify store assignment for repository candidate interface com.planit.basetemplate.sample.SampleRepository; If you want this repository to be a Redis repository, consider annotating your entities with one of these annotations: org.springframework.data.redis.core.RedisHash (preferred), or consider extending one of the following types with your repository: org.springframework.data.keyvalue.repository.KeyValueRepository
2026-03-04 11:50:50 INFO  [] [main] o.s.d.r.c.RepositoryConfigurationDelegate : Finished Spring Data repository scanning in 7 ms. Found 0 Redis repository interfaces.
2026-03-04 11:50:50 INFO  [] [main] o.s.b.w.e.tomcat.TomcatWebServer : Tomcat initialized with port 8080 (http)
2026-03-04 11:50:50 INFO  [] [main] o.a.coyote.http11.Http11NioProtocol : Initializing ProtocolHandler ["http-nio-8080"]
2026-03-04 11:50:50 INFO  [] [main] o.a.catalina.core.StandardService : Starting service [Tomcat]
2026-03-04 11:50:50 INFO  [] [main] o.a.catalina.core.StandardEngine : Starting Servlet engine: [Apache Tomcat/10.1.52]
2026-03-04 11:50:50 INFO  [] [main] o.a.c.c.C.[Tomcat].[localhost].[/] : Initializing Spring embedded WebApplicationContext
2026-03-04 11:50:50 INFO  [] [main] o.s.b.w.s.c.ServletWebServerApplicationContext : Root WebApplicationContext: initialization completed in 1788 ms
2026-03-04 11:50:50 INFO  [] [main] o.h.jpa.internal.util.LogHelper : HHH000204: Processing PersistenceUnitInfo [name: default]
2026-03-04 11:50:51 INFO  [] [main] org.hibernate.Version : HHH000412: Hibernate ORM core version 6.6.42.Final
2026-03-04 11:50:51 INFO  [] [main] o.h.c.i.RegionFactoryInitiator : HHH000026: Second-level cache disabled
2026-03-04 11:50:51 INFO  [] [main] o.s.o.j.p.SpringPersistenceUnitInfo : No LoadTimeWeaver setup: ignoring JPA class transformer
2026-03-04 11:50:51 INFO  [] [main] com.zaxxer.hikari.HikariDataSource : HikariPool-1 - Starting...
2026-03-04 11:50:51 INFO  [] [main] com.zaxxer.hikari.pool.HikariPool : HikariPool-1 - Added connection org.mariadb.jdbc.Connection@2190508d
2026-03-04 11:50:51 INFO  [] [main] com.zaxxer.hikari.HikariDataSource : HikariPool-1 - Start completed.
2026-03-04 11:50:51 INFO  [] [main] o.hibernate.orm.connections.pooling : HHH10001005: Database info:
	Database JDBC URL [Connecting through datasource 'HikariDataSource (HikariPool-1)']
	Database driver: undefined/unknown
	Database version: 11.8.3
	Autocommit mode: undefined/unknown
	Isolation level: undefined/unknown
	Minimum pool size: undefined/unknown
	Maximum pool size: undefined/unknown
2026-03-04 11:50:52 INFO  [] [main] o.h.e.t.j.p.i.JtaPlatformInitiator : HHH000489: No JTA platform available (set 'hibernate.transaction.jta.platform' to enable JTA platform integration)
2026-03-04 11:50:52 INFO  [] [main] o.s.o.j.LocalContainerEntityManagerFactoryBean : Initialized JPA EntityManagerFactory for persistence unit 'default'
2026-03-04 11:50:52 WARN  [] [main] o.s.b.a.o.j.JpaBaseConfiguration$JpaWebConfiguration : spring.jpa.open-in-view is enabled by default. Therefore, database queries may be performed during view rendering. Explicitly configure spring.jpa.open-in-view to disable this warning
2026-03-04 11:50:52 INFO  [] [main] n.d.b.g.s.a.GrpcServerFactoryAutoConfiguration : Detected grpc-netty-shaded: Creating ShadedNettyGrpcServerFactory
2026-03-04 11:50:52 INFO  [] [main] n.d.b.g.c.a.GrpcClientAutoConfiguration : Detected grpc-netty-shaded: Creating ShadedNettyChannelFactory + InProcessChannelFactory
2026-03-04 11:50:52 INFO  [] [main] o.s.s.c.a.a.c.InitializeUserDetailsBeanManagerConfigurer$InitializeUserDetailsManagerConfigurer : Global AuthenticationManager configured with UserDetailsService bean with name inMemoryUserDetailsManager
2026-03-04 11:50:52 INFO  [] [main] o.s.b.a.e.web.EndpointLinksResolver : Exposing 2 endpoints beneath base path '/api/v1/users/actuator'
2026-03-04 11:50:53 INFO  [] [main] o.a.coyote.http11.Http11NioProtocol : Starting ProtocolHandler ["http-nio-8080"]
2026-03-04 11:50:53 INFO  [] [main] o.s.b.w.e.tomcat.TomcatWebServer : Tomcat started on port 8080 (http) with context path '/'
2026-03-04 11:50:53 INFO  [] [main] n.d.b.g.s.s.AbstractGrpcServerFactory : Registered gRPC service: BaseTestGrpcService, bean: baseGrpcController, class: com.planit.basetemplate.grpc.BaseGrpcController
2026-03-04 11:50:53 INFO  [] [main] n.d.b.g.s.s.AbstractGrpcServerFactory : Registered gRPC service: grpc.health.v1.Health, bean: grpcHealthService, class: io.grpc.protobuf.services.HealthServiceImpl
2026-03-04 11:50:53 INFO  [] [main] n.d.b.g.s.s.AbstractGrpcServerFactory : Registered gRPC service: grpc.reflection.v1alpha.ServerReflection, bean: protoReflectionService, class: io.grpc.protobuf.services.ProtoReflectionService
2026-03-04 11:50:53 INFO  [] [main] n.d.b.g.s.s.GrpcServerLifecycle : gRPC Server started, listening on address: *, port: 9090
2026-03-04 11:50:53 INFO  [] [main] c.p.b.PlanitBaseTemplateApplication : Started PlanitBaseTemplateApplication in 5.089 seconds (process running for 5.428)
2026-03-04 11:50:53 WARN  [] [main] o.s.c.events.SpringDocAppInitializer : SpringDoc /v3/api-docs endpoint is enabled by default. To disable it in production, set the property 'springdoc.api-docs.enabled=false'
2026-03-04 11:51:20 INFO  [] [http-nio-8080-exec-1] o.a.c.c.C.[Tomcat].[localhost].[/] : Initializing Spring DispatcherServlet 'dispatcherServlet'
2026-03-04 11:51:20 INFO  [] [http-nio-8080-exec-1] o.s.web.servlet.DispatcherServlet : Initializing Servlet 'dispatcherServlet'
2026-03-04 11:51:20 INFO  [] [http-nio-8080-exec-1] o.s.web.servlet.DispatcherServlet : Completed initialization in 1 ms
2026-03-04 12:21:53 INFO  [] [background-preinit] o.h.validator.internal.util.Version : HV000001: Hibernate Validator 8.0.1.Final
2026-03-04 12:21:53 INFO  [] [main] c.p.b.PlanitBaseTemplateApplication : Starting PlanitBaseTemplateApplication using Java 17.0.18 with PID 23324 (C:\barumi\PlanIt-User-svc\build\classes\java\main started by DS23 in C:\barumi\PlanIt-User-svc)
2026-03-04 12:21:53 INFO  [] [main] c.p.b.PlanitBaseTemplateApplication : The following 1 profile is active: "local-no-redis"
2026-03-04 12:21:54 WARN  [] [main] o.s.b.w.s.c.AnnotationConfigServletWebServerApplicationContext : Exception encountered during context initialization - cancelling refresh attempt: java.lang.IllegalStateException: Error processing condition on org.springdoc.webmvc.ui.SwaggerConfig.springWebProvider
2026-03-04 12:21:54 INFO  [] [main] o.s.b.a.l.ConditionEvaluationReportLogger : 

Error starting ApplicationContext. To display the condition evaluation report re-run your application with 'debug' enabled.
2026-03-04 12:21:54 ERROR [] [main] o.s.boot.SpringApplication : Application run failed
java.lang.IllegalStateException: Error processing condition on org.springdoc.webmvc.ui.SwaggerConfig.springWebProvider
	at org.springframework.boot.autoconfigure.condition.SpringBootCondition.matches(SpringBootCondition.java:60)
	at org.springframework.context.annotation.ConditionEvaluator.shouldSkip(ConditionEvaluator.java:108)
	at org.springframework.context.annotation.ConfigurationClassBeanDefinitionReader.loadBeanDefinitionsForBeanMethod(ConfigurationClassBeanDefinitionReader.java:183)
	at org.springframework.context.annotation.ConfigurationClassBeanDefinitionReader.loadBeanDefinitionsForConfigurationClass(ConfigurationClassBeanDefinitionReader.java:144)
	at org.springframework.context.annotation.ConfigurationClassBeanDefinitionReader.loadBeanDefinitions(ConfigurationClassBeanDefinitionReader.java:120)
	at org.springframework.context.annotation.ConfigurationClassPostProcessor.processConfigBeanDefinitions(ConfigurationClassPostProcessor.java:429)
	at org.springframework.context.annotation.ConfigurationClassPostProcessor.postProcessBeanDefinitionRegistry(ConfigurationClassPostProcessor.java:290)
	at org.springframework.context.support.PostProcessorRegistrationDelegate.invokeBeanDefinitionRegistryPostProcessors(PostProcessorRegistrationDelegate.java:349)
	at org.springframework.context.support.PostProcessorRegistrationDelegate.invokeBeanFactoryPostProcessors(PostProcessorRegistrationDelegate.java:118)
	at org.springframework.context.support.AbstractApplicationContext.invokeBeanFactoryPostProcessors(AbstractApplicationContext.java:789)
	at org.springframework.context.support.AbstractApplicationContext.refresh(AbstractApplicationContext.java:607)
	at org.springframework.boot.web.servlet.context.ServletWebServerApplicationContext.refresh(ServletWebServerApplicationContext.java:146)
	at org.springframework.boot.SpringApplication.refresh(SpringApplication.java:754)
	at org.springframework.boot.SpringApplication.refreshContext(SpringApplication.java:456)
	at org.springframework.boot.SpringApplication.run(SpringApplication.java:335)
	at org.springframework.boot.SpringApplication.run(SpringApplication.java:1363)
	at org.springframework.boot.SpringApplication.run(SpringApplication.java:1352)
	at com.planit.basetemplate.PlanitBaseTemplateApplication.main(PlanitBaseTemplateApplication.java:18)
Caused by: java.lang.IllegalStateException: Failed to introspect Class [org.springdoc.webmvc.ui.SwaggerConfig] from ClassLoader [jdk.internal.loader.ClassLoaders$AppClassLoader@7852e922]
	at org.springframework.util.ReflectionUtils.getDeclaredMethods(ReflectionUtils.java:483)
	at org.springframework.util.ReflectionUtils.doWithMethods(ReflectionUtils.java:360)
	at org.springframework.util.ReflectionUtils.getUniqueDeclaredMethods(ReflectionUtils.java:417)
	at org.springframework.beans.factory.support.AbstractAutowireCapableBeanFactory.lambda$getTypeForFactoryMethod$1(AbstractAutowireCapableBeanFactory.java:750)
	at java.base/java.util.concurrent.ConcurrentHashMap.computeIfAbsent(ConcurrentHashMap.java:1740)
	at org.springframework.beans.factory.support.AbstractAutowireCapableBeanFactory.getTypeForFactoryMethod(AbstractAutowireCapableBeanFactory.java:749)
	at org.springframework.beans.factory.support.AbstractAutowireCapableBeanFactory.determineTargetType(AbstractAutowireCapableBeanFactory.java:682)
	at org.springframework.beans.factory.support.AbstractAutowireCapableBeanFactory.predictBeanType(AbstractAutowireCapableBeanFactory.java:653)
	at org.springframework.beans.factory.support.AbstractBeanFactory.isFactoryBean(AbstractBeanFactory.java:1687)
	at org.springframework.beans.factory.support.DefaultListableBeanFactory.doGetBeanNamesForType(DefaultListableBeanFactory.java:562)
	at org.springframework.beans.factory.support.DefaultListableBeanFactory.getBeanNamesForType(DefaultListableBeanFactory.java:534)
	at org.springframework.boot.autoconfigure.condition.OnBeanCondition.collectBeanNamesForType(OnBeanCondition.java:247)
	at org.springframework.boot.autoconfigure.condition.OnBeanCondition.getBeanNamesForType(OnBeanCondition.java:240)
	at org.springframework.boot.autoconfigure.condition.OnBeanCondition.getBeanNamesForType(OnBeanCondition.java:230)
	at org.springframework.boot.autoconfigure.condition.OnBeanCondition.getMatchingBeans(OnBeanCondition.java:183)
	at org.springframework.boot.autoconfigure.condition.OnBeanCondition.getMatchOutcome(OnBeanCondition.java:158)
	at org.springframework.boot.autoconfigure.condition.SpringBootCondition.matches(SpringBootCondition.java:47)
	... 17 common frames omitted
Caused by: java.lang.NoClassDefFoundError: org/springframework/web/servlet/resource/LiteWebJarsResourceResolver
	at java.base/java.lang.ClassLoader.defineClass1(Native Method)
	at java.base/java.lang.ClassLoader.defineClass(ClassLoader.java:1017)
	at java.base/java.security.SecureClassLoader.defineClass(SecureClassLoader.java:150)
	at java.base/jdk.internal.loader.BuiltinClassLoader.defineClass(BuiltinClassLoader.java:862)
	at java.base/jdk.internal.loader.BuiltinClassLoader.findClassOnClassPathOrNull(BuiltinClassLoader.java:760)
	at java.base/jdk.internal.loader.BuiltinClassLoader.loadClassOrNull(BuiltinClassLoader.java:681)
	at java.base/jdk.internal.loader.BuiltinClassLoader.loadClass(BuiltinClassLoader.java:639)
	at java.base/jdk.internal.loader.ClassLoaders$AppClassLoader.loadClass(ClassLoaders.java:188)
	at java.base/java.lang.ClassLoader.loadClass(ClassLoader.java:525)
	at java.base/java.lang.Class.getDeclaredMethods0(Native Method)
	at java.base/java.lang.Class.privateGetDeclaredMethods(Class.java:3404)
	at java.base/java.lang.Class.getDeclaredMethods(Class.java:2506)
	at org.springframework.util.ReflectionUtils.getDeclaredMethods(ReflectionUtils.java:465)
	... 33 common frames omitted
Caused by: java.lang.ClassNotFoundException: org.springframework.web.servlet.resource.LiteWebJarsResourceResolver
	at java.base/jdk.internal.loader.BuiltinClassLoader.loadClass(BuiltinClassLoader.java:641)
	at java.base/jdk.internal.loader.ClassLoaders$AppClassLoader.loadClass(ClassLoaders.java:188)
	at java.base/java.lang.ClassLoader.loadClass(ClassLoader.java:525)
	... 46 common frames omitted
2026-03-04 12:24:34 INFO  [] [background-preinit] o.h.validator.internal.util.Version : HV000001: Hibernate Validator 8.0.2.Final
2026-03-04 12:24:34 INFO  [] [main] c.p.b.PlanitBaseTemplateApplication : Starting PlanitBaseTemplateApplication using Java 17.0.18 with PID 20916 (C:\barumi\PlanIt-User-svc\build\classes\java\main started by DS23 in C:\barumi\PlanIt-User-svc)
2026-03-04 12:24:34 INFO  [] [main] c.p.b.PlanitBaseTemplateApplication : The following 1 profile is active: "local-no-redis"
2026-03-04 12:24:35 INFO  [] [main] o.s.d.r.c.RepositoryConfigurationDelegate : Multiple Spring Data modules found, entering strict repository configuration mode
2026-03-04 12:24:35 INFO  [] [main] o.s.d.r.c.RepositoryConfigurationDelegate : Bootstrapping Spring Data JPA repositories in DEFAULT mode.
2026-03-04 12:24:35 INFO  [] [main] o.s.d.r.c.RepositoryConfigurationDelegate : Finished Spring Data repository scanning in 215 ms. Found 1 JPA repository interface.
2026-03-04 12:24:35 INFO  [] [main] o.s.d.r.c.RepositoryConfigurationDelegate : Multiple Spring Data modules found, entering strict repository configuration mode
2026-03-04 12:24:35 INFO  [] [main] o.s.d.r.c.RepositoryConfigurationDelegate : Bootstrapping Spring Data Redis repositories in DEFAULT mode.
2026-03-04 12:24:35 INFO  [] [main] o.s.d.r.c.RepositoryConfigurationExtensionSupport : Spring Data Redis - Could not safely identify store assignment for repository candidate interface com.planit.basetemplate.sample.SampleRepository; If you want this repository to be a Redis repository, consider annotating your entities with one of these annotations: org.springframework.data.redis.core.RedisHash (preferred), or consider extending one of the following types with your repository: org.springframework.data.keyvalue.repository.KeyValueRepository
2026-03-04 12:24:35 INFO  [] [main] o.s.d.r.c.RepositoryConfigurationDelegate : Finished Spring Data repository scanning in 15 ms. Found 0 Redis repository interfaces.
2026-03-04 12:24:36 INFO  [] [main] o.s.b.w.e.tomcat.TomcatWebServer : Tomcat initialized with port 8080 (http)
2026-03-04 12:24:36 INFO  [] [main] o.a.coyote.http11.Http11NioProtocol : Initializing ProtocolHandler ["http-nio-8080"]
2026-03-04 12:24:36 INFO  [] [main] o.a.catalina.core.StandardService : Starting service [Tomcat]
2026-03-04 12:24:36 INFO  [] [main] o.a.catalina.core.StandardEngine : Starting Servlet engine: [Apache Tomcat/10.1.36]
2026-03-04 12:24:36 INFO  [] [main] o.a.c.c.C.[Tomcat].[localhost].[/] : Initializing Spring embedded WebApplicationContext
2026-03-04 12:24:36 INFO  [] [main] o.s.b.w.s.c.ServletWebServerApplicationContext : Root WebApplicationContext: initialization completed in 2161 ms
2026-03-04 12:24:36 INFO  [] [main] o.h.jpa.internal.util.LogHelper : HHH000204: Processing PersistenceUnitInfo [name: default]
2026-03-04 12:24:36 INFO  [] [main] org.hibernate.Version : HHH000412: Hibernate ORM core version 6.6.8.Final
2026-03-04 12:24:36 INFO  [] [main] o.h.c.i.RegionFactoryInitiator : HHH000026: Second-level cache disabled
2026-03-04 12:24:36 INFO  [] [main] o.s.o.j.p.SpringPersistenceUnitInfo : No LoadTimeWeaver setup: ignoring JPA class transformer
2026-03-04 12:24:36 INFO  [] [main] com.zaxxer.hikari.HikariDataSource : HikariPool-1 - Starting...
2026-03-04 12:24:36 INFO  [] [main] com.zaxxer.hikari.pool.HikariPool : HikariPool-1 - Added connection org.mariadb.jdbc.Connection@76cbee13
2026-03-04 12:24:36 INFO  [] [main] com.zaxxer.hikari.HikariDataSource : HikariPool-1 - Start completed.
2026-03-04 12:24:36 INFO  [] [main] o.hibernate.orm.connections.pooling : HHH10001005: Database info:
	Database JDBC URL [Connecting through datasource 'HikariDataSource (HikariPool-1)']
	Database driver: undefined/unknown
	Database version: 11.8.3
	Autocommit mode: undefined/unknown
	Isolation level: undefined/unknown
	Minimum pool size: undefined/unknown
	Maximum pool size: undefined/unknown
2026-03-04 12:24:37 INFO  [] [main] o.h.e.t.j.p.i.JtaPlatformInitiator : HHH000489: No JTA platform available (set 'hibernate.transaction.jta.platform' to enable JTA platform integration)
2026-03-04 12:24:37 INFO  [] [main] o.s.o.j.LocalContainerEntityManagerFactoryBean : Initialized JPA EntityManagerFactory for persistence unit 'default'
2026-03-04 12:24:37 WARN  [] [main] o.s.b.a.o.j.JpaBaseConfiguration$JpaWebConfiguration : spring.jpa.open-in-view is enabled by default. Therefore, database queries may be performed during view rendering. Explicitly configure spring.jpa.open-in-view to disable this warning
2026-03-04 12:24:38 WARN  [] [main] o.s.b.w.s.c.AnnotationConfigServletWebServerApplicationContext : Exception encountered during context initialization - cancelling refresh attempt: org.springframework.beans.factory.BeanCreationException: Error creating bean with name 'resourceHandlerMapping' defined in class path resource [org/springframework/boot/autoconfigure/web/servlet/WebMvcAutoConfiguration$EnableWebMvcConfiguration.class]: Failed to instantiate [org.springframework.web.servlet.HandlerMapping]: Factory method 'resourceHandlerMapping' threw exception with message: No more pattern data allowed after {*...} or ** pattern element
2026-03-04 12:24:38 INFO  [] [main] o.s.o.j.LocalContainerEntityManagerFactoryBean : Closing JPA EntityManagerFactory for persistence unit 'default'
2026-03-04 12:24:38 INFO  [] [main] com.zaxxer.hikari.HikariDataSource : HikariPool-1 - Shutdown initiated...
2026-03-04 12:24:38 INFO  [] [main] com.zaxxer.hikari.HikariDataSource : HikariPool-1 - Shutdown completed.
2026-03-04 12:24:38 INFO  [] [main] o.a.catalina.core.StandardService : Stopping service [Tomcat]
2026-03-04 12:24:38 INFO  [] [main] o.s.b.a.l.ConditionEvaluationReportLogger : 

Error starting ApplicationContext. To display the condition evaluation report re-run your application with 'debug' enabled.
2026-03-04 12:24:38 ERROR [] [main] o.s.b.d.LoggingFailureAnalysisReporter : 

***************************
APPLICATION FAILED TO START
***************************

Description:

Invalid mapping pattern detected:
/swagger-ui/**/*swagger-initializer.js
           ^
No more pattern data allowed after {*...} or ** pattern element

Action:

Fix this pattern in your application or switch to the legacy parser implementation with 'spring.mvc.pathmatch.matching-strategy=ant_path_matcher'.

2026-03-04 12:26:32 INFO  [] [background-preinit] o.h.validator.internal.util.Version : HV000001: Hibernate Validator 8.0.2.Final
2026-03-04 12:26:32 INFO  [] [main] c.p.b.PlanitBaseTemplateApplication : Starting PlanitBaseTemplateApplication using Java 17.0.18 with PID 3036 (C:\barumi\PlanIt-User-svc\build\classes\java\main started by DS23 in C:\barumi\PlanIt-User-svc)
2026-03-04 12:26:32 INFO  [] [main] c.p.b.PlanitBaseTemplateApplication : The following 1 profile is active: "local-no-redis"
2026-03-04 12:26:33 INFO  [] [main] o.s.d.r.c.RepositoryConfigurationDelegate : Multiple Spring Data modules found, entering strict repository configuration mode
2026-03-04 12:26:33 INFO  [] [main] o.s.d.r.c.RepositoryConfigurationDelegate : Bootstrapping Spring Data JPA repositories in DEFAULT mode.
2026-03-04 12:26:33 INFO  [] [main] o.s.d.r.c.RepositoryConfigurationDelegate : Finished Spring Data repository scanning in 99 ms. Found 1 JPA repository interface.
2026-03-04 12:26:33 INFO  [] [main] o.s.d.r.c.RepositoryConfigurationDelegate : Multiple Spring Data modules found, entering strict repository configuration mode
2026-03-04 12:26:33 INFO  [] [main] o.s.d.r.c.RepositoryConfigurationDelegate : Bootstrapping Spring Data Redis repositories in DEFAULT mode.
2026-03-04 12:26:33 INFO  [] [main] o.s.d.r.c.RepositoryConfigurationExtensionSupport : Spring Data Redis - Could not safely identify store assignment for repository candidate interface com.planit.basetemplate.sample.SampleRepository; If you want this repository to be a Redis repository, consider annotating your entities with one of these annotations: org.springframework.data.redis.core.RedisHash (preferred), or consider extending one of the following types with your repository: org.springframework.data.keyvalue.repository.KeyValueRepository
2026-03-04 12:26:33 INFO  [] [main] o.s.d.r.c.RepositoryConfigurationDelegate : Finished Spring Data repository scanning in 7 ms. Found 0 Redis repository interfaces.
2026-03-04 12:26:34 INFO  [] [main] o.s.b.w.e.tomcat.TomcatWebServer : Tomcat initialized with port 8080 (http)
2026-03-04 12:26:34 INFO  [] [main] o.a.coyote.http11.Http11NioProtocol : Initializing ProtocolHandler ["http-nio-8080"]
2026-03-04 12:26:34 INFO  [] [main] o.a.catalina.core.StandardService : Starting service [Tomcat]
2026-03-04 12:26:34 INFO  [] [main] o.a.catalina.core.StandardEngine : Starting Servlet engine: [Apache Tomcat/10.1.36]
2026-03-04 12:26:34 INFO  [] [main] o.a.c.c.C.[Tomcat].[localhost].[/] : Initializing Spring embedded WebApplicationContext
2026-03-04 12:26:34 INFO  [] [main] o.s.b.w.s.c.ServletWebServerApplicationContext : Root WebApplicationContext: initialization completed in 1687 ms
2026-03-04 12:26:34 INFO  [] [main] o.h.jpa.internal.util.LogHelper : HHH000204: Processing PersistenceUnitInfo [name: default]
2026-03-04 12:26:35 INFO  [] [main] org.hibernate.Version : HHH000412: Hibernate ORM core version 6.6.8.Final
2026-03-04 12:26:35 INFO  [] [main] o.h.c.i.RegionFactoryInitiator : HHH000026: Second-level cache disabled
2026-03-04 12:26:35 INFO  [] [main] o.s.o.j.p.SpringPersistenceUnitInfo : No LoadTimeWeaver setup: ignoring JPA class transformer
2026-03-04 12:26:35 INFO  [] [main] com.zaxxer.hikari.HikariDataSource : HikariPool-1 - Starting...
2026-03-04 12:26:35 INFO  [] [main] com.zaxxer.hikari.pool.HikariPool : HikariPool-1 - Added connection org.mariadb.jdbc.Connection@6e22d6bf
2026-03-04 12:26:35 INFO  [] [main] com.zaxxer.hikari.HikariDataSource : HikariPool-1 - Start completed.
2026-03-04 12:26:35 INFO  [] [main] o.hibernate.orm.connections.pooling : HHH10001005: Database info:
	Database JDBC URL [Connecting through datasource 'HikariDataSource (HikariPool-1)']
	Database driver: undefined/unknown
	Database version: 11.8.3
	Autocommit mode: undefined/unknown
	Isolation level: undefined/unknown
	Minimum pool size: undefined/unknown
	Maximum pool size: undefined/unknown
2026-03-04 12:26:36 INFO  [] [main] o.h.e.t.j.p.i.JtaPlatformInitiator : HHH000489: No JTA platform available (set 'hibernate.transaction.jta.platform' to enable JTA platform integration)
2026-03-04 12:26:36 INFO  [] [main] o.s.o.j.LocalContainerEntityManagerFactoryBean : Initialized JPA EntityManagerFactory for persistence unit 'default'
2026-03-04 12:26:36 WARN  [] [main] o.s.b.a.o.j.JpaBaseConfiguration$JpaWebConfiguration : spring.jpa.open-in-view is enabled by default. Therefore, database queries may be performed during view rendering. Explicitly configure spring.jpa.open-in-view to disable this warning
2026-03-04 12:26:36 WARN  [] [main] o.s.b.w.s.c.AnnotationConfigServletWebServerApplicationContext : Exception encountered during context initialization - cancelling refresh attempt: org.springframework.beans.factory.BeanCreationException: Error creating bean with name 'resourceHandlerMapping' defined in class path resource [org/springframework/boot/autoconfigure/web/servlet/WebMvcAutoConfiguration$EnableWebMvcConfiguration.class]: Failed to instantiate [org.springframework.web.servlet.HandlerMapping]: Factory method 'resourceHandlerMapping' threw exception with message: No more pattern data allowed after {*...} or ** pattern element
2026-03-04 12:26:36 INFO  [] [main] o.s.o.j.LocalContainerEntityManagerFactoryBean : Closing JPA EntityManagerFactory for persistence unit 'default'
2026-03-04 12:26:36 INFO  [] [main] com.zaxxer.hikari.HikariDataSource : HikariPool-1 - Shutdown initiated...
2026-03-04 12:26:36 INFO  [] [main] com.zaxxer.hikari.HikariDataSource : HikariPool-1 - Shutdown completed.
2026-03-04 12:26:36 INFO  [] [main] o.a.catalina.core.StandardService : Stopping service [Tomcat]
2026-03-04 12:26:37 INFO  [] [main] o.s.b.a.l.ConditionEvaluationReportLogger : 

Error starting ApplicationContext. To display the condition evaluation report re-run your application with 'debug' enabled.
2026-03-04 12:26:37 ERROR [] [main] o.s.b.d.LoggingFailureAnalysisReporter : 

***************************
APPLICATION FAILED TO START
***************************

Description:

Invalid mapping pattern detected:
/swagger-ui/**/*swagger-initializer.js
           ^
No more pattern data allowed after {*...} or ** pattern element

Action:

Fix this pattern in your application or switch to the legacy parser implementation with 'spring.mvc.pathmatch.matching-strategy=ant_path_matcher'.

2026-03-04 12:30:59 INFO  [] [background-preinit] o.h.validator.internal.util.Version : HV000001: Hibernate Validator 8.0.2.Final
2026-03-04 12:30:59 INFO  [] [main] c.p.b.PlanitBaseTemplateApplication : Starting PlanitBaseTemplateApplication using Java 17.0.18 with PID 9944 (C:\barumi\PlanIt-User-svc\build\classes\java\main started by DS23 in C:\barumi\PlanIt-User-svc)
2026-03-04 12:30:59 INFO  [] [main] c.p.b.PlanitBaseTemplateApplication : The following 1 profile is active: "local-no-redis"
2026-03-04 12:31:00 INFO  [] [main] o.s.d.r.c.RepositoryConfigurationDelegate : Multiple Spring Data modules found, entering strict repository configuration mode
2026-03-04 12:31:00 INFO  [] [main] o.s.d.r.c.RepositoryConfigurationDelegate : Bootstrapping Spring Data JPA repositories in DEFAULT mode.
2026-03-04 12:31:00 INFO  [] [main] o.s.d.r.c.RepositoryConfigurationDelegate : Finished Spring Data repository scanning in 99 ms. Found 1 JPA repository interface.
2026-03-04 12:31:00 INFO  [] [main] o.s.d.r.c.RepositoryConfigurationDelegate : Multiple Spring Data modules found, entering strict repository configuration mode
2026-03-04 12:31:00 INFO  [] [main] o.s.d.r.c.RepositoryConfigurationDelegate : Bootstrapping Spring Data Redis repositories in DEFAULT mode.
2026-03-04 12:31:00 INFO  [] [main] o.s.d.r.c.RepositoryConfigurationExtensionSupport : Spring Data Redis - Could not safely identify store assignment for repository candidate interface com.planit.basetemplate.sample.SampleRepository; If you want this repository to be a Redis repository, consider annotating your entities with one of these annotations: org.springframework.data.redis.core.RedisHash (preferred), or consider extending one of the following types with your repository: org.springframework.data.keyvalue.repository.KeyValueRepository
2026-03-04 12:31:00 INFO  [] [main] o.s.d.r.c.RepositoryConfigurationDelegate : Finished Spring Data repository scanning in 7 ms. Found 0 Redis repository interfaces.
2026-03-04 12:31:00 INFO  [] [main] o.s.b.w.e.tomcat.TomcatWebServer : Tomcat initialized with port 8080 (http)
2026-03-04 12:31:00 INFO  [] [main] o.a.coyote.http11.Http11NioProtocol : Initializing ProtocolHandler ["http-nio-8080"]
2026-03-04 12:31:00 INFO  [] [main] o.a.catalina.core.StandardService : Starting service [Tomcat]
2026-03-04 12:31:00 INFO  [] [main] o.a.catalina.core.StandardEngine : Starting Servlet engine: [Apache Tomcat/10.1.36]
2026-03-04 12:31:00 INFO  [] [main] o.a.c.c.C.[Tomcat].[localhost].[/] : Initializing Spring embedded WebApplicationContext
2026-03-04 12:31:00 INFO  [] [main] o.s.b.w.s.c.ServletWebServerApplicationContext : Root WebApplicationContext: initialization completed in 1665 ms
2026-03-04 12:31:01 INFO  [] [main] o.h.jpa.internal.util.LogHelper : HHH000204: Processing PersistenceUnitInfo [name: default]
2026-03-04 12:31:01 INFO  [] [main] org.hibernate.Version : HHH000412: Hibernate ORM core version 6.6.8.Final
2026-03-04 12:31:01 INFO  [] [main] o.h.c.i.RegionFactoryInitiator : HHH000026: Second-level cache disabled
2026-03-04 12:31:01 INFO  [] [main] o.s.o.j.p.SpringPersistenceUnitInfo : No LoadTimeWeaver setup: ignoring JPA class transformer
2026-03-04 12:31:01 INFO  [] [main] com.zaxxer.hikari.HikariDataSource : HikariPool-1 - Starting...
2026-03-04 12:31:01 INFO  [] [main] com.zaxxer.hikari.pool.HikariPool : HikariPool-1 - Added connection org.mariadb.jdbc.Connection@2d3768ce
2026-03-04 12:31:01 INFO  [] [main] com.zaxxer.hikari.HikariDataSource : HikariPool-1 - Start completed.
2026-03-04 12:31:01 INFO  [] [main] o.hibernate.orm.connections.pooling : HHH10001005: Database info:
	Database JDBC URL [Connecting through datasource 'HikariDataSource (HikariPool-1)']
	Database driver: undefined/unknown
	Database version: 11.8.3
	Autocommit mode: undefined/unknown
	Isolation level: undefined/unknown
	Minimum pool size: undefined/unknown
	Maximum pool size: undefined/unknown
2026-03-04 12:31:02 INFO  [] [main] o.h.e.t.j.p.i.JtaPlatformInitiator : HHH000489: No JTA platform available (set 'hibernate.transaction.jta.platform' to enable JTA platform integration)
2026-03-04 12:31:02 INFO  [] [main] o.s.o.j.LocalContainerEntityManagerFactoryBean : Initialized JPA EntityManagerFactory for persistence unit 'default'
2026-03-04 12:31:02 WARN  [] [main] o.s.b.a.o.j.JpaBaseConfiguration$JpaWebConfiguration : spring.jpa.open-in-view is enabled by default. Therefore, database queries may be performed during view rendering. Explicitly configure spring.jpa.open-in-view to disable this warning
2026-03-04 12:31:02 INFO  [] [main] n.d.b.g.s.a.GrpcServerFactoryAutoConfiguration : Detected grpc-netty-shaded: Creating ShadedNettyGrpcServerFactory
2026-03-04 12:31:02 INFO  [] [main] n.d.b.g.c.a.GrpcClientAutoConfiguration : Detected grpc-netty-shaded: Creating ShadedNettyChannelFactory + InProcessChannelFactory
2026-03-04 12:31:03 INFO  [] [main] o.s.s.c.a.a.c.InitializeUserDetailsBeanManagerConfigurer$InitializeUserDetailsManagerConfigurer : Global AuthenticationManager configured with UserDetailsService bean with name inMemoryUserDetailsManager
2026-03-04 12:31:03 INFO  [] [main] o.s.b.a.e.web.EndpointLinksResolver : Exposing 2 endpoints beneath base path '/api/v1/users/actuator'
2026-03-04 12:31:03 INFO  [] [main] o.a.coyote.http11.Http11NioProtocol : Starting ProtocolHandler ["http-nio-8080"]
2026-03-04 12:31:03 INFO  [] [main] o.s.b.w.e.tomcat.TomcatWebServer : Tomcat started on port 8080 (http) with context path '/'
2026-03-04 12:31:03 INFO  [] [main] n.d.b.g.s.s.AbstractGrpcServerFactory : Registered gRPC service: BaseTestGrpcService, bean: baseGrpcController, class: com.planit.basetemplate.grpc.BaseGrpcController
2026-03-04 12:31:03 INFO  [] [main] n.d.b.g.s.s.AbstractGrpcServerFactory : Registered gRPC service: grpc.health.v1.Health, bean: grpcHealthService, class: io.grpc.protobuf.services.HealthServiceImpl
2026-03-04 12:31:03 INFO  [] [main] n.d.b.g.s.s.AbstractGrpcServerFactory : Registered gRPC service: grpc.reflection.v1alpha.ServerReflection, bean: protoReflectionService, class: io.grpc.protobuf.services.ProtoReflectionService
2026-03-04 12:31:03 INFO  [] [main] n.d.b.g.s.s.GrpcServerLifecycle : gRPC Server started, listening on address: *, port: 9090
2026-03-04 12:31:03 INFO  [] [main] c.p.b.PlanitBaseTemplateApplication : Started PlanitBaseTemplateApplication in 5.251 seconds (process running for 5.588)
2026-03-04 12:31:20 INFO  [] [http-nio-8080-exec-1] o.a.c.c.C.[Tomcat].[localhost].[/] : Initializing Spring DispatcherServlet 'dispatcherServlet'
2026-03-04 12:31:20 INFO  [] [http-nio-8080-exec-1] o.s.web.servlet.DispatcherServlet : Initializing Servlet 'dispatcherServlet'
2026-03-04 12:31:20 INFO  [] [http-nio-8080-exec-1] o.s.web.servlet.DispatcherServlet : Completed initialization in 0 ms
2026-03-04 12:31:21 WARN  [69a7a788f498d2acd5b679371c5dd914] [http-nio-8080-exec-1] o.a.c.util.SessionIdGeneratorBase : Creation of SecureRandom instance for session ID generation using [SHA1PRNG] took [170] milliseconds.
2026-03-04 12:31:29 INFO  [69a7a790d74da998223ed8d4aba51095] [http-nio-8080-exec-9] o.s.api.AbstractOpenApiResource : Init duration for springdoc-openapi is: 555 ms
2026-03-04 12:33:43 INFO  [] [background-preinit] o.h.validator.internal.util.Version : HV000001: Hibernate Validator 8.0.2.Final
2026-03-04 12:33:43 INFO  [] [main] c.p.b.PlanitBaseTemplateApplication : Starting PlanitBaseTemplateApplication using Java 17.0.18 with PID 16992 (C:\barumi\PlanIt-User-svc\build\classes\java\main started by DS23 in C:\barumi\PlanIt-User-svc)
2026-03-04 12:33:43 INFO  [] [main] c.p.b.PlanitBaseTemplateApplication : The following 1 profile is active: "local-no-redis"
2026-03-04 12:33:44 INFO  [] [main] o.s.d.r.c.RepositoryConfigurationDelegate : Multiple Spring Data modules found, entering strict repository configuration mode
2026-03-04 12:33:44 INFO  [] [main] o.s.d.r.c.RepositoryConfigurationDelegate : Bootstrapping Spring Data JPA repositories in DEFAULT mode.
2026-03-04 12:33:44 INFO  [] [main] o.s.d.r.c.RepositoryConfigurationDelegate : Finished Spring Data repository scanning in 17 ms. Found 0 JPA repository interfaces.
2026-03-04 12:33:44 INFO  [] [main] o.s.d.r.c.RepositoryConfigurationDelegate : Multiple Spring Data modules found, entering strict repository configuration mode
2026-03-04 12:33:44 INFO  [] [main] o.s.d.r.c.RepositoryConfigurationDelegate : Bootstrapping Spring Data Redis repositories in DEFAULT mode.
2026-03-04 12:33:44 INFO  [] [main] o.s.d.r.c.RepositoryConfigurationDelegate : Finished Spring Data repository scanning in 2 ms. Found 0 Redis repository interfaces.
2026-03-04 12:33:45 INFO  [] [main] o.s.b.w.e.tomcat.TomcatWebServer : Tomcat initialized with port 8080 (http)
2026-03-04 12:33:45 INFO  [] [main] o.a.coyote.http11.Http11NioProtocol : Initializing ProtocolHandler ["http-nio-8080"]
2026-03-04 12:33:45 INFO  [] [main] o.a.catalina.core.StandardService : Starting service [Tomcat]
2026-03-04 12:33:45 INFO  [] [main] o.a.catalina.core.StandardEngine : Starting Servlet engine: [Apache Tomcat/10.1.36]
2026-03-04 12:33:45 INFO  [] [main] o.a.c.c.C.[Tomcat].[localhost].[/] : Initializing Spring embedded WebApplicationContext
2026-03-04 12:33:45 INFO  [] [main] o.s.b.w.s.c.ServletWebServerApplicationContext : Root WebApplicationContext: initialization completed in 1607 ms
2026-03-04 12:33:45 INFO  [] [main] o.h.jpa.internal.util.LogHelper : HHH000204: Processing PersistenceUnitInfo [name: default]
2026-03-04 12:33:45 INFO  [] [main] org.hibernate.Version : HHH000412: Hibernate ORM core version 6.6.8.Final
2026-03-04 12:33:45 INFO  [] [main] o.h.c.i.RegionFactoryInitiator : HHH000026: Second-level cache disabled
2026-03-04 12:33:45 INFO  [] [main] o.s.o.j.p.SpringPersistenceUnitInfo : No LoadTimeWeaver setup: ignoring JPA class transformer
2026-03-04 12:33:45 INFO  [] [main] com.zaxxer.hikari.HikariDataSource : HikariPool-1 - Starting...
2026-03-04 12:33:45 INFO  [] [main] com.zaxxer.hikari.pool.HikariPool : HikariPool-1 - Added connection org.mariadb.jdbc.Connection@4a7e469d
2026-03-04 12:33:45 INFO  [] [main] com.zaxxer.hikari.HikariDataSource : HikariPool-1 - Start completed.
2026-03-04 12:33:45 INFO  [] [main] o.hibernate.orm.connections.pooling : HHH10001005: Database info:
	Database JDBC URL [Connecting through datasource 'HikariDataSource (HikariPool-1)']
	Database driver: undefined/unknown
	Database version: 11.8.3
	Autocommit mode: undefined/unknown
	Isolation level: undefined/unknown
	Minimum pool size: undefined/unknown
	Maximum pool size: undefined/unknown
2026-03-04 12:33:46 INFO  [] [main] o.h.e.t.j.p.i.JtaPlatformInitiator : HHH000489: No JTA platform available (set 'hibernate.transaction.jta.platform' to enable JTA platform integration)
2026-03-04 12:33:46 INFO  [] [main] o.s.o.j.LocalContainerEntityManagerFactoryBean : Initialized JPA EntityManagerFactory for persistence unit 'default'
2026-03-04 12:33:46 WARN  [] [main] o.s.b.a.o.j.JpaBaseConfiguration$JpaWebConfiguration : spring.jpa.open-in-view is enabled by default. Therefore, database queries may be performed during view rendering. Explicitly configure spring.jpa.open-in-view to disable this warning
2026-03-04 12:33:46 INFO  [] [main] n.d.b.g.s.a.GrpcServerFactoryAutoConfiguration : Detected grpc-netty-shaded: Creating ShadedNettyGrpcServerFactory
2026-03-04 12:33:46 INFO  [] [main] n.d.b.g.c.a.GrpcClientAutoConfiguration : Detected grpc-netty-shaded: Creating ShadedNettyChannelFactory + InProcessChannelFactory
2026-03-04 12:33:46 INFO  [] [main] o.s.s.c.a.a.c.InitializeUserDetailsBeanManagerConfigurer$InitializeUserDetailsManagerConfigurer : Global AuthenticationManager configured with UserDetailsService bean with name inMemoryUserDetailsManager
2026-03-04 12:33:46 INFO  [] [main] o.s.b.a.e.web.EndpointLinksResolver : Exposing 2 endpoints beneath base path '/api/v1/users/actuator'
2026-03-04 12:33:47 INFO  [] [main] o.a.coyote.http11.Http11NioProtocol : Starting ProtocolHandler ["http-nio-8080"]
2026-03-04 12:33:47 INFO  [] [main] o.s.b.w.e.tomcat.TomcatWebServer : Tomcat started on port 8080 (http) with context path '/'
2026-03-04 12:33:47 INFO  [] [main] n.d.b.g.s.s.AbstractGrpcServerFactory : Registered gRPC service: BaseTestGrpcService, bean: baseGrpcController, class: com.planit.basetemplate.grpc.BaseGrpcController
2026-03-04 12:33:47 INFO  [] [main] n.d.b.g.s.s.AbstractGrpcServerFactory : Registered gRPC service: grpc.health.v1.Health, bean: grpcHealthService, class: io.grpc.protobuf.services.HealthServiceImpl
2026-03-04 12:33:47 INFO  [] [main] n.d.b.g.s.s.AbstractGrpcServerFactory : Registered gRPC service: grpc.reflection.v1alpha.ServerReflection, bean: protoReflectionService, class: io.grpc.protobuf.services.ProtoReflectionService
2026-03-04 12:33:47 INFO  [] [main] n.d.b.g.s.s.GrpcServerLifecycle : gRPC Server started, listening on address: *, port: 9090
2026-03-04 12:33:47 INFO  [] [main] c.p.b.PlanitBaseTemplateApplication : Started PlanitBaseTemplateApplication in 4.664 seconds (process running for 4.964)
2026-03-04 12:33:52 INFO  [] [http-nio-8080-exec-1] o.a.c.c.C.[Tomcat].[localhost].[/] : Initializing Spring DispatcherServlet 'dispatcherServlet'
2026-03-04 12:33:52 INFO  [] [http-nio-8080-exec-1] o.s.web.servlet.DispatcherServlet : Initializing Servlet 'dispatcherServlet'
2026-03-04 12:33:52 INFO  [] [http-nio-8080-exec-1] o.s.web.servlet.DispatcherServlet : Completed initialization in 0 ms
2026-03-04 12:33:53 WARN  [69a7a8203fad86088a9a69c6b5e263e4] [http-nio-8080-exec-1] o.a.c.util.SessionIdGeneratorBase : Creation of SecureRandom instance for session ID generation using [SHA1PRNG] took [127] milliseconds.
2026-03-04 12:33:56 INFO  [69a7a82483682bbdf6c39d346d6b5f54] [http-nio-8080-exec-7] o.s.api.AbstractOpenApiResource : Init duration for springdoc-openapi is: 287 ms
2026-03-04 12:35:32 INFO  [] [background-preinit] o.h.validator.internal.util.Version : HV000001: Hibernate Validator 8.0.2.Final
2026-03-04 12:35:32 INFO  [] [main] c.p.b.PlanitBaseTemplateApplication : Starting PlanitBaseTemplateApplication using Java 17.0.18 with PID 22452 (C:\barumi\PlanIt-User-svc\build\classes\java\main started by DS23 in C:\barumi\PlanIt-User-svc)
2026-03-04 12:35:32 INFO  [] [main] c.p.b.PlanitBaseTemplateApplication : The following 1 profile is active: "local-no-redis"
2026-03-04 12:35:33 WARN  [] [main] o.s.b.w.s.c.AnnotationConfigServletWebServerApplicationContext : Exception encountered during context initialization - cancelling refresh attempt: org.springframework.beans.factory.support.BeanDefinitionOverrideException: Invalid bean definition with name 'openAPI' defined in class path resource [com/planit/userservice/config/SwaggerConfig.class]: Cannot register bean definition [Root bean: class=null; scope=; abstract=false; lazyInit=null; autowireMode=3; dependencyCheck=0; autowireCandidate=true; primary=false; fallback=false; factoryBeanName=swaggerConfig; factoryMethodName=openAPI; initMethodNames=null; destroyMethodNames=[(inferred)]; defined in class path resource [com/planit/userservice/config/SwaggerConfig.class]] for bean 'openAPI' since there is already [Root bean: class=null; scope=; abstract=false; lazyInit=null; autowireMode=3; dependencyCheck=0; autowireCandidate=true; primary=false; fallback=false; factoryBeanName=openApiConfig; factoryMethodName=openAPI; initMethodNames=null; destroyMethodNames=[(inferred)]; defined in class path resource [com/planit/userservice/config/OpenApiConfig.class]] bound.
2026-03-04 12:35:33 INFO  [] [main] o.s.b.a.l.ConditionEvaluationReportLogger : 

Error starting ApplicationContext. To display the condition evaluation report re-run your application with 'debug' enabled.
2026-03-04 12:35:33 ERROR [] [main] o.s.b.d.LoggingFailureAnalysisReporter : 

***************************
APPLICATION FAILED TO START
***************************

Description:

The bean 'openAPI', defined in class path resource [com/planit/userservice/config/SwaggerConfig.class], could not be registered. A bean with that name has already been defined in class path resource [com/planit/userservice/config/OpenApiConfig.class] and overriding is disabled.

Action:

Consider renaming one of the beans or enabling overriding by setting spring.main.allow-bean-definition-overriding=true

2026-03-04 12:37:01 INFO  [] [background-preinit] o.h.validator.internal.util.Version : HV000001: Hibernate Validator 8.0.2.Final
2026-03-04 12:37:01 INFO  [] [main] c.p.b.PlanitBaseTemplateApplication : Starting PlanitBaseTemplateApplication using Java 17.0.18 with PID 25016 (C:\barumi\PlanIt-User-svc\build\classes\java\main started by DS23 in C:\barumi\PlanIt-User-svc)
2026-03-04 12:37:01 INFO  [] [main] c.p.b.PlanitBaseTemplateApplication : The following 1 profile is active: "local-no-redis"
2026-03-04 12:37:02 WARN  [] [main] o.s.b.w.s.c.AnnotationConfigServletWebServerApplicationContext : Exception encountered during context initialization - cancelling refresh attempt: org.springframework.beans.factory.support.BeanDefinitionOverrideException: Invalid bean definition with name 'openAPI' defined in class path resource [com/planit/userservice/config/SwaggerConfig.class]: Cannot register bean definition [Root bean: class=null; scope=; abstract=false; lazyInit=null; autowireMode=3; dependencyCheck=0; autowireCandidate=true; primary=false; fallback=false; factoryBeanName=swaggerConfig; factoryMethodName=openAPI; initMethodNames=null; destroyMethodNames=[(inferred)]; defined in class path resource [com/planit/userservice/config/SwaggerConfig.class]] for bean 'openAPI' since there is already [Root bean: class=null; scope=; abstract=false; lazyInit=null; autowireMode=3; dependencyCheck=0; autowireCandidate=true; primary=false; fallback=false; factoryBeanName=openApiConfig; factoryMethodName=openAPI; initMethodNames=null; destroyMethodNames=[(inferred)]; defined in class path resource [com/planit/userservice/config/OpenApiConfig.class]] bound.
2026-03-04 12:37:02 INFO  [] [main] o.s.b.a.l.ConditionEvaluationReportLogger : 

Error starting ApplicationContext. To display the condition evaluation report re-run your application with 'debug' enabled.
2026-03-04 12:37:02 ERROR [] [main] o.s.b.d.LoggingFailureAnalysisReporter : 

***************************
APPLICATION FAILED TO START
***************************

Description:

The bean 'openAPI', defined in class path resource [com/planit/userservice/config/SwaggerConfig.class], could not be registered. A bean with that name has already been defined in class path resource [com/planit/userservice/config/OpenApiConfig.class] and overriding is disabled.

Action:

Consider renaming one of the beans or enabling overriding by setting spring.main.allow-bean-definition-overriding=true

2026-03-04 12:38:56 INFO  [] [background-preinit] o.h.validator.internal.util.Version : HV000001: Hibernate Validator 8.0.2.Final
2026-03-04 12:38:56 INFO  [] [main] c.p.b.PlanitBaseTemplateApplication : Starting PlanitBaseTemplateApplication using Java 17.0.18 with PID 11928 (C:\barumi\PlanIt-User-svc\build\classes\java\main started by DS23 in C:\barumi\PlanIt-User-svc)
2026-03-04 12:38:56 INFO  [] [main] c.p.b.PlanitBaseTemplateApplication : The following 1 profile is active: "local-no-redis"
2026-03-04 12:38:57 INFO  [] [main] o.s.d.r.c.RepositoryConfigurationDelegate : Multiple Spring Data modules found, entering strict repository configuration mode
2026-03-04 12:38:57 INFO  [] [main] o.s.d.r.c.RepositoryConfigurationDelegate : Bootstrapping Spring Data JPA repositories in DEFAULT mode.
2026-03-04 12:38:57 INFO  [] [main] o.s.d.r.c.RepositoryConfigurationDelegate : Finished Spring Data repository scanning in 20 ms. Found 0 JPA repository interfaces.
2026-03-04 12:38:57 INFO  [] [main] o.s.d.r.c.RepositoryConfigurationDelegate : Multiple Spring Data modules found, entering strict repository configuration mode
2026-03-04 12:38:57 INFO  [] [main] o.s.d.r.c.RepositoryConfigurationDelegate : Bootstrapping Spring Data Redis repositories in DEFAULT mode.
2026-03-04 12:38:57 INFO  [] [main] o.s.d.r.c.RepositoryConfigurationDelegate : Finished Spring Data repository scanning in 2 ms. Found 0 Redis repository interfaces.
2026-03-04 12:38:58 INFO  [] [main] o.s.b.w.e.tomcat.TomcatWebServer : Tomcat initialized with port 8080 (http)
2026-03-04 12:38:58 INFO  [] [main] o.a.coyote.http11.Http11NioProtocol : Initializing ProtocolHandler ["http-nio-8080"]
2026-03-04 12:38:58 INFO  [] [main] o.a.catalina.core.StandardService : Starting service [Tomcat]
2026-03-04 12:38:58 INFO  [] [main] o.a.catalina.core.StandardEngine : Starting Servlet engine: [Apache Tomcat/10.1.36]
2026-03-04 12:38:58 INFO  [] [main] o.a.c.c.C.[Tomcat].[localhost].[/] : Initializing Spring embedded WebApplicationContext
2026-03-04 12:38:58 INFO  [] [main] o.s.b.w.s.c.ServletWebServerApplicationContext : Root WebApplicationContext: initialization completed in 1762 ms
2026-03-04 12:38:58 ERROR [] [main] o.s.b.w.e.tomcat.TomcatStarter : Error starting Tomcat context. Exception: org.springframework.beans.factory.UnsatisfiedDependencyException. Message: Error creating bean with name 'jwtAuthenticationFilter' defined in file [C:\barumi\PlanIt-User-svc\build\classes\java\main\com\planit\userservice\security\JwtAuthenticationFilter.class]: Unsatisfied dependency expressed through constructor parameter 0: Error creating bean with name 'jwtProvider' defined in file [C:\barumi\PlanIt-User-svc\build\classes\java\main\com\planit\userservice\security\JwtProvider.class]: Unexpected exception during bean creation
2026-03-04 12:38:58 INFO  [] [main] o.a.catalina.core.StandardService : Stopping service [Tomcat]
2026-03-04 12:38:58 WARN  [] [main] o.s.b.w.s.c.AnnotationConfigServletWebServerApplicationContext : Exception encountered during context initialization - cancelling refresh attempt: org.springframework.context.ApplicationContextException: Unable to start web server
2026-03-04 12:38:58 INFO  [] [main] o.s.b.a.l.ConditionEvaluationReportLogger : 

Error starting ApplicationContext. To display the condition evaluation report re-run your application with 'debug' enabled.
2026-03-04 12:38:58 ERROR [] [main] o.s.boot.SpringApplication : Application run failed
org.springframework.context.ApplicationContextException: Unable to start web server
	at org.springframework.boot.web.servlet.context.ServletWebServerApplicationContext.onRefresh(ServletWebServerApplicationContext.java:170)
	at org.springframework.context.support.AbstractApplicationContext.refresh(AbstractApplicationContext.java:621)
	at org.springframework.boot.web.servlet.context.ServletWebServerApplicationContext.refresh(ServletWebServerApplicationContext.java:146)
	at org.springframework.boot.SpringApplication.refresh(SpringApplication.java:752)
	at org.springframework.boot.SpringApplication.refreshContext(SpringApplication.java:439)
	at org.springframework.boot.SpringApplication.run(SpringApplication.java:318)
	at org.springframework.boot.SpringApplication.run(SpringApplication.java:1361)
	at org.springframework.boot.SpringApplication.run(SpringApplication.java:1350)
	at com.planit.basetemplate.PlanitBaseTemplateApplication.main(PlanitBaseTemplateApplication.java:20)
Caused by: org.springframework.boot.web.server.WebServerException: Unable to start embedded Tomcat
	at org.springframework.boot.web.embedded.tomcat.TomcatWebServer.initialize(TomcatWebServer.java:147)
	at org.springframework.boot.web.embedded.tomcat.TomcatWebServer.<init>(TomcatWebServer.java:107)
	at org.springframework.boot.web.embedded.tomcat.TomcatServletWebServerFactory.getTomcatWebServer(TomcatServletWebServerFactory.java:520)
	at org.springframework.boot.web.embedded.tomcat.TomcatServletWebServerFactory.getWebServer(TomcatServletWebServerFactory.java:222)
	at org.springframework.boot.web.servlet.context.ServletWebServerApplicationContext.createWebServer(ServletWebServerApplicationContext.java:193)
	at org.springframework.boot.web.servlet.context.ServletWebServerApplicationContext.onRefresh(ServletWebServerApplicationContext.java:167)
	... 8 common frames omitted
Caused by: org.springframework.beans.factory.UnsatisfiedDependencyException: Error creating bean with name 'jwtAuthenticationFilter' defined in file [C:\barumi\PlanIt-User-svc\build\classes\java\main\com\planit\userservice\security\JwtAuthenticationFilter.class]: Unsatisfied dependency expressed through constructor parameter 0: Error creating bean with name 'jwtProvider' defined in file [C:\barumi\PlanIt-User-svc\build\classes\java\main\com\planit\userservice\security\JwtProvider.class]: Unexpected exception during bean creation
	at org.springframework.beans.factory.support.ConstructorResolver.createArgumentArray(ConstructorResolver.java:804)
	at org.springframework.beans.factory.support.ConstructorResolver.autowireConstructor(ConstructorResolver.java:240)
	at org.springframework.beans.factory.support.AbstractAutowireCapableBeanFactory.autowireConstructor(AbstractAutowireCapableBeanFactory.java:1381)
	at org.springframework.beans.factory.support.AbstractAutowireCapableBeanFactory.createBeanInstance(AbstractAutowireCapableBeanFactory.java:1218)
	at org.springframework.beans.factory.support.AbstractAutowireCapableBeanFactory.doCreateBean(AbstractAutowireCapableBeanFactory.java:563)
	at org.springframework.beans.factory.support.AbstractAutowireCapableBeanFactory.createBean(AbstractAutowireCapableBeanFactory.java:523)
	at org.springframework.beans.factory.support.AbstractBeanFactory.lambda$doGetBean$0(AbstractBeanFactory.java:339)
	at org.springframework.beans.factory.support.DefaultSingletonBeanRegistry.getSingleton(DefaultSingletonBeanRegistry.java:346)
	at org.springframework.beans.factory.support.AbstractBeanFactory.doGetBean(AbstractBeanFactory.java:337)
	at org.springframework.beans.factory.support.AbstractBeanFactory.getBean(AbstractBeanFactory.java:207)
	at org.springframework.boot.web.servlet.ServletContextInitializerBeans.getOrderedBeansOfType(ServletContextInitializerBeans.java:211)
	at org.springframework.boot.web.servlet.ServletContextInitializerBeans.addAsRegistrationBean(ServletContextInitializerBeans.java:174)
	at org.springframework.boot.web.servlet.ServletContextInitializerBeans.addAsRegistrationBean(ServletContextInitializerBeans.java:169)
	at org.springframework.boot.web.servlet.ServletContextInitializerBeans.addAdaptableBeans(ServletContextInitializerBeans.java:154)
	at org.springframework.boot.web.servlet.ServletContextInitializerBeans.<init>(ServletContextInitializerBeans.java:87)
	at org.springframework.boot.web.servlet.context.ServletWebServerApplicationContext.getServletContextInitializerBeans(ServletWebServerApplicationContext.java:271)
	at org.springframework.boot.web.servlet.context.ServletWebServerApplicationContext.selfInitialize(ServletWebServerApplicationContext.java:245)
	at org.springframework.boot.web.embedded.tomcat.TomcatStarter.onStartup(TomcatStarter.java:52)
	at org.apache.catalina.core.StandardContext.startInternal(StandardContext.java:4467)
	at org.apache.catalina.util.LifecycleBase.start(LifecycleBase.java:164)
	at org.apache.catalina.core.ContainerBase$StartChild.call(ContainerBase.java:1203)
	at org.apache.catalina.core.ContainerBase$StartChild.call(ContainerBase.java:1193)
	at java.base/java.util.concurrent.FutureTask.run(FutureTask.java:264)
	at org.apache.tomcat.util.threads.InlineExecutorService.execute(InlineExecutorService.java:75)
	at java.base/java.util.concurrent.AbstractExecutorService.submit(AbstractExecutorService.java:145)
	at org.apache.catalina.core.ContainerBase.startInternal(ContainerBase.java:749)
	at org.apache.catalina.core.StandardHost.startInternal(StandardHost.java:772)
	at org.apache.catalina.util.LifecycleBase.start(LifecycleBase.java:164)
	at org.apache.catalina.core.ContainerBase$StartChild.call(ContainerBase.java:1203)
	at org.apache.catalina.core.ContainerBase$StartChild.call(ContainerBase.java:1193)
	at java.base/java.util.concurrent.FutureTask.run(FutureTask.java:264)
	at org.apache.tomcat.util.threads.InlineExecutorService.execute(InlineExecutorService.java:75)
	at java.base/java.util.concurrent.AbstractExecutorService.submit(AbstractExecutorService.java:145)
	at org.apache.catalina.core.ContainerBase.startInternal(ContainerBase.java:749)
	at org.apache.catalina.core.StandardEngine.startInternal(StandardEngine.java:203)
	at org.apache.catalina.util.LifecycleBase.start(LifecycleBase.java:164)
	at org.apache.catalina.core.StandardService.startInternal(StandardService.java:415)
	at org.apache.catalina.util.LifecycleBase.start(LifecycleBase.java:164)
	at org.apache.catalina.core.StandardServer.startInternal(StandardServer.java:870)
	at org.apache.catalina.util.LifecycleBase.start(LifecycleBase.java:164)
	at org.apache.catalina.startup.Tomcat.start(Tomcat.java:437)
	at org.springframework.boot.web.embedded.tomcat.TomcatWebServer.initialize(TomcatWebServer.java:128)
	... 13 common frames omitted
Caused by: org.springframework.beans.factory.BeanCreationException: Error creating bean with name 'jwtProvider' defined in file [C:\barumi\PlanIt-User-svc\build\classes\java\main\com\planit\userservice\security\JwtProvider.class]: Unexpected exception during bean creation
	at org.springframework.beans.factory.support.AbstractAutowireCapableBeanFactory.createBean(AbstractAutowireCapableBeanFactory.java:536)
	at org.springframework.beans.factory.support.AbstractBeanFactory.lambda$doGetBean$0(AbstractBeanFactory.java:339)
	at org.springframework.beans.factory.support.DefaultSingletonBeanRegistry.getSingleton(DefaultSingletonBeanRegistry.java:346)
	at org.springframework.beans.factory.support.AbstractBeanFactory.doGetBean(AbstractBeanFactory.java:337)
	at org.springframework.beans.factory.support.AbstractBeanFactory.getBean(AbstractBeanFactory.java:202)
	at org.springframework.beans.factory.support.DefaultListableBeanFactory.doResolveDependency(DefaultListableBeanFactory.java:1606)
	at org.springframework.beans.factory.support.DefaultListableBeanFactory.resolveDependency(DefaultListableBeanFactory.java:1552)
	at org.springframework.beans.factory.support.ConstructorResolver.resolveAutowiredArgument(ConstructorResolver.java:913)
	at org.springframework.beans.factory.support.ConstructorResolver.createArgumentArray(ConstructorResolver.java:791)
	... 54 common frames omitted
Caused by: org.springframework.util.PlaceholderResolutionException: Could not resolve placeholder 'jwt.access-token-validity' in value "${jwt.access-token-validity}"
	at org.springframework.util.PlaceholderResolutionException.withValue(PlaceholderResolutionException.java:81)
	at org.springframework.util.PlaceholderParser$ParsedValue.resolve(PlaceholderParser.java:423)
	at org.springframework.util.PlaceholderParser.replacePlaceholders(PlaceholderParser.java:128)
	at org.springframework.util.PropertyPlaceholderHelper.parseStringValue(PropertyPlaceholderHelper.java:118)
	at org.springframework.util.PropertyPlaceholderHelper.replacePlaceholders(PropertyPlaceholderHelper.java:114)
	at org.springframework.core.env.AbstractPropertyResolver.doResolvePlaceholders(AbstractPropertyResolver.java:255)
	at org.springframework.core.env.AbstractPropertyResolver.resolveRequiredPlaceholders(AbstractPropertyResolver.java:226)
	at org.springframework.context.support.PropertySourcesPlaceholderConfigurer.lambda$processProperties$0(PropertySourcesPlaceholderConfigurer.java:201)
	at org.springframework.beans.factory.support.AbstractBeanFactory.resolveEmbeddedValue(AbstractBeanFactory.java:971)
	at org.springframework.beans.factory.support.DefaultListableBeanFactory.doResolveDependency(DefaultListableBeanFactory.java:1574)
	at org.springframework.beans.factory.support.DefaultListableBeanFactory.resolveDependency(DefaultListableBeanFactory.java:1552)
	at org.springframework.beans.factory.support.ConstructorResolver.resolveAutowiredArgument(ConstructorResolver.java:913)
	at org.springframework.beans.factory.support.ConstructorResolver.createArgumentArray(ConstructorResolver.java:791)
	at org.springframework.beans.factory.support.ConstructorResolver.autowireConstructor(ConstructorResolver.java:240)
	at org.springframework.beans.factory.support.AbstractAutowireCapableBeanFactory.autowireConstructor(AbstractAutowireCapableBeanFactory.java:1381)
	at org.springframework.beans.factory.support.AbstractAutowireCapableBeanFactory.createBeanInstance(AbstractAutowireCapableBeanFactory.java:1218)
	at org.springframework.beans.factory.support.AbstractAutowireCapableBeanFactory.doCreateBean(AbstractAutowireCapableBeanFactory.java:563)
	at org.springframework.beans.factory.support.AbstractAutowireCapableBeanFactory.createBean(AbstractAutowireCapableBeanFactory.java:523)
	... 62 common frames omitted
2026-03-04 12:40:38 INFO  [] [background-preinit] o.h.validator.internal.util.Version : HV000001: Hibernate Validator 8.0.2.Final
2026-03-04 12:40:38 INFO  [] [main] c.p.b.PlanitBaseTemplateApplication : Starting PlanitBaseTemplateApplication using Java 17.0.18 with PID 9888 (C:\barumi\PlanIt-User-svc\build\classes\java\main started by DS23 in C:\barumi\PlanIt-User-svc)
2026-03-04 12:40:38 INFO  [] [main] c.p.b.PlanitBaseTemplateApplication : The following 1 profile is active: "local-no-redis"
2026-03-04 12:40:39 INFO  [] [main] o.s.d.r.c.RepositoryConfigurationDelegate : Multiple Spring Data modules found, entering strict repository configuration mode
2026-03-04 12:40:39 INFO  [] [main] o.s.d.r.c.RepositoryConfigurationDelegate : Bootstrapping Spring Data JPA repositories in DEFAULT mode.
2026-03-04 12:40:39 INFO  [] [main] o.s.d.r.c.RepositoryConfigurationDelegate : Finished Spring Data repository scanning in 18 ms. Found 0 JPA repository interfaces.
2026-03-04 12:40:39 INFO  [] [main] o.s.d.r.c.RepositoryConfigurationDelegate : Multiple Spring Data modules found, entering strict repository configuration mode
2026-03-04 12:40:39 INFO  [] [main] o.s.d.r.c.RepositoryConfigurationDelegate : Bootstrapping Spring Data Redis repositories in DEFAULT mode.
2026-03-04 12:40:39 INFO  [] [main] o.s.d.r.c.RepositoryConfigurationDelegate : Finished Spring Data repository scanning in 1 ms. Found 0 Redis repository interfaces.
2026-03-04 12:40:40 INFO  [] [main] o.s.b.w.e.tomcat.TomcatWebServer : Tomcat initialized with port 8080 (http)
2026-03-04 12:40:40 INFO  [] [main] o.a.coyote.http11.Http11NioProtocol : Initializing ProtocolHandler ["http-nio-8080"]
2026-03-04 12:40:40 INFO  [] [main] o.a.catalina.core.StandardService : Starting service [Tomcat]
2026-03-04 12:40:40 INFO  [] [main] o.a.catalina.core.StandardEngine : Starting Servlet engine: [Apache Tomcat/10.1.36]
2026-03-04 12:40:40 INFO  [] [main] o.a.c.c.C.[Tomcat].[localhost].[/] : Initializing Spring embedded WebApplicationContext
2026-03-04 12:40:40 INFO  [] [main] o.s.b.w.s.c.ServletWebServerApplicationContext : Root WebApplicationContext: initialization completed in 1944 ms
2026-03-04 12:40:40 INFO  [] [main] o.h.jpa.internal.util.LogHelper : HHH000204: Processing PersistenceUnitInfo [name: default]
2026-03-04 12:40:40 INFO  [] [main] org.hibernate.Version : HHH000412: Hibernate ORM core version 6.6.8.Final
2026-03-04 12:40:40 INFO  [] [main] o.h.c.i.RegionFactoryInitiator : HHH000026: Second-level cache disabled
2026-03-04 12:40:40 INFO  [] [main] o.s.o.j.p.SpringPersistenceUnitInfo : No LoadTimeWeaver setup: ignoring JPA class transformer
2026-03-04 12:40:41 INFO  [] [main] com.zaxxer.hikari.HikariDataSource : HikariPool-1 - Starting...
2026-03-04 12:40:41 INFO  [] [main] com.zaxxer.hikari.pool.HikariPool : HikariPool-1 - Added connection org.mariadb.jdbc.Connection@6173863f
2026-03-04 12:40:41 INFO  [] [main] com.zaxxer.hikari.HikariDataSource : HikariPool-1 - Start completed.
2026-03-04 12:40:41 INFO  [] [main] o.hibernate.orm.connections.pooling : HHH10001005: Database info:
	Database JDBC URL [Connecting through datasource 'HikariDataSource (HikariPool-1)']
	Database driver: undefined/unknown
	Database version: 11.8.3
	Autocommit mode: undefined/unknown
	Isolation level: undefined/unknown
	Minimum pool size: undefined/unknown
	Maximum pool size: undefined/unknown
2026-03-04 12:40:41 INFO  [] [main] o.h.e.t.j.p.i.JtaPlatformInitiator : HHH000489: No JTA platform available (set 'hibernate.transaction.jta.platform' to enable JTA platform integration)
2026-03-04 12:40:41 INFO  [] [main] o.s.o.j.LocalContainerEntityManagerFactoryBean : Initialized JPA EntityManagerFactory for persistence unit 'default'
2026-03-04 12:40:41 WARN  [] [main] o.s.b.w.s.c.AnnotationConfigServletWebServerApplicationContext : Exception encountered during context initialization - cancelling refresh attempt: org.springframework.beans.factory.BeanCreationException: Error creating bean with name 'cognitoConfig': Injection of autowired dependencies failed
2026-03-04 12:40:41 INFO  [] [main] o.s.o.j.LocalContainerEntityManagerFactoryBean : Closing JPA EntityManagerFactory for persistence unit 'default'
2026-03-04 12:40:41 INFO  [] [main] com.zaxxer.hikari.HikariDataSource : HikariPool-1 - Shutdown initiated...
2026-03-04 12:40:41 INFO  [] [main] com.zaxxer.hikari.HikariDataSource : HikariPool-1 - Shutdown completed.
2026-03-04 12:40:41 INFO  [] [main] o.a.catalina.core.StandardService : Stopping service [Tomcat]
2026-03-04 12:40:41 INFO  [] [main] o.s.b.a.l.ConditionEvaluationReportLogger : 

Error starting ApplicationContext. To display the condition evaluation report re-run your application with 'debug' enabled.
2026-03-04 12:40:41 ERROR [] [main] o.s.boot.SpringApplication : Application run failed
org.springframework.beans.factory.BeanCreationException: Error creating bean with name 'cognitoConfig': Injection of autowired dependencies failed
	at org.springframework.beans.factory.annotation.AutowiredAnnotationBeanPostProcessor.postProcessProperties(AutowiredAnnotationBeanPostProcessor.java:515)
	at org.springframework.beans.factory.support.AbstractAutowireCapableBeanFactory.populateBean(AbstractAutowireCapableBeanFactory.java:1445)
	at org.springframework.beans.factory.support.AbstractAutowireCapableBeanFactory.doCreateBean(AbstractAutowireCapableBeanFactory.java:600)
	at org.springframework.beans.factory.support.AbstractAutowireCapableBeanFactory.createBean(AbstractAutowireCapableBeanFactory.java:523)
	at org.springframework.beans.factory.support.AbstractBeanFactory.lambda$doGetBean$0(AbstractBeanFactory.java:339)
	at org.springframework.beans.factory.support.DefaultSingletonBeanRegistry.getSingleton(DefaultSingletonBeanRegistry.java:346)
	at org.springframework.beans.factory.support.AbstractBeanFactory.doGetBean(AbstractBeanFactory.java:337)
	at org.springframework.beans.factory.support.AbstractBeanFactory.getBean(AbstractBeanFactory.java:202)
	at org.springframework.beans.factory.support.DefaultListableBeanFactory.instantiateSingleton(DefaultListableBeanFactory.java:1155)
	at org.springframework.beans.factory.support.DefaultListableBeanFactory.preInstantiateSingleton(DefaultListableBeanFactory.java:1121)
	at org.springframework.beans.factory.support.DefaultListableBeanFactory.preInstantiateSingletons(DefaultListableBeanFactory.java:1056)
	at org.springframework.context.support.AbstractApplicationContext.finishBeanFactoryInitialization(AbstractApplicationContext.java:987)
	at org.springframework.context.support.AbstractApplicationContext.refresh(AbstractApplicationContext.java:627)
	at org.springframework.boot.web.servlet.context.ServletWebServerApplicationContext.refresh(ServletWebServerApplicationContext.java:146)
	at org.springframework.boot.SpringApplication.refresh(SpringApplication.java:752)
	at org.springframework.boot.SpringApplication.refreshContext(SpringApplication.java:439)
	at org.springframework.boot.SpringApplication.run(SpringApplication.java:318)
	at org.springframework.boot.SpringApplication.run(SpringApplication.java:1361)
	at org.springframework.boot.SpringApplication.run(SpringApplication.java:1350)
	at com.planit.basetemplate.PlanitBaseTemplateApplication.main(PlanitBaseTemplateApplication.java:20)
Caused by: org.springframework.util.PlaceholderResolutionException: Could not resolve placeholder 'aws.region' in value "${aws.region}"
	at org.springframework.util.PlaceholderResolutionException.withValue(PlaceholderResolutionException.java:81)
	at org.springframework.util.PlaceholderParser$ParsedValue.resolve(PlaceholderParser.java:423)
	at org.springframework.util.PlaceholderParser.replacePlaceholders(PlaceholderParser.java:128)
	at org.springframework.util.PropertyPlaceholderHelper.parseStringValue(PropertyPlaceholderHelper.java:118)
	at org.springframework.util.PropertyPlaceholderHelper.replacePlaceholders(PropertyPlaceholderHelper.java:114)
	at org.springframework.core.env.AbstractPropertyResolver.doResolvePlaceholders(AbstractPropertyResolver.java:255)
	at org.springframework.core.env.AbstractPropertyResolver.resolveRequiredPlaceholders(AbstractPropertyResolver.java:226)
	at org.springframework.context.support.PropertySourcesPlaceholderConfigurer.lambda$processProperties$0(PropertySourcesPlaceholderConfigurer.java:201)
	at org.springframework.beans.factory.support.AbstractBeanFactory.resolveEmbeddedValue(AbstractBeanFactory.java:971)
	at org.springframework.beans.factory.support.DefaultListableBeanFactory.doResolveDependency(DefaultListableBeanFactory.java:1574)
	at org.springframework.beans.factory.support.DefaultListableBeanFactory.resolveDependency(DefaultListableBeanFactory.java:1552)
	at org.springframework.beans.factory.annotation.AutowiredAnnotationBeanPostProcessor$AutowiredFieldElement.resolveFieldValue(AutowiredAnnotationBeanPostProcessor.java:785)
	at org.springframework.beans.factory.annotation.AutowiredAnnotationBeanPostProcessor$AutowiredFieldElement.inject(AutowiredAnnotationBeanPostProcessor.java:768)
	at org.springframework.beans.factory.annotation.InjectionMetadata.inject(InjectionMetadata.java:146)
	at org.springframework.beans.factory.annotation.AutowiredAnnotationBeanPostProcessor.postProcessProperties(AutowiredAnnotationBeanPostProcessor.java:509)
	... 19 common frames omitted
2026-03-04 12:41:54 INFO  [] [background-preinit] o.h.validator.internal.util.Version : HV000001: Hibernate Validator 8.0.2.Final
2026-03-04 12:41:54 INFO  [] [main] c.p.b.PlanitBaseTemplateApplication : Starting PlanitBaseTemplateApplication using Java 17.0.18 with PID 15052 (C:\barumi\PlanIt-User-svc\build\classes\java\main started by DS23 in C:\barumi\PlanIt-User-svc)
2026-03-04 12:41:54 INFO  [] [main] c.p.b.PlanitBaseTemplateApplication : The following 1 profile is active: "local-no-redis"
2026-03-04 12:41:55 INFO  [] [main] o.s.d.r.c.RepositoryConfigurationDelegate : Multiple Spring Data modules found, entering strict repository configuration mode
2026-03-04 12:41:55 INFO  [] [main] o.s.d.r.c.RepositoryConfigurationDelegate : Bootstrapping Spring Data JPA repositories in DEFAULT mode.
2026-03-04 12:41:55 INFO  [] [main] o.s.d.r.c.RepositoryConfigurationDelegate : Finished Spring Data repository scanning in 16 ms. Found 0 JPA repository interfaces.
2026-03-04 12:41:55 INFO  [] [main] o.s.d.r.c.RepositoryConfigurationDelegate : Multiple Spring Data modules found, entering strict repository configuration mode
2026-03-04 12:41:55 INFO  [] [main] o.s.d.r.c.RepositoryConfigurationDelegate : Bootstrapping Spring Data Redis repositories in DEFAULT mode.
2026-03-04 12:41:55 INFO  [] [main] o.s.d.r.c.RepositoryConfigurationDelegate : Finished Spring Data repository scanning in 2 ms. Found 0 Redis repository interfaces.
2026-03-04 12:41:55 INFO  [] [main] o.s.b.w.e.tomcat.TomcatWebServer : Tomcat initialized with port 8080 (http)
2026-03-04 12:41:55 INFO  [] [main] o.a.coyote.http11.Http11NioProtocol : Initializing ProtocolHandler ["http-nio-8080"]
2026-03-04 12:41:55 INFO  [] [main] o.a.catalina.core.StandardService : Starting service [Tomcat]
2026-03-04 12:41:55 INFO  [] [main] o.a.catalina.core.StandardEngine : Starting Servlet engine: [Apache Tomcat/10.1.36]
2026-03-04 12:41:56 INFO  [] [main] o.a.c.c.C.[Tomcat].[localhost].[/] : Initializing Spring embedded WebApplicationContext
2026-03-04 12:41:56 INFO  [] [main] o.s.b.w.s.c.ServletWebServerApplicationContext : Root WebApplicationContext: initialization completed in 1727 ms
2026-03-04 12:41:56 INFO  [] [main] o.h.jpa.internal.util.LogHelper : HHH000204: Processing PersistenceUnitInfo [name: default]
2026-03-04 12:41:56 INFO  [] [main] org.hibernate.Version : HHH000412: Hibernate ORM core version 6.6.8.Final
2026-03-04 12:41:56 INFO  [] [main] o.h.c.i.RegionFactoryInitiator : HHH000026: Second-level cache disabled
2026-03-04 12:41:56 INFO  [] [main] o.s.o.j.p.SpringPersistenceUnitInfo : No LoadTimeWeaver setup: ignoring JPA class transformer
2026-03-04 12:41:56 INFO  [] [main] com.zaxxer.hikari.HikariDataSource : HikariPool-1 - Starting...
2026-03-04 12:41:56 INFO  [] [main] com.zaxxer.hikari.pool.HikariPool : HikariPool-1 - Added connection org.mariadb.jdbc.Connection@52463255
2026-03-04 12:41:56 INFO  [] [main] com.zaxxer.hikari.HikariDataSource : HikariPool-1 - Start completed.
2026-03-04 12:41:56 INFO  [] [main] o.hibernate.orm.connections.pooling : HHH10001005: Database info:
	Database JDBC URL [Connecting through datasource 'HikariDataSource (HikariPool-1)']
	Database driver: undefined/unknown
	Database version: 11.8.3
	Autocommit mode: undefined/unknown
	Isolation level: undefined/unknown
	Minimum pool size: undefined/unknown
	Maximum pool size: undefined/unknown
2026-03-04 12:41:56 INFO  [] [main] o.h.e.t.j.p.i.JtaPlatformInitiator : HHH000489: No JTA platform available (set 'hibernate.transaction.jta.platform' to enable JTA platform integration)
2026-03-04 12:41:56 INFO  [] [main] o.s.o.j.LocalContainerEntityManagerFactoryBean : Initialized JPA EntityManagerFactory for persistence unit 'default'
2026-03-04 12:41:56 WARN  [] [main] o.s.b.w.s.c.AnnotationConfigServletWebServerApplicationContext : Exception encountered during context initialization - cancelling refresh attempt: org.springframework.beans.factory.BeanCreationException: Error creating bean with name 'cognitoConfig': Injection of autowired dependencies failed
2026-03-04 12:41:56 INFO  [] [main] o.s.o.j.LocalContainerEntityManagerFactoryBean : Closing JPA EntityManagerFactory for persistence unit 'default'
2026-03-04 12:41:56 INFO  [] [main] com.zaxxer.hikari.HikariDataSource : HikariPool-1 - Shutdown initiated...
2026-03-04 12:41:56 INFO  [] [main] com.zaxxer.hikari.HikariDataSource : HikariPool-1 - Shutdown completed.
2026-03-04 12:41:56 INFO  [] [main] o.a.catalina.core.StandardService : Stopping service [Tomcat]
2026-03-04 12:41:56 INFO  [] [main] o.s.b.a.l.ConditionEvaluationReportLogger : 

Error starting ApplicationContext. To display the condition evaluation report re-run your application with 'debug' enabled.
2026-03-04 12:41:56 ERROR [] [main] o.s.boot.SpringApplication : Application run failed
org.springframework.beans.factory.BeanCreationException: Error creating bean with name 'cognitoConfig': Injection of autowired dependencies failed
	at org.springframework.beans.factory.annotation.AutowiredAnnotationBeanPostProcessor.postProcessProperties(AutowiredAnnotationBeanPostProcessor.java:515)
	at org.springframework.beans.factory.support.AbstractAutowireCapableBeanFactory.populateBean(AbstractAutowireCapableBeanFactory.java:1445)
	at org.springframework.beans.factory.support.AbstractAutowireCapableBeanFactory.doCreateBean(AbstractAutowireCapableBeanFactory.java:600)
	at org.springframework.beans.factory.support.AbstractAutowireCapableBeanFactory.createBean(AbstractAutowireCapableBeanFactory.java:523)
	at org.springframework.beans.factory.support.AbstractBeanFactory.lambda$doGetBean$0(AbstractBeanFactory.java:339)
	at org.springframework.beans.factory.support.DefaultSingletonBeanRegistry.getSingleton(DefaultSingletonBeanRegistry.java:346)
	at org.springframework.beans.factory.support.AbstractBeanFactory.doGetBean(AbstractBeanFactory.java:337)
	at org.springframework.beans.factory.support.AbstractBeanFactory.getBean(AbstractBeanFactory.java:202)
	at org.springframework.beans.factory.support.DefaultListableBeanFactory.instantiateSingleton(DefaultListableBeanFactory.java:1155)
	at org.springframework.beans.factory.support.DefaultListableBeanFactory.preInstantiateSingleton(DefaultListableBeanFactory.java:1121)
	at org.springframework.beans.factory.support.DefaultListableBeanFactory.preInstantiateSingletons(DefaultListableBeanFactory.java:1056)
	at org.springframework.context.support.AbstractApplicationContext.finishBeanFactoryInitialization(AbstractApplicationContext.java:987)
	at org.springframework.context.support.AbstractApplicationContext.refresh(AbstractApplicationContext.java:627)
	at org.springframework.boot.web.servlet.context.ServletWebServerApplicationContext.refresh(ServletWebServerApplicationContext.java:146)
	at org.springframework.boot.SpringApplication.refresh(SpringApplication.java:752)
	at org.springframework.boot.SpringApplication.refreshContext(SpringApplication.java:439)
	at org.springframework.boot.SpringApplication.run(SpringApplication.java:318)
	at org.springframework.boot.SpringApplication.run(SpringApplication.java:1361)
	at org.springframework.boot.SpringApplication.run(SpringApplication.java:1350)
	at com.planit.basetemplate.PlanitBaseTemplateApplication.main(PlanitBaseTemplateApplication.java:20)
Caused by: org.springframework.util.PlaceholderResolutionException: Could not resolve placeholder 'aws.credentials.access-key' in value "${aws.credentials.access-key}"
	at org.springframework.util.PlaceholderResolutionException.withValue(PlaceholderResolutionException.java:81)
	at org.springframework.util.PlaceholderParser$ParsedValue.resolve(PlaceholderParser.java:423)
	at org.springframework.util.PlaceholderParser.replacePlaceholders(PlaceholderParser.java:128)
	at org.springframework.util.PropertyPlaceholderHelper.parseStringValue(PropertyPlaceholderHelper.java:118)
	at org.springframework.util.PropertyPlaceholderHelper.replacePlaceholders(PropertyPlaceholderHelper.java:114)
	at org.springframework.core.env.AbstractPropertyResolver.doResolvePlaceholders(AbstractPropertyResolver.java:255)
	at org.springframework.core.env.AbstractPropertyResolver.resolveRequiredPlaceholders(AbstractPropertyResolver.java:226)
	at org.springframework.context.support.PropertySourcesPlaceholderConfigurer.lambda$processProperties$0(PropertySourcesPlaceholderConfigurer.java:201)
	at org.springframework.beans.factory.support.AbstractBeanFactory.resolveEmbeddedValue(AbstractBeanFactory.java:971)
	at org.springframework.beans.factory.support.DefaultListableBeanFactory.doResolveDependency(DefaultListableBeanFactory.java:1574)
	at org.springframework.beans.factory.support.DefaultListableBeanFactory.resolveDependency(DefaultListableBeanFactory.java:1552)
	at org.springframework.beans.factory.annotation.AutowiredAnnotationBeanPostProcessor$AutowiredFieldElement.resolveFieldValue(AutowiredAnnotationBeanPostProcessor.java:785)
	at org.springframework.beans.factory.annotation.AutowiredAnnotationBeanPostProcessor$AutowiredFieldElement.inject(AutowiredAnnotationBeanPostProcessor.java:768)
	at org.springframework.beans.factory.annotation.InjectionMetadata.inject(InjectionMetadata.java:146)
	at org.springframework.beans.factory.annotation.AutowiredAnnotationBeanPostProcessor.postProcessProperties(AutowiredAnnotationBeanPostProcessor.java:509)
	... 19 common frames omitted
2026-03-04 12:42:55 INFO  [] [background-preinit] o.h.validator.internal.util.Version : HV000001: Hibernate Validator 8.0.2.Final
2026-03-04 12:42:55 INFO  [] [main] c.p.b.PlanitBaseTemplateApplication : Starting PlanitBaseTemplateApplication using Java 17.0.18 with PID 18300 (C:\barumi\PlanIt-User-svc\build\classes\java\main started by DS23 in C:\barumi\PlanIt-User-svc)
2026-03-04 12:42:55 INFO  [] [main] c.p.b.PlanitBaseTemplateApplication : The following 1 profile is active: "local-no-redis"
2026-03-04 12:42:56 INFO  [] [main] o.s.d.r.c.RepositoryConfigurationDelegate : Multiple Spring Data modules found, entering strict repository configuration mode
2026-03-04 12:42:56 INFO  [] [main] o.s.d.r.c.RepositoryConfigurationDelegate : Bootstrapping Spring Data JPA repositories in DEFAULT mode.
2026-03-04 12:42:56 INFO  [] [main] o.s.d.r.c.RepositoryConfigurationDelegate : Finished Spring Data repository scanning in 19 ms. Found 0 JPA repository interfaces.
2026-03-04 12:42:56 INFO  [] [main] o.s.d.r.c.RepositoryConfigurationDelegate : Multiple Spring Data modules found, entering strict repository configuration mode
2026-03-04 12:42:56 INFO  [] [main] o.s.d.r.c.RepositoryConfigurationDelegate : Bootstrapping Spring Data Redis repositories in DEFAULT mode.
2026-03-04 12:42:56 INFO  [] [main] o.s.d.r.c.RepositoryConfigurationDelegate : Finished Spring Data repository scanning in 2 ms. Found 0 Redis repository interfaces.
2026-03-04 12:42:56 INFO  [] [main] o.s.b.w.e.tomcat.TomcatWebServer : Tomcat initialized with port 8080 (http)
2026-03-04 12:42:56 INFO  [] [main] o.a.coyote.http11.Http11NioProtocol : Initializing ProtocolHandler ["http-nio-8080"]
2026-03-04 12:42:56 INFO  [] [main] o.a.catalina.core.StandardService : Starting service [Tomcat]
2026-03-04 12:42:56 INFO  [] [main] o.a.catalina.core.StandardEngine : Starting Servlet engine: [Apache Tomcat/10.1.36]
2026-03-04 12:42:56 INFO  [] [main] o.a.c.c.C.[Tomcat].[localhost].[/] : Initializing Spring embedded WebApplicationContext
2026-03-04 12:42:56 INFO  [] [main] o.s.b.w.s.c.ServletWebServerApplicationContext : Root WebApplicationContext: initialization completed in 1735 ms
2026-03-04 12:42:57 INFO  [] [main] o.h.jpa.internal.util.LogHelper : HHH000204: Processing PersistenceUnitInfo [name: default]
2026-03-04 12:42:57 INFO  [] [main] org.hibernate.Version : HHH000412: Hibernate ORM core version 6.6.8.Final
2026-03-04 12:42:57 INFO  [] [main] o.h.c.i.RegionFactoryInitiator : HHH000026: Second-level cache disabled
2026-03-04 12:42:57 INFO  [] [main] o.s.o.j.p.SpringPersistenceUnitInfo : No LoadTimeWeaver setup: ignoring JPA class transformer
2026-03-04 12:42:57 INFO  [] [main] com.zaxxer.hikari.HikariDataSource : HikariPool-1 - Starting...
2026-03-04 12:42:57 INFO  [] [main] com.zaxxer.hikari.pool.HikariPool : HikariPool-1 - Added connection org.mariadb.jdbc.Connection@912a644
2026-03-04 12:42:57 INFO  [] [main] com.zaxxer.hikari.HikariDataSource : HikariPool-1 - Start completed.
2026-03-04 12:42:57 INFO  [] [main] o.hibernate.orm.connections.pooling : HHH10001005: Database info:
	Database JDBC URL [Connecting through datasource 'HikariDataSource (HikariPool-1)']
	Database driver: undefined/unknown
	Database version: 11.8.3
	Autocommit mode: undefined/unknown
	Isolation level: undefined/unknown
	Minimum pool size: undefined/unknown
	Maximum pool size: undefined/unknown
2026-03-04 12:42:58 INFO  [] [main] o.h.e.t.j.p.i.JtaPlatformInitiator : HHH000489: No JTA platform available (set 'hibernate.transaction.jta.platform' to enable JTA platform integration)
2026-03-04 12:42:58 INFO  [] [main] o.s.o.j.LocalContainerEntityManagerFactoryBean : Initialized JPA EntityManagerFactory for persistence unit 'default'
2026-03-04 12:42:58 WARN  [] [main] o.s.b.w.s.c.AnnotationConfigServletWebServerApplicationContext : Exception encountered during context initialization - cancelling refresh attempt: org.springframework.beans.factory.UnsatisfiedDependencyException: Error creating bean with name 'authController' defined in file [C:\barumi\PlanIt-User-svc\build\classes\java\main\com\planit\userservice\controller\AuthController.class]: Unsatisfied dependency expressed through constructor parameter 0: Error creating bean with name 'authService' defined in file [C:\barumi\PlanIt-User-svc\build\classes\java\main\com\planit\userservice\service\AuthService.class]: Unsatisfied dependency expressed through constructor parameter 0: No qualifying bean of type 'com.planit.userservice.repository.UserRepository' available: expected at least 1 bean which qualifies as autowire candidate. Dependency annotations: {}
2026-03-04 12:42:58 INFO  [] [main] o.s.o.j.LocalContainerEntityManagerFactoryBean : Closing JPA EntityManagerFactory for persistence unit 'default'
2026-03-04 12:42:58 INFO  [] [main] com.zaxxer.hikari.HikariDataSource : HikariPool-1 - Shutdown initiated...
2026-03-04 12:42:58 INFO  [] [main] com.zaxxer.hikari.HikariDataSource : HikariPool-1 - Shutdown completed.
2026-03-04 12:42:58 INFO  [] [main] o.a.catalina.core.StandardService : Stopping service [Tomcat]
2026-03-04 12:42:58 INFO  [] [main] o.s.b.a.l.ConditionEvaluationReportLogger : 

Error starting ApplicationContext. To display the condition evaluation report re-run your application with 'debug' enabled.
2026-03-04 12:42:58 ERROR [] [main] o.s.b.d.LoggingFailureAnalysisReporter : 

***************************
APPLICATION FAILED TO START
***************************

Description:

Parameter 0 of constructor in com.planit.userservice.service.AuthService required a bean of type 'com.planit.userservice.repository.UserRepository' that could not be found.


Action:

Consider defining a bean of type 'com.planit.userservice.repository.UserRepository' in your configuration.

2026-03-04 12:45:28 INFO  [] [background-preinit] o.h.validator.internal.util.Version : HV000001: Hibernate Validator 8.0.2.Final
2026-03-04 12:45:28 INFO  [] [main] c.p.b.PlanitBaseTemplateApplication : Starting PlanitBaseTemplateApplication using Java 17.0.18 with PID 16632 (C:\barumi\PlanIt-User-svc\build\classes\java\main started by DS23 in C:\barumi\PlanIt-User-svc)
2026-03-04 12:45:28 INFO  [] [main] c.p.b.PlanitBaseTemplateApplication : The following 1 profile is active: "local-no-redis"
2026-03-04 12:45:29 INFO  [] [main] o.s.d.r.c.RepositoryConfigurationDelegate : Multiple Spring Data modules found, entering strict repository configuration mode
2026-03-04 12:45:29 INFO  [] [main] o.s.d.r.c.RepositoryConfigurationDelegate : Bootstrapping Spring Data JPA repositories in DEFAULT mode.
2026-03-04 12:45:29 INFO  [] [main] o.s.d.r.c.RepositoryConfigurationDelegate : Finished Spring Data repository scanning in 120 ms. Found 6 JPA repository interfaces.
2026-03-04 12:45:29 INFO  [] [main] o.s.d.r.c.RepositoryConfigurationDelegate : Multiple Spring Data modules found, entering strict repository configuration mode
2026-03-04 12:45:29 INFO  [] [main] o.s.d.r.c.RepositoryConfigurationDelegate : Bootstrapping Spring Data Redis repositories in DEFAULT mode.
2026-03-04 12:45:29 INFO  [] [main] o.s.d.r.c.RepositoryConfigurationDelegate : Finished Spring Data repository scanning in 2 ms. Found 0 Redis repository interfaces.
2026-03-04 12:45:30 INFO  [] [main] o.s.b.w.e.tomcat.TomcatWebServer : Tomcat initialized with port 8080 (http)
2026-03-04 12:45:30 INFO  [] [main] o.a.coyote.http11.Http11NioProtocol : Initializing ProtocolHandler ["http-nio-8080"]
2026-03-04 12:45:30 INFO  [] [main] o.a.catalina.core.StandardService : Starting service [Tomcat]
2026-03-04 12:45:30 INFO  [] [main] o.a.catalina.core.StandardEngine : Starting Servlet engine: [Apache Tomcat/10.1.36]
2026-03-04 12:45:30 INFO  [] [main] o.a.c.c.C.[Tomcat].[localhost].[/] : Initializing Spring embedded WebApplicationContext
2026-03-04 12:45:30 INFO  [] [main] o.s.b.w.s.c.ServletWebServerApplicationContext : Root WebApplicationContext: initialization completed in 1919 ms
2026-03-04 12:45:31 INFO  [] [main] o.h.jpa.internal.util.LogHelper : HHH000204: Processing PersistenceUnitInfo [name: default]
2026-03-04 12:45:31 INFO  [] [main] org.hibernate.Version : HHH000412: Hibernate ORM core version 6.6.8.Final
2026-03-04 12:45:31 INFO  [] [main] o.h.c.i.RegionFactoryInitiator : HHH000026: Second-level cache disabled
2026-03-04 12:45:31 INFO  [] [main] o.s.o.j.p.SpringPersistenceUnitInfo : No LoadTimeWeaver setup: ignoring JPA class transformer
2026-03-04 12:45:31 INFO  [] [main] com.zaxxer.hikari.HikariDataSource : HikariPool-1 - Starting...
2026-03-04 12:45:31 INFO  [] [main] com.zaxxer.hikari.pool.HikariPool : HikariPool-1 - Added connection org.mariadb.jdbc.Connection@1cd2e348
2026-03-04 12:45:31 INFO  [] [main] com.zaxxer.hikari.HikariDataSource : HikariPool-1 - Start completed.
2026-03-04 12:45:31 INFO  [] [main] o.hibernate.orm.connections.pooling : HHH10001005: Database info:
	Database JDBC URL [Connecting through datasource 'HikariDataSource (HikariPool-1)']
	Database driver: undefined/unknown
	Database version: 11.8.3
	Autocommit mode: undefined/unknown
	Isolation level: undefined/unknown
	Minimum pool size: undefined/unknown
	Maximum pool size: undefined/unknown
2026-03-04 12:45:31 INFO  [] [main] o.h.e.t.j.p.i.JtaPlatformInitiator : HHH000489: No JTA platform available (set 'hibernate.transaction.jta.platform' to enable JTA platform integration)
2026-03-04 12:45:31 INFO  [] [main] o.s.o.j.LocalContainerEntityManagerFactoryBean : Initialized JPA EntityManagerFactory for persistence unit 'default'
2026-03-04 12:45:32 WARN  [] [main] o.s.b.w.s.c.AnnotationConfigServletWebServerApplicationContext : Exception encountered during context initialization - cancelling refresh attempt: org.springframework.beans.factory.UnsatisfiedDependencyException: Error creating bean with name 'authController' defined in file [C:\barumi\PlanIt-User-svc\build\classes\java\main\com\planit\userservice\controller\AuthController.class]: Unsatisfied dependency expressed through constructor parameter 0: Error creating bean with name 'authService' defined in file [C:\barumi\PlanIt-User-svc\build\classes\java\main\com\planit\userservice\service\AuthService.class]: Unsatisfied dependency expressed through constructor parameter 0: Error creating bean with name 'userRepository' defined in com.planit.userservice.repository.UserRepository defined in @EnableJpaRepositories declared on PlanitBaseTemplateApplication: Not a managed type: class com.planit.userservice.entity.UserEntity
2026-03-04 12:45:32 INFO  [] [main] o.s.o.j.LocalContainerEntityManagerFactoryBean : Closing JPA EntityManagerFactory for persistence unit 'default'
2026-03-04 12:45:32 INFO  [] [main] com.zaxxer.hikari.HikariDataSource : HikariPool-1 - Shutdown initiated...
2026-03-04 12:45:32 INFO  [] [main] com.zaxxer.hikari.HikariDataSource : HikariPool-1 - Shutdown completed.
2026-03-04 12:45:32 INFO  [] [main] o.a.catalina.core.StandardService : Stopping service [Tomcat]
2026-03-04 12:45:32 INFO  [] [main] o.s.b.a.l.ConditionEvaluationReportLogger : 

Error starting ApplicationContext. To display the condition evaluation report re-run your application with 'debug' enabled.
2026-03-04 12:45:32 ERROR [] [main] o.s.boot.SpringApplication : Application run failed
org.springframework.beans.factory.UnsatisfiedDependencyException: Error creating bean with name 'authController' defined in file [C:\barumi\PlanIt-User-svc\build\classes\java\main\com\planit\userservice\controller\AuthController.class]: Unsatisfied dependency expressed through constructor parameter 0: Error creating bean with name 'authService' defined in file [C:\barumi\PlanIt-User-svc\build\classes\java\main\com\planit\userservice\service\AuthService.class]: Unsatisfied dependency expressed through constructor parameter 0: Error creating bean with name 'userRepository' defined in com.planit.userservice.repository.UserRepository defined in @EnableJpaRepositories declared on PlanitBaseTemplateApplication: Not a managed type: class com.planit.userservice.entity.UserEntity
	at org.springframework.beans.factory.support.ConstructorResolver.createArgumentArray(ConstructorResolver.java:804)
	at org.springframework.beans.factory.support.ConstructorResolver.autowireConstructor(ConstructorResolver.java:240)
	at org.springframework.beans.factory.support.AbstractAutowireCapableBeanFactory.autowireConstructor(AbstractAutowireCapableBeanFactory.java:1381)
	at org.springframework.beans.factory.support.AbstractAutowireCapableBeanFactory.createBeanInstance(AbstractAutowireCapableBeanFactory.java:1218)
	at org.springframework.beans.factory.support.AbstractAutowireCapableBeanFactory.doCreateBean(AbstractAutowireCapableBeanFactory.java:563)
	at org.springframework.beans.factory.support.AbstractAutowireCapableBeanFactory.createBean(AbstractAutowireCapableBeanFactory.java:523)
	at org.springframework.beans.factory.support.AbstractBeanFactory.lambda$doGetBean$0(AbstractBeanFactory.java:339)
	at org.springframework.beans.factory.support.DefaultSingletonBeanRegistry.getSingleton(DefaultSingletonBeanRegistry.java:346)
	at org.springframework.beans.factory.support.AbstractBeanFactory.doGetBean(AbstractBeanFactory.java:337)
	at org.springframework.beans.factory.support.AbstractBeanFactory.getBean(AbstractBeanFactory.java:202)
	at org.springframework.beans.factory.support.DefaultListableBeanFactory.instantiateSingleton(DefaultListableBeanFactory.java:1155)
	at org.springframework.beans.factory.support.DefaultListableBeanFactory.preInstantiateSingleton(DefaultListableBeanFactory.java:1121)
	at org.springframework.beans.factory.support.DefaultListableBeanFactory.preInstantiateSingletons(DefaultListableBeanFactory.java:1056)
	at org.springframework.context.support.AbstractApplicationContext.finishBeanFactoryInitialization(AbstractApplicationContext.java:987)
	at org.springframework.context.support.AbstractApplicationContext.refresh(AbstractApplicationContext.java:627)
	at org.springframework.boot.web.servlet.context.ServletWebServerApplicationContext.refresh(ServletWebServerApplicationContext.java:146)
	at org.springframework.boot.SpringApplication.refresh(SpringApplication.java:752)
	at org.springframework.boot.SpringApplication.refreshContext(SpringApplication.java:439)
	at org.springframework.boot.SpringApplication.run(SpringApplication.java:318)
	at org.springframework.boot.SpringApplication.run(SpringApplication.java:1361)
	at org.springframework.boot.SpringApplication.run(SpringApplication.java:1350)
	at com.planit.basetemplate.PlanitBaseTemplateApplication.main(PlanitBaseTemplateApplication.java:16)
Caused by: org.springframework.beans.factory.UnsatisfiedDependencyException: Error creating bean with name 'authService' defined in file [C:\barumi\PlanIt-User-svc\build\classes\java\main\com\planit\userservice\service\AuthService.class]: Unsatisfied dependency expressed through constructor parameter 0: Error creating bean with name 'userRepository' defined in com.planit.userservice.repository.UserRepository defined in @EnableJpaRepositories declared on PlanitBaseTemplateApplication: Not a managed type: class com.planit.userservice.entity.UserEntity
	at org.springframework.beans.factory.support.ConstructorResolver.createArgumentArray(ConstructorResolver.java:804)
	at org.springframework.beans.factory.support.ConstructorResolver.autowireConstructor(ConstructorResolver.java:240)
	at org.springframework.beans.factory.support.AbstractAutowireCapableBeanFactory.autowireConstructor(AbstractAutowireCapableBeanFactory.java:1381)
	at org.springframework.beans.factory.support.AbstractAutowireCapableBeanFactory.createBeanInstance(AbstractAutowireCapableBeanFactory.java:1218)
	at org.springframework.beans.factory.support.AbstractAutowireCapableBeanFactory.doCreateBean(AbstractAutowireCapableBeanFactory.java:563)
	at org.springframework.beans.factory.support.AbstractAutowireCapableBeanFactory.createBean(AbstractAutowireCapableBeanFactory.java:523)
	at org.springframework.beans.factory.support.AbstractBeanFactory.lambda$doGetBean$0(AbstractBeanFactory.java:339)
	at org.springframework.beans.factory.support.DefaultSingletonBeanRegistry.getSingleton(DefaultSingletonBeanRegistry.java:346)
	at org.springframework.beans.factory.support.AbstractBeanFactory.doGetBean(AbstractBeanFactory.java:337)
	at org.springframework.beans.factory.support.AbstractBeanFactory.getBean(AbstractBeanFactory.java:202)
	at org.springframework.beans.factory.support.DefaultListableBeanFactory.doResolveDependency(DefaultListableBeanFactory.java:1606)
	at org.springframework.beans.factory.support.DefaultListableBeanFactory.resolveDependency(DefaultListableBeanFactory.java:1552)
	at org.springframework.beans.factory.support.ConstructorResolver.resolveAutowiredArgument(ConstructorResolver.java:913)
	at org.springframework.beans.factory.support.ConstructorResolver.createArgumentArray(ConstructorResolver.java:791)
	... 21 common frames omitted
Caused by: org.springframework.beans.factory.BeanCreationException: Error creating bean with name 'userRepository' defined in com.planit.userservice.repository.UserRepository defined in @EnableJpaRepositories declared on PlanitBaseTemplateApplication: Not a managed type: class com.planit.userservice.entity.UserEntity
	at org.springframework.beans.factory.support.AbstractAutowireCapableBeanFactory.initializeBean(AbstractAutowireCapableBeanFactory.java:1812)
	at org.springframework.beans.factory.support.AbstractAutowireCapableBeanFactory.doCreateBean(AbstractAutowireCapableBeanFactory.java:601)
	at org.springframework.beans.factory.support.AbstractAutowireCapableBeanFactory.createBean(AbstractAutowireCapableBeanFactory.java:523)
	at org.springframework.beans.factory.support.AbstractBeanFactory.lambda$doGetBean$0(AbstractBeanFactory.java:339)
	at org.springframework.beans.factory.support.DefaultSingletonBeanRegistry.getSingleton(DefaultSingletonBeanRegistry.java:346)
	at org.springframework.beans.factory.support.AbstractBeanFactory.doGetBean(AbstractBeanFactory.java:337)
	at org.springframework.beans.factory.support.AbstractBeanFactory.getBean(AbstractBeanFactory.java:202)
	at org.springframework.beans.factory.support.DefaultListableBeanFactory.doResolveDependency(DefaultListableBeanFactory.java:1606)
	at org.springframework.beans.factory.support.DefaultListableBeanFactory.resolveDependency(DefaultListableBeanFactory.java:1552)
	at org.springframework.beans.factory.support.ConstructorResolver.resolveAutowiredArgument(ConstructorResolver.java:913)
	at org.springframework.beans.factory.support.ConstructorResolver.createArgumentArray(ConstructorResolver.java:791)
	... 34 common frames omitted
Caused by: java.lang.IllegalArgumentException: Not a managed type: class com.planit.userservice.entity.UserEntity
	at org.hibernate.metamodel.model.domain.internal.JpaMetamodelImpl.managedType(JpaMetamodelImpl.java:223)
	at org.hibernate.metamodel.model.domain.internal.MappingMetamodelImpl.managedType(MappingMetamodelImpl.java:470)
	at org.hibernate.metamodel.model.domain.internal.MappingMetamodelImpl.managedType(MappingMetamodelImpl.java:100)
	at org.springframework.data.jpa.repository.support.JpaMetamodelEntityInformation.<init>(JpaMetamodelEntityInformation.java:82)
	at org.springframework.data.jpa.repository.support.JpaEntityInformationSupport.getEntityInformation(JpaEntityInformationSupport.java:69)
	at org.springframework.data.jpa.repository.support.JpaRepositoryFactory.getEntityInformation(JpaRepositoryFactory.java:251)
	at org.springframework.data.jpa.repository.support.JpaRepositoryFactory.getTargetRepository(JpaRepositoryFactory.java:215)
	at org.springframework.data.jpa.repository.support.JpaRepositoryFactory.getTargetRepository(JpaRepositoryFactory.java:198)
	at org.springframework.data.jpa.repository.support.JpaRepositoryFactory.getTargetRepository(JpaRepositoryFactory.java:1)
	at org.springframework.data.repository.core.support.RepositoryFactorySupport.getRepository(RepositoryFactorySupport.java:386)
	at org.springframework.data.repository.core.support.RepositoryFactoryBeanSupport.lambda$afterPropertiesSet$4(RepositoryFactoryBeanSupport.java:350)
	at org.springframework.data.util.Lazy.getNullable(Lazy.java:135)
	at org.springframework.data.util.Lazy.get(Lazy.java:113)
	at org.springframework.data.repository.core.support.RepositoryFactoryBeanSupport.afterPropertiesSet(RepositoryFactoryBeanSupport.java:356)
	at org.springframework.data.jpa.repository.support.JpaRepositoryFactoryBean.afterPropertiesSet(JpaRepositoryFactoryBean.java:132)
	at org.springframework.beans.factory.support.AbstractAutowireCapableBeanFactory.invokeInitMethods(AbstractAutowireCapableBeanFactory.java:1859)
	at org.springframework.beans.factory.support.AbstractAutowireCapableBeanFactory.initializeBean(AbstractAutowireCapableBeanFactory.java:1808)
	... 44 common frames omitted
2026-03-04 12:48:10 INFO  [] [background-preinit] o.h.validator.internal.util.Version : HV000001: Hibernate Validator 8.0.2.Final
2026-03-04 12:48:10 INFO  [] [main] c.p.b.PlanitBaseTemplateApplication : Starting PlanitBaseTemplateApplication using Java 17.0.18 with PID 24832 (C:\barumi\PlanIt-User-svc\build\classes\java\main started by DS23 in C:\barumi\PlanIt-User-svc)
2026-03-04 12:48:10 INFO  [] [main] c.p.b.PlanitBaseTemplateApplication : The following 1 profile is active: "local-no-redis"
2026-03-04 12:48:10 INFO  [] [main] o.s.d.r.c.RepositoryConfigurationDelegate : Multiple Spring Data modules found, entering strict repository configuration mode
2026-03-04 12:48:10 INFO  [] [main] o.s.d.r.c.RepositoryConfigurationDelegate : Bootstrapping Spring Data JPA repositories in DEFAULT mode.
2026-03-04 12:48:11 INFO  [] [main] o.s.d.r.c.RepositoryConfigurationDelegate : Finished Spring Data repository scanning in 118 ms. Found 6 JPA repository interfaces.
2026-03-04 12:48:11 INFO  [] [main] o.s.d.r.c.RepositoryConfigurationDelegate : Multiple Spring Data modules found, entering strict repository configuration mode
2026-03-04 12:48:11 INFO  [] [main] o.s.d.r.c.RepositoryConfigurationDelegate : Bootstrapping Spring Data Redis repositories in DEFAULT mode.
2026-03-04 12:48:11 INFO  [] [main] o.s.d.r.c.RepositoryConfigurationDelegate : Finished Spring Data repository scanning in 3 ms. Found 0 Redis repository interfaces.
2026-03-04 12:48:12 INFO  [] [main] o.s.b.w.e.tomcat.TomcatWebServer : Tomcat initialized with port 8080 (http)
2026-03-04 12:48:12 INFO  [] [main] o.a.coyote.http11.Http11NioProtocol : Initializing ProtocolHandler ["http-nio-8080"]
2026-03-04 12:48:12 INFO  [] [main] o.a.catalina.core.StandardService : Starting service [Tomcat]
2026-03-04 12:48:12 INFO  [] [main] o.a.catalina.core.StandardEngine : Starting Servlet engine: [Apache Tomcat/10.1.36]
2026-03-04 12:48:12 INFO  [] [main] o.a.c.c.C.[Tomcat].[localhost].[/] : Initializing Spring embedded WebApplicationContext
2026-03-04 12:48:12 INFO  [] [main] o.s.b.w.s.c.ServletWebServerApplicationContext : Root WebApplicationContext: initialization completed in 1958 ms
2026-03-04 12:48:12 INFO  [] [main] o.h.jpa.internal.util.LogHelper : HHH000204: Processing PersistenceUnitInfo [name: default]
2026-03-04 12:48:12 INFO  [] [main] org.hibernate.Version : HHH000412: Hibernate ORM core version 6.6.8.Final
2026-03-04 12:48:12 INFO  [] [main] o.h.c.i.RegionFactoryInitiator : HHH000026: Second-level cache disabled
2026-03-04 12:48:12 INFO  [] [main] o.s.o.j.p.SpringPersistenceUnitInfo : No LoadTimeWeaver setup: ignoring JPA class transformer
2026-03-04 12:48:12 INFO  [] [main] com.zaxxer.hikari.HikariDataSource : HikariPool-1 - Starting...
2026-03-04 12:48:13 INFO  [] [main] com.zaxxer.hikari.pool.HikariPool : HikariPool-1 - Added connection org.mariadb.jdbc.Connection@140cfc5f
2026-03-04 12:48:13 INFO  [] [main] com.zaxxer.hikari.HikariDataSource : HikariPool-1 - Start completed.
2026-03-04 12:48:13 INFO  [] [main] o.hibernate.orm.connections.pooling : HHH10001005: Database info:
	Database JDBC URL [Connecting through datasource 'HikariDataSource (HikariPool-1)']
	Database driver: undefined/unknown
	Database version: 11.8.3
	Autocommit mode: undefined/unknown
	Isolation level: undefined/unknown
	Minimum pool size: undefined/unknown
	Maximum pool size: undefined/unknown
2026-03-04 12:48:14 INFO  [] [main] o.h.e.t.j.p.i.JtaPlatformInitiator : HHH000489: No JTA platform available (set 'hibernate.transaction.jta.platform' to enable JTA platform integration)
2026-03-04 12:48:14 INFO  [] [main] o.s.o.j.LocalContainerEntityManagerFactoryBean : Initialized JPA EntityManagerFactory for persistence unit 'default'
2026-03-04 12:48:14 INFO  [] [main] o.s.d.j.r.query.QueryEnhancerFactory : Hibernate is in classpath; If applicable, HQL parser will be used.
2026-03-04 12:48:15 WARN  [] [main] o.s.b.w.s.c.AnnotationConfigServletWebServerApplicationContext : Exception encountered during context initialization - cancelling refresh attempt: org.springframework.beans.factory.UnsatisfiedDependencyException: Error creating bean with name 'authController' defined in file [C:\barumi\PlanIt-User-svc\build\classes\java\main\com\planit\userservice\controller\AuthController.class]: Unsatisfied dependency expressed through constructor parameter 0: Error creating bean with name 'authService' defined in file [C:\barumi\PlanIt-User-svc\build\classes\java\main\com\planit\userservice\service\AuthService.class]: Unsatisfied dependency expressed through constructor parameter 2: Error creating bean with name 'userAgreementRepository' defined in com.planit.userservice.repository.UserAgreementRepository defined in @EnableJpaRepositories declared on PlanitBaseTemplateApplication: Could not create query for public abstract java.util.List com.planit.userservice.repository.UserAgreementRepository.findByUserIdAndTermId(java.lang.String,java.lang.Integer); Reason: Failed to create query for method public abstract java.util.List com.planit.userservice.repository.UserAgreementRepository.findByUserIdAndTermId(java.lang.String,java.lang.Integer); No property 'id' found for type 'TermEntity'; Traversed path: UserAgreementEntity.term
2026-03-04 12:48:15 INFO  [] [main] o.s.o.j.LocalContainerEntityManagerFactoryBean : Closing JPA EntityManagerFactory for persistence unit 'default'
2026-03-04 12:48:15 INFO  [] [main] com.zaxxer.hikari.HikariDataSource : HikariPool-1 - Shutdown initiated...
2026-03-04 12:48:15 INFO  [] [main] com.zaxxer.hikari.HikariDataSource : HikariPool-1 - Shutdown completed.
2026-03-04 12:48:15 INFO  [] [main] o.a.catalina.core.StandardService : Stopping service [Tomcat]
2026-03-04 12:48:15 INFO  [] [main] o.s.b.a.l.ConditionEvaluationReportLogger : 

Error starting ApplicationContext. To display the condition evaluation report re-run your application with 'debug' enabled.
2026-03-04 12:48:15 ERROR [] [main] o.s.boot.SpringApplication : Application run failed
org.springframework.beans.factory.UnsatisfiedDependencyException: Error creating bean with name 'authController' defined in file [C:\barumi\PlanIt-User-svc\build\classes\java\main\com\planit\userservice\controller\AuthController.class]: Unsatisfied dependency expressed through constructor parameter 0: Error creating bean with name 'authService' defined in file [C:\barumi\PlanIt-User-svc\build\classes\java\main\com\planit\userservice\service\AuthService.class]: Unsatisfied dependency expressed through constructor parameter 2: Error creating bean with name 'userAgreementRepository' defined in com.planit.userservice.repository.UserAgreementRepository defined in @EnableJpaRepositories declared on PlanitBaseTemplateApplication: Could not create query for public abstract java.util.List com.planit.userservice.repository.UserAgreementRepository.findByUserIdAndTermId(java.lang.String,java.lang.Integer); Reason: Failed to create query for method public abstract java.util.List com.planit.userservice.repository.UserAgreementRepository.findByUserIdAndTermId(java.lang.String,java.lang.Integer); No property 'id' found for type 'TermEntity'; Traversed path: UserAgreementEntity.term
	at org.springframework.beans.factory.support.ConstructorResolver.createArgumentArray(ConstructorResolver.java:804)
	at org.springframework.beans.factory.support.ConstructorResolver.autowireConstructor(ConstructorResolver.java:240)
	at org.springframework.beans.factory.support.AbstractAutowireCapableBeanFactory.autowireConstructor(AbstractAutowireCapableBeanFactory.java:1381)
	at org.springframework.beans.factory.support.AbstractAutowireCapableBeanFactory.createBeanInstance(AbstractAutowireCapableBeanFactory.java:1218)
	at org.springframework.beans.factory.support.AbstractAutowireCapableBeanFactory.doCreateBean(AbstractAutowireCapableBeanFactory.java:563)
	at org.springframework.beans.factory.support.AbstractAutowireCapableBeanFactory.createBean(AbstractAutowireCapableBeanFactory.java:523)
	at org.springframework.beans.factory.support.AbstractBeanFactory.lambda$doGetBean$0(AbstractBeanFactory.java:339)
	at org.springframework.beans.factory.support.DefaultSingletonBeanRegistry.getSingleton(DefaultSingletonBeanRegistry.java:346)
	at org.springframework.beans.factory.support.AbstractBeanFactory.doGetBean(AbstractBeanFactory.java:337)
	at org.springframework.beans.factory.support.AbstractBeanFactory.getBean(AbstractBeanFactory.java:202)
	at org.springframework.beans.factory.support.DefaultListableBeanFactory.instantiateSingleton(DefaultListableBeanFactory.java:1155)
	at org.springframework.beans.factory.support.DefaultListableBeanFactory.preInstantiateSingleton(DefaultListableBeanFactory.java:1121)
	at org.springframework.beans.factory.support.DefaultListableBeanFactory.preInstantiateSingletons(DefaultListableBeanFactory.java:1056)
	at org.springframework.context.support.AbstractApplicationContext.finishBeanFactoryInitialization(AbstractApplicationContext.java:987)
	at org.springframework.context.support.AbstractApplicationContext.refresh(AbstractApplicationContext.java:627)
	at org.springframework.boot.web.servlet.context.ServletWebServerApplicationContext.refresh(ServletWebServerApplicationContext.java:146)
	at org.springframework.boot.SpringApplication.refresh(SpringApplication.java:752)
	at org.springframework.boot.SpringApplication.refreshContext(SpringApplication.java:439)
	at org.springframework.boot.SpringApplication.run(SpringApplication.java:318)
	at org.springframework.boot.SpringApplication.run(SpringApplication.java:1361)
	at org.springframework.boot.SpringApplication.run(SpringApplication.java:1350)
	at com.planit.basetemplate.PlanitBaseTemplateApplication.main(PlanitBaseTemplateApplication.java:18)
Caused by: org.springframework.beans.factory.UnsatisfiedDependencyException: Error creating bean with name 'authService' defined in file [C:\barumi\PlanIt-User-svc\build\classes\java\main\com\planit\userservice\service\AuthService.class]: Unsatisfied dependency expressed through constructor parameter 2: Error creating bean with name 'userAgreementRepository' defined in com.planit.userservice.repository.UserAgreementRepository defined in @EnableJpaRepositories declared on PlanitBaseTemplateApplication: Could not create query for public abstract java.util.List com.planit.userservice.repository.UserAgreementRepository.findByUserIdAndTermId(java.lang.String,java.lang.Integer); Reason: Failed to create query for method public abstract java.util.List com.planit.userservice.repository.UserAgreementRepository.findByUserIdAndTermId(java.lang.String,java.lang.Integer); No property 'id' found for type 'TermEntity'; Traversed path: UserAgreementEntity.term
	at org.springframework.beans.factory.support.ConstructorResolver.createArgumentArray(ConstructorResolver.java:804)
	at org.springframework.beans.factory.support.ConstructorResolver.autowireConstructor(ConstructorResolver.java:240)
	at org.springframework.beans.factory.support.AbstractAutowireCapableBeanFactory.autowireConstructor(AbstractAutowireCapableBeanFactory.java:1381)
	at org.springframework.beans.factory.support.AbstractAutowireCapableBeanFactory.createBeanInstance(AbstractAutowireCapableBeanFactory.java:1218)
	at org.springframework.beans.factory.support.AbstractAutowireCapableBeanFactory.doCreateBean(AbstractAutowireCapableBeanFactory.java:563)
	at org.springframework.beans.factory.support.AbstractAutowireCapableBeanFactory.createBean(AbstractAutowireCapableBeanFactory.java:523)
	at org.springframework.beans.factory.support.AbstractBeanFactory.lambda$doGetBean$0(AbstractBeanFactory.java:339)
	at org.springframework.beans.factory.support.DefaultSingletonBeanRegistry.getSingleton(DefaultSingletonBeanRegistry.java:346)
	at org.springframework.beans.factory.support.AbstractBeanFactory.doGetBean(AbstractBeanFactory.java:337)
	at org.springframework.beans.factory.support.AbstractBeanFactory.getBean(AbstractBeanFactory.java:202)
	at org.springframework.beans.factory.support.DefaultListableBeanFactory.doResolveDependency(DefaultListableBeanFactory.java:1606)
	at org.springframework.beans.factory.support.DefaultListableBeanFactory.resolveDependency(DefaultListableBeanFactory.java:1552)
	at org.springframework.beans.factory.support.ConstructorResolver.resolveAutowiredArgument(ConstructorResolver.java:913)
	at org.springframework.beans.factory.support.ConstructorResolver.createArgumentArray(ConstructorResolver.java:791)
	... 21 common frames omitted
Caused by: org.springframework.beans.factory.BeanCreationException: Error creating bean with name 'userAgreementRepository' defined in com.planit.userservice.repository.UserAgreementRepository defined in @EnableJpaRepositories declared on PlanitBaseTemplateApplication: Could not create query for public abstract java.util.List com.planit.userservice.repository.UserAgreementRepository.findByUserIdAndTermId(java.lang.String,java.lang.Integer); Reason: Failed to create query for method public abstract java.util.List com.planit.userservice.repository.UserAgreementRepository.findByUserIdAndTermId(java.lang.String,java.lang.Integer); No property 'id' found for type 'TermEntity'; Traversed path: UserAgreementEntity.term
	at org.springframework.beans.factory.support.AbstractAutowireCapableBeanFactory.initializeBean(AbstractAutowireCapableBeanFactory.java:1812)
	at org.springframework.beans.factory.support.AbstractAutowireCapableBeanFactory.doCreateBean(AbstractAutowireCapableBeanFactory.java:601)
	at org.springframework.beans.factory.support.AbstractAutowireCapableBeanFactory.createBean(AbstractAutowireCapableBeanFactory.java:523)
	at org.springframework.beans.factory.support.AbstractBeanFactory.lambda$doGetBean$0(AbstractBeanFactory.java:339)
	at org.springframework.beans.factory.support.DefaultSingletonBeanRegistry.getSingleton(DefaultSingletonBeanRegistry.java:346)
	at org.springframework.beans.factory.support.AbstractBeanFactory.doGetBean(AbstractBeanFactory.java:337)
	at org.springframework.beans.factory.support.AbstractBeanFactory.getBean(AbstractBeanFactory.java:202)
	at org.springframework.beans.factory.support.DefaultListableBeanFactory.doResolveDependency(DefaultListableBeanFactory.java:1606)
	at org.springframework.beans.factory.support.DefaultListableBeanFactory.resolveDependency(DefaultListableBeanFactory.java:1552)
	at org.springframework.beans.factory.support.ConstructorResolver.resolveAutowiredArgument(ConstructorResolver.java:913)
	at org.springframework.beans.factory.support.ConstructorResolver.createArgumentArray(ConstructorResolver.java:791)
	... 34 common frames omitted
Caused by: org.springframework.data.repository.query.QueryCreationException: Could not create query for public abstract java.util.List com.planit.userservice.repository.UserAgreementRepository.findByUserIdAndTermId(java.lang.String,java.lang.Integer); Reason: Failed to create query for method public abstract java.util.List com.planit.userservice.repository.UserAgreementRepository.findByUserIdAndTermId(java.lang.String,java.lang.Integer); No property 'id' found for type 'TermEntity'; Traversed path: UserAgreementEntity.term
	at org.springframework.data.repository.query.QueryCreationException.create(QueryCreationException.java:101)
	at org.springframework.data.repository.core.support.QueryExecutorMethodInterceptor.lookupQuery(QueryExecutorMethodInterceptor.java:120)
	at org.springframework.data.repository.core.support.QueryExecutorMethodInterceptor.mapMethodsToQuery(QueryExecutorMethodInterceptor.java:104)
	at org.springframework.data.repository.core.support.QueryExecutorMethodInterceptor.lambda$new$0(QueryExecutorMethodInterceptor.java:92)
	at java.base/java.util.Optional.map(Optional.java:260)
	at org.springframework.data.repository.core.support.QueryExecutorMethodInterceptor.<init>(QueryExecutorMethodInterceptor.java:92)
	at org.springframework.data.repository.core.support.RepositoryFactorySupport.getRepository(RepositoryFactorySupport.java:440)
	at org.springframework.data.repository.core.support.RepositoryFactoryBeanSupport.lambda$afterPropertiesSet$4(RepositoryFactoryBeanSupport.java:350)
	at org.springframework.data.util.Lazy.getNullable(Lazy.java:135)
	at org.springframework.data.util.Lazy.get(Lazy.java:113)
	at org.springframework.data.repository.core.support.RepositoryFactoryBeanSupport.afterPropertiesSet(RepositoryFactoryBeanSupport.java:356)
	at org.springframework.data.jpa.repository.support.JpaRepositoryFactoryBean.afterPropertiesSet(JpaRepositoryFactoryBean.java:132)
	at org.springframework.beans.factory.support.AbstractAutowireCapableBeanFactory.invokeInitMethods(AbstractAutowireCapableBeanFactory.java:1859)
	at org.springframework.beans.factory.support.AbstractAutowireCapableBeanFactory.initializeBean(AbstractAutowireCapableBeanFactory.java:1808)
	... 44 common frames omitted
Caused by: java.lang.IllegalArgumentException: Failed to create query for method public abstract java.util.List com.planit.userservice.repository.UserAgreementRepository.findByUserIdAndTermId(java.lang.String,java.lang.Integer); No property 'id' found for type 'TermEntity'; Traversed path: UserAgreementEntity.term
	at org.springframework.data.jpa.repository.query.PartTreeJpaQuery.<init>(PartTreeJpaQuery.java:107)
	at org.springframework.data.jpa.repository.query.JpaQueryLookupStrategy$CreateQueryLookupStrategy.resolveQuery(JpaQueryLookupStrategy.java:128)
	at org.springframework.data.jpa.repository.query.JpaQueryLookupStrategy$CreateIfNotFoundQueryLookupStrategy.resolveQuery(JpaQueryLookupStrategy.java:262)
	at org.springframework.data.jpa.repository.query.JpaQueryLookupStrategy$AbstractQueryLookupStrategy.resolveQuery(JpaQueryLookupStrategy.java:99)
	at org.springframework.data.repository.core.support.QueryExecutorMethodInterceptor.lookupQuery(QueryExecutorMethodInterceptor.java:116)
	... 56 common frames omitted
Caused by: org.springframework.data.mapping.PropertyReferenceException: No property 'id' found for type 'TermEntity'; Traversed path: UserAgreementEntity.term
	at org.springframework.data.mapping.PropertyPath.<init>(PropertyPath.java:94)
	at org.springframework.data.mapping.PropertyPath.create(PropertyPath.java:455)
	at org.springframework.data.mapping.PropertyPath.create(PropertyPath.java:431)
	at org.springframework.data.mapping.PropertyPath.create(PropertyPath.java:465)
	at org.springframework.data.mapping.PropertyPath.create(PropertyPath.java:488)
	at org.springframework.data.mapping.PropertyPath.create(PropertyPath.java:431)
	at org.springframework.data.mapping.PropertyPath.lambda$from$0(PropertyPath.java:384)
	at java.base/java.util.concurrent.ConcurrentMap.computeIfAbsent(ConcurrentMap.java:330)
	at org.springframework.data.mapping.PropertyPath.from(PropertyPath.java:366)
	at org.springframework.data.mapping.PropertyPath.from(PropertyPath.java:344)
	at org.springframework.data.repository.query.parser.Part.<init>(Part.java:81)
	at org.springframework.data.repository.query.parser.PartTree$OrPart.lambda$new$0(PartTree.java:259)
	at java.base/java.util.stream.ReferencePipeline$3$1.accept(ReferencePipeline.java:197)
	at java.base/java.util.stream.ReferencePipeline$2$1.accept(ReferencePipeline.java:179)
	at java.base/java.util.Spliterators$ArraySpliterator.forEachRemaining(Spliterators.java:992)
	at java.base/java.util.stream.AbstractPipeline.copyInto(AbstractPipeline.java:509)
	at java.base/java.util.stream.AbstractPipeline.wrapAndCopyInto(AbstractPipeline.java:499)
	at java.base/java.util.stream.ReduceOps$ReduceOp.evaluateSequential(ReduceOps.java:921)
	at java.base/java.util.stream.AbstractPipeline.evaluate(AbstractPipeline.java:234)
	at java.base/java.util.stream.ReferencePipeline.collect(ReferencePipeline.java:682)
	at org.springframework.data.repository.query.parser.PartTree$OrPart.<init>(PartTree.java:260)
	at org.springframework.data.repository.query.parser.PartTree$Predicate.lambda$new$0(PartTree.java:389)
	at java.base/java.util.stream.ReferencePipeline$3$1.accept(ReferencePipeline.java:197)
	at java.base/java.util.stream.ReferencePipeline$2$1.accept(ReferencePipeline.java:179)
	at java.base/java.util.Spliterators$ArraySpliterator.forEachRemaining(Spliterators.java:992)
	at java.base/java.util.stream.AbstractPipeline.copyInto(AbstractPipeline.java:509)
	at java.base/java.util.stream.AbstractPipeline.wrapAndCopyInto(AbstractPipeline.java:499)
	at java.base/java.util.stream.ReduceOps$ReduceOp.evaluateSequential(ReduceOps.java:921)
	at java.base/java.util.stream.AbstractPipeline.evaluate(AbstractPipeline.java:234)
	at java.base/java.util.stream.ReferencePipeline.collect(ReferencePipeline.java:682)
	at org.springframework.data.repository.query.parser.PartTree$Predicate.<init>(PartTree.java:390)
	at org.springframework.data.repository.query.parser.PartTree.<init>(PartTree.java:103)
	at org.springframework.data.jpa.repository.query.PartTreeJpaQuery.<init>(PartTreeJpaQuery.java:101)
	... 60 common frames omitted
2026-03-04 12:49:52 INFO  [] [background-preinit] o.h.validator.internal.util.Version : HV000001: Hibernate Validator 8.0.2.Final
2026-03-04 12:49:52 INFO  [] [main] c.p.b.PlanitBaseTemplateApplication : Starting PlanitBaseTemplateApplication using Java 17.0.18 with PID 4988 (C:\barumi\PlanIt-User-svc\build\classes\java\main started by DS23 in C:\barumi\PlanIt-User-svc)
2026-03-04 12:49:52 INFO  [] [main] c.p.b.PlanitBaseTemplateApplication : The following 1 profile is active: "local-no-redis"
2026-03-04 12:49:53 INFO  [] [main] o.s.d.r.c.RepositoryConfigurationDelegate : Multiple Spring Data modules found, entering strict repository configuration mode
2026-03-04 12:49:53 INFO  [] [main] o.s.d.r.c.RepositoryConfigurationDelegate : Bootstrapping Spring Data JPA repositories in DEFAULT mode.
2026-03-04 12:49:53 INFO  [] [main] o.s.d.r.c.RepositoryConfigurationDelegate : Finished Spring Data repository scanning in 117 ms. Found 6 JPA repository interfaces.
2026-03-04 12:49:53 INFO  [] [main] o.s.d.r.c.RepositoryConfigurationDelegate : Multiple Spring Data modules found, entering strict repository configuration mode
2026-03-04 12:49:53 INFO  [] [main] o.s.d.r.c.RepositoryConfigurationDelegate : Bootstrapping Spring Data Redis repositories in DEFAULT mode.
2026-03-04 12:49:53 INFO  [] [main] o.s.d.r.c.RepositoryConfigurationDelegate : Finished Spring Data repository scanning in 2 ms. Found 0 Redis repository interfaces.
2026-03-04 12:49:54 INFO  [] [main] o.s.b.w.e.tomcat.TomcatWebServer : Tomcat initialized with port 8080 (http)
2026-03-04 12:49:54 INFO  [] [main] o.a.coyote.http11.Http11NioProtocol : Initializing ProtocolHandler ["http-nio-8080"]
2026-03-04 12:49:54 INFO  [] [main] o.a.catalina.core.StandardService : Starting service [Tomcat]
2026-03-04 12:49:54 INFO  [] [main] o.a.catalina.core.StandardEngine : Starting Servlet engine: [Apache Tomcat/10.1.36]
2026-03-04 12:49:54 INFO  [] [main] o.a.c.c.C.[Tomcat].[localhost].[/] : Initializing Spring embedded WebApplicationContext
2026-03-04 12:49:54 INFO  [] [main] o.s.b.w.s.c.ServletWebServerApplicationContext : Root WebApplicationContext: initialization completed in 2076 ms
2026-03-04 12:49:54 INFO  [] [main] o.h.jpa.internal.util.LogHelper : HHH000204: Processing PersistenceUnitInfo [name: default]
2026-03-04 12:49:54 INFO  [] [main] org.hibernate.Version : HHH000412: Hibernate ORM core version 6.6.8.Final
2026-03-04 12:49:54 INFO  [] [main] o.h.c.i.RegionFactoryInitiator : HHH000026: Second-level cache disabled
2026-03-04 12:49:55 INFO  [] [main] o.s.o.j.p.SpringPersistenceUnitInfo : No LoadTimeWeaver setup: ignoring JPA class transformer
2026-03-04 12:49:55 INFO  [] [main] com.zaxxer.hikari.HikariDataSource : HikariPool-1 - Starting...
2026-03-04 12:49:55 INFO  [] [main] com.zaxxer.hikari.pool.HikariPool : HikariPool-1 - Added connection org.mariadb.jdbc.Connection@1dbf727a
2026-03-04 12:49:55 INFO  [] [main] com.zaxxer.hikari.HikariDataSource : HikariPool-1 - Start completed.
2026-03-04 12:49:55 INFO  [] [main] o.hibernate.orm.connections.pooling : HHH10001005: Database info:
	Database JDBC URL [Connecting through datasource 'HikariDataSource (HikariPool-1)']
	Database driver: undefined/unknown
	Database version: 11.8.3
	Autocommit mode: undefined/unknown
	Isolation level: undefined/unknown
	Minimum pool size: undefined/unknown
	Maximum pool size: undefined/unknown
2026-03-04 12:49:56 INFO  [] [main] o.h.e.t.j.p.i.JtaPlatformInitiator : HHH000489: No JTA platform available (set 'hibernate.transaction.jta.platform' to enable JTA platform integration)
2026-03-04 12:49:56 INFO  [] [main] o.s.o.j.LocalContainerEntityManagerFactoryBean : Initialized JPA EntityManagerFactory for persistence unit 'default'
2026-03-04 12:49:56 INFO  [] [main] o.s.d.j.r.query.QueryEnhancerFactory : Hibernate is in classpath; If applicable, HQL parser will be used.
2026-03-04 12:49:57 WARN  [] [main] o.s.b.w.s.c.AnnotationConfigServletWebServerApplicationContext : Exception encountered during context initialization - cancelling refresh attempt: org.springframework.beans.factory.UnsatisfiedDependencyException: Error creating bean with name 'authController' defined in file [C:\barumi\PlanIt-User-svc\build\classes\java\main\com\planit\userservice\controller\AuthController.class]: Unsatisfied dependency expressed through constructor parameter 0: Error creating bean with name 'authService' defined in file [C:\barumi\PlanIt-User-svc\build\classes\java\main\com\planit\userservice\service\AuthService.class]: Unsatisfied dependency expressed through constructor parameter 2: Error creating bean with name 'userAgreementRepository' defined in com.planit.userservice.repository.UserAgreementRepository defined in @EnableJpaRepositories declared on PlanitBaseTemplateApplication: Could not create query for public abstract java.util.List com.planit.userservice.repository.UserAgreementRepository.findByUserIdAndTermTermId(java.lang.String,java.lang.Integer); Reason: Failed to create query for method public abstract java.util.List com.planit.userservice.repository.UserAgreementRepository.findByUserIdAndTermTermId(java.lang.String,java.lang.Integer); Could not resolve attribute 'userId' of 'com.planit.userservice.entity.UserAgreementEntity'
2026-03-04 12:49:57 INFO  [] [main] o.s.o.j.LocalContainerEntityManagerFactoryBean : Closing JPA EntityManagerFactory for persistence unit 'default'
2026-03-04 12:49:57 INFO  [] [main] com.zaxxer.hikari.HikariDataSource : HikariPool-1 - Shutdown initiated...
2026-03-04 12:49:57 INFO  [] [main] com.zaxxer.hikari.HikariDataSource : HikariPool-1 - Shutdown completed.
2026-03-04 12:49:57 INFO  [] [main] o.a.catalina.core.StandardService : Stopping service [Tomcat]
2026-03-04 12:49:57 INFO  [] [main] o.s.b.a.l.ConditionEvaluationReportLogger : 

Error starting ApplicationContext. To display the condition evaluation report re-run your application with 'debug' enabled.
2026-03-04 12:49:57 ERROR [] [main] o.s.boot.SpringApplication : Application run failed
org.springframework.beans.factory.UnsatisfiedDependencyException: Error creating bean with name 'authController' defined in file [C:\barumi\PlanIt-User-svc\build\classes\java\main\com\planit\userservice\controller\AuthController.class]: Unsatisfied dependency expressed through constructor parameter 0: Error creating bean with name 'authService' defined in file [C:\barumi\PlanIt-User-svc\build\classes\java\main\com\planit\userservice\service\AuthService.class]: Unsatisfied dependency expressed through constructor parameter 2: Error creating bean with name 'userAgreementRepository' defined in com.planit.userservice.repository.UserAgreementRepository defined in @EnableJpaRepositories declared on PlanitBaseTemplateApplication: Could not create query for public abstract java.util.List com.planit.userservice.repository.UserAgreementRepository.findByUserIdAndTermTermId(java.lang.String,java.lang.Integer); Reason: Failed to create query for method public abstract java.util.List com.planit.userservice.repository.UserAgreementRepository.findByUserIdAndTermTermId(java.lang.String,java.lang.Integer); Could not resolve attribute 'userId' of 'com.planit.userservice.entity.UserAgreementEntity'
	at org.springframework.beans.factory.support.ConstructorResolver.createArgumentArray(ConstructorResolver.java:804)
	at org.springframework.beans.factory.support.ConstructorResolver.autowireConstructor(ConstructorResolver.java:240)
	at org.springframework.beans.factory.support.AbstractAutowireCapableBeanFactory.autowireConstructor(AbstractAutowireCapableBeanFactory.java:1381)
	at org.springframework.beans.factory.support.AbstractAutowireCapableBeanFactory.createBeanInstance(AbstractAutowireCapableBeanFactory.java:1218)
	at org.springframework.beans.factory.support.AbstractAutowireCapableBeanFactory.doCreateBean(AbstractAutowireCapableBeanFactory.java:563)
	at org.springframework.beans.factory.support.AbstractAutowireCapableBeanFactory.createBean(AbstractAutowireCapableBeanFactory.java:523)
	at org.springframework.beans.factory.support.AbstractBeanFactory.lambda$doGetBean$0(AbstractBeanFactory.java:339)
	at org.springframework.beans.factory.support.DefaultSingletonBeanRegistry.getSingleton(DefaultSingletonBeanRegistry.java:346)
	at org.springframework.beans.factory.support.AbstractBeanFactory.doGetBean(AbstractBeanFactory.java:337)
	at org.springframework.beans.factory.support.AbstractBeanFactory.getBean(AbstractBeanFactory.java:202)
	at org.springframework.beans.factory.support.DefaultListableBeanFactory.instantiateSingleton(DefaultListableBeanFactory.java:1155)
	at org.springframework.beans.factory.support.DefaultListableBeanFactory.preInstantiateSingleton(DefaultListableBeanFactory.java:1121)
	at org.springframework.beans.factory.support.DefaultListableBeanFactory.preInstantiateSingletons(DefaultListableBeanFactory.java:1056)
	at org.springframework.context.support.AbstractApplicationContext.finishBeanFactoryInitialization(AbstractApplicationContext.java:987)
	at org.springframework.context.support.AbstractApplicationContext.refresh(AbstractApplicationContext.java:627)
	at org.springframework.boot.web.servlet.context.ServletWebServerApplicationContext.refresh(ServletWebServerApplicationContext.java:146)
	at org.springframework.boot.SpringApplication.refresh(SpringApplication.java:752)
	at org.springframework.boot.SpringApplication.refreshContext(SpringApplication.java:439)
	at org.springframework.boot.SpringApplication.run(SpringApplication.java:318)
	at org.springframework.boot.SpringApplication.run(SpringApplication.java:1361)
	at org.springframework.boot.SpringApplication.run(SpringApplication.java:1350)
	at com.planit.basetemplate.PlanitBaseTemplateApplication.main(PlanitBaseTemplateApplication.java:18)
Caused by: org.springframework.beans.factory.UnsatisfiedDependencyException: Error creating bean with name 'authService' defined in file [C:\barumi\PlanIt-User-svc\build\classes\java\main\com\planit\userservice\service\AuthService.class]: Unsatisfied dependency expressed through constructor parameter 2: Error creating bean with name 'userAgreementRepository' defined in com.planit.userservice.repository.UserAgreementRepository defined in @EnableJpaRepositories declared on PlanitBaseTemplateApplication: Could not create query for public abstract java.util.List com.planit.userservice.repository.UserAgreementRepository.findByUserIdAndTermTermId(java.lang.String,java.lang.Integer); Reason: Failed to create query for method public abstract java.util.List com.planit.userservice.repository.UserAgreementRepository.findByUserIdAndTermTermId(java.lang.String,java.lang.Integer); Could not resolve attribute 'userId' of 'com.planit.userservice.entity.UserAgreementEntity'
	at org.springframework.beans.factory.support.ConstructorResolver.createArgumentArray(ConstructorResolver.java:804)
	at org.springframework.beans.factory.support.ConstructorResolver.autowireConstructor(ConstructorResolver.java:240)
	at org.springframework.beans.factory.support.AbstractAutowireCapableBeanFactory.autowireConstructor(AbstractAutowireCapableBeanFactory.java:1381)
	at org.springframework.beans.factory.support.AbstractAutowireCapableBeanFactory.createBeanInstance(AbstractAutowireCapableBeanFactory.java:1218)
	at org.springframework.beans.factory.support.AbstractAutowireCapableBeanFactory.doCreateBean(AbstractAutowireCapableBeanFactory.java:563)
	at org.springframework.beans.factory.support.AbstractAutowireCapableBeanFactory.createBean(AbstractAutowireCapableBeanFactory.java:523)
	at org.springframework.beans.factory.support.AbstractBeanFactory.lambda$doGetBean$0(AbstractBeanFactory.java:339)
	at org.springframework.beans.factory.support.DefaultSingletonBeanRegistry.getSingleton(DefaultSingletonBeanRegistry.java:346)
	at org.springframework.beans.factory.support.AbstractBeanFactory.doGetBean(AbstractBeanFactory.java:337)
	at org.springframework.beans.factory.support.AbstractBeanFactory.getBean(AbstractBeanFactory.java:202)
	at org.springframework.beans.factory.support.DefaultListableBeanFactory.doResolveDependency(DefaultListableBeanFactory.java:1606)
	at org.springframework.beans.factory.support.DefaultListableBeanFactory.resolveDependency(DefaultListableBeanFactory.java:1552)
	at org.springframework.beans.factory.support.ConstructorResolver.resolveAutowiredArgument(ConstructorResolver.java:913)
	at org.springframework.beans.factory.support.ConstructorResolver.createArgumentArray(ConstructorResolver.java:791)
	... 21 common frames omitted
Caused by: org.springframework.beans.factory.BeanCreationException: Error creating bean with name 'userAgreementRepository' defined in com.planit.userservice.repository.UserAgreementRepository defined in @EnableJpaRepositories declared on PlanitBaseTemplateApplication: Could not create query for public abstract java.util.List com.planit.userservice.repository.UserAgreementRepository.findByUserIdAndTermTermId(java.lang.String,java.lang.Integer); Reason: Failed to create query for method public abstract java.util.List com.planit.userservice.repository.UserAgreementRepository.findByUserIdAndTermTermId(java.lang.String,java.lang.Integer); Could not resolve attribute 'userId' of 'com.planit.userservice.entity.UserAgreementEntity'
	at org.springframework.beans.factory.support.AbstractAutowireCapableBeanFactory.initializeBean(AbstractAutowireCapableBeanFactory.java:1812)
	at org.springframework.beans.factory.support.AbstractAutowireCapableBeanFactory.doCreateBean(AbstractAutowireCapableBeanFactory.java:601)
	at org.springframework.beans.factory.support.AbstractAutowireCapableBeanFactory.createBean(AbstractAutowireCapableBeanFactory.java:523)
	at org.springframework.beans.factory.support.AbstractBeanFactory.lambda$doGetBean$0(AbstractBeanFactory.java:339)
	at org.springframework.beans.factory.support.DefaultSingletonBeanRegistry.getSingleton(DefaultSingletonBeanRegistry.java:346)
	at org.springframework.beans.factory.support.AbstractBeanFactory.doGetBean(AbstractBeanFactory.java:337)
	at org.springframework.beans.factory.support.AbstractBeanFactory.getBean(AbstractBeanFactory.java:202)
	at org.springframework.beans.factory.support.DefaultListableBeanFactory.doResolveDependency(DefaultListableBeanFactory.java:1606)
	at org.springframework.beans.factory.support.DefaultListableBeanFactory.resolveDependency(DefaultListableBeanFactory.java:1552)
	at org.springframework.beans.factory.support.ConstructorResolver.resolveAutowiredArgument(ConstructorResolver.java:913)
	at org.springframework.beans.factory.support.ConstructorResolver.createArgumentArray(ConstructorResolver.java:791)
	... 34 common frames omitted
Caused by: org.springframework.data.repository.query.QueryCreationException: Could not create query for public abstract java.util.List com.planit.userservice.repository.UserAgreementRepository.findByUserIdAndTermTermId(java.lang.String,java.lang.Integer); Reason: Failed to create query for method public abstract java.util.List com.planit.userservice.repository.UserAgreementRepository.findByUserIdAndTermTermId(java.lang.String,java.lang.Integer); Could not resolve attribute 'userId' of 'com.planit.userservice.entity.UserAgreementEntity'
	at org.springframework.data.repository.query.QueryCreationException.create(QueryCreationException.java:101)
	at org.springframework.data.repository.core.support.QueryExecutorMethodInterceptor.lookupQuery(QueryExecutorMethodInterceptor.java:120)
	at org.springframework.data.repository.core.support.QueryExecutorMethodInterceptor.mapMethodsToQuery(QueryExecutorMethodInterceptor.java:104)
	at org.springframework.data.repository.core.support.QueryExecutorMethodInterceptor.lambda$new$0(QueryExecutorMethodInterceptor.java:92)
	at java.base/java.util.Optional.map(Optional.java:260)
	at org.springframework.data.repository.core.support.QueryExecutorMethodInterceptor.<init>(QueryExecutorMethodInterceptor.java:92)
	at org.springframework.data.repository.core.support.RepositoryFactorySupport.getRepository(RepositoryFactorySupport.java:440)
	at org.springframework.data.repository.core.support.RepositoryFactoryBeanSupport.lambda$afterPropertiesSet$4(RepositoryFactoryBeanSupport.java:350)
	at org.springframework.data.util.Lazy.getNullable(Lazy.java:135)
	at org.springframework.data.util.Lazy.get(Lazy.java:113)
	at org.springframework.data.repository.core.support.RepositoryFactoryBeanSupport.afterPropertiesSet(RepositoryFactoryBeanSupport.java:356)
	at org.springframework.data.jpa.repository.support.JpaRepositoryFactoryBean.afterPropertiesSet(JpaRepositoryFactoryBean.java:132)
	at org.springframework.beans.factory.support.AbstractAutowireCapableBeanFactory.invokeInitMethods(AbstractAutowireCapableBeanFactory.java:1859)
	at org.springframework.beans.factory.support.AbstractAutowireCapableBeanFactory.initializeBean(AbstractAutowireCapableBeanFactory.java:1808)
	... 44 common frames omitted
Caused by: java.lang.IllegalArgumentException: Failed to create query for method public abstract java.util.List com.planit.userservice.repository.UserAgreementRepository.findByUserIdAndTermTermId(java.lang.String,java.lang.Integer); Could not resolve attribute 'userId' of 'com.planit.userservice.entity.UserAgreementEntity'
	at org.springframework.data.jpa.repository.query.PartTreeJpaQuery.<init>(PartTreeJpaQuery.java:107)
	at org.springframework.data.jpa.repository.query.JpaQueryLookupStrategy$CreateQueryLookupStrategy.resolveQuery(JpaQueryLookupStrategy.java:128)
	at org.springframework.data.jpa.repository.query.JpaQueryLookupStrategy$CreateIfNotFoundQueryLookupStrategy.resolveQuery(JpaQueryLookupStrategy.java:262)
	at org.springframework.data.jpa.repository.query.JpaQueryLookupStrategy$AbstractQueryLookupStrategy.resolveQuery(JpaQueryLookupStrategy.java:99)
	at org.springframework.data.repository.core.support.QueryExecutorMethodInterceptor.lookupQuery(QueryExecutorMethodInterceptor.java:116)
	... 56 common frames omitted
Caused by: org.hibernate.query.sqm.PathElementException: Could not resolve attribute 'userId' of 'com.planit.userservice.entity.UserAgreementEntity'
	at org.hibernate.query.sqm.SqmPathSource.getSubPathSource(SqmPathSource.java:95)
	at org.hibernate.query.sqm.tree.domain.AbstractSqmPath.get(AbstractSqmPath.java:198)
	at org.hibernate.query.sqm.tree.domain.AbstractSqmPath.get(AbstractSqmPath.java:44)
	at org.springframework.data.jpa.repository.query.QueryUtils.getModelForPath(QueryUtils.java:982)
	at org.springframework.data.jpa.repository.query.QueryUtils.requiresOuterJoin(QueryUtils.java:839)
	at org.springframework.data.jpa.repository.query.QueryUtils.toExpressionRecursively(QueryUtils.java:794)
	at org.springframework.data.jpa.repository.query.QueryUtils.toExpressionRecursively(QueryUtils.java:773)
	at org.springframework.data.jpa.repository.query.QueryUtils.toExpressionRecursively(QueryUtils.java:769)
	at org.springframework.data.jpa.repository.query.JpaQueryCreator$PredicateBuilder.getTypedPath(JpaQueryCreator.java:387)
	at org.springframework.data.jpa.repository.query.JpaQueryCreator$PredicateBuilder.build(JpaQueryCreator.java:310)
	at org.springframework.data.jpa.repository.query.JpaQueryCreator.toPredicate(JpaQueryCreator.java:210)
	at org.springframework.data.jpa.repository.query.JpaQueryCreator.create(JpaQueryCreator.java:121)
	at org.springframework.data.jpa.repository.query.JpaQueryCreator.create(JpaQueryCreator.java:1)
	at org.springframework.data.repository.query.parser.AbstractQueryCreator.createCriteria(AbstractQueryCreator.java:119)
	at org.springframework.data.repository.query.parser.AbstractQueryCreator.createQuery(AbstractQueryCreator.java:95)
	at org.springframework.data.repository.query.parser.AbstractQueryCreator.createQuery(AbstractQueryCreator.java:81)
	at org.springframework.data.jpa.repository.query.PartTreeJpaQuery$QueryPreparer.<init>(PartTreeJpaQuery.java:224)
	at org.springframework.data.jpa.repository.query.PartTreeJpaQuery$CountQueryPreparer.<init>(PartTreeJpaQuery.java:370)
	at org.springframework.data.jpa.repository.query.PartTreeJpaQuery.<init>(PartTreeJpaQuery.java:103)
	... 60 common frames omitted
2026-03-04 13:44:30 INFO  [] [background-preinit] o.h.validator.internal.util.Version : HV000001: Hibernate Validator 8.0.2.Final
2026-03-04 13:44:30 INFO  [] [main] c.p.b.PlanitBaseTemplateApplication : Starting PlanitBaseTemplateApplication using Java 17.0.18 with PID 17172 (C:\barumi\PlanIt-User-svc\build\classes\java\main started by DS23 in C:\barumi\PlanIt-User-svc)
2026-03-04 13:44:30 INFO  [] [main] c.p.b.PlanitBaseTemplateApplication : The following 1 profile is active: "local-no-redis"
2026-03-04 13:44:31 INFO  [] [main] o.s.d.r.c.RepositoryConfigurationDelegate : Multiple Spring Data modules found, entering strict repository configuration mode
2026-03-04 13:44:31 INFO  [] [main] o.s.d.r.c.RepositoryConfigurationDelegate : Bootstrapping Spring Data JPA repositories in DEFAULT mode.
2026-03-04 13:44:31 INFO  [] [main] o.s.d.r.c.RepositoryConfigurationDelegate : Finished Spring Data repository scanning in 122 ms. Found 6 JPA repository interfaces.
2026-03-04 13:44:31 INFO  [] [main] o.s.d.r.c.RepositoryConfigurationDelegate : Multiple Spring Data modules found, entering strict repository configuration mode
2026-03-04 13:44:31 INFO  [] [main] o.s.d.r.c.RepositoryConfigurationDelegate : Bootstrapping Spring Data Redis repositories in DEFAULT mode.
2026-03-04 13:44:31 INFO  [] [main] o.s.d.r.c.RepositoryConfigurationDelegate : Finished Spring Data repository scanning in 2 ms. Found 0 Redis repository interfaces.
2026-03-04 13:44:32 INFO  [] [main] o.s.b.w.e.tomcat.TomcatWebServer : Tomcat initialized with port 8080 (http)
2026-03-04 13:44:32 INFO  [] [main] o.a.coyote.http11.Http11NioProtocol : Initializing ProtocolHandler ["http-nio-8080"]
2026-03-04 13:44:32 INFO  [] [main] o.a.catalina.core.StandardService : Starting service [Tomcat]
2026-03-04 13:44:32 INFO  [] [main] o.a.catalina.core.StandardEngine : Starting Servlet engine: [Apache Tomcat/10.1.36]
2026-03-04 13:44:32 INFO  [] [main] o.a.c.c.C.[Tomcat].[localhost].[/] : Initializing Spring embedded WebApplicationContext
2026-03-04 13:44:32 INFO  [] [main] o.s.b.w.s.c.ServletWebServerApplicationContext : Root WebApplicationContext: initialization completed in 1894 ms
2026-03-04 13:44:32 INFO  [] [main] o.h.jpa.internal.util.LogHelper : HHH000204: Processing PersistenceUnitInfo [name: default]
2026-03-04 13:44:32 INFO  [] [main] org.hibernate.Version : HHH000412: Hibernate ORM core version 6.6.8.Final
2026-03-04 13:44:33 INFO  [] [main] o.h.c.i.RegionFactoryInitiator : HHH000026: Second-level cache disabled
2026-03-04 13:44:33 INFO  [] [main] o.s.o.j.p.SpringPersistenceUnitInfo : No LoadTimeWeaver setup: ignoring JPA class transformer
2026-03-04 13:44:33 INFO  [] [main] com.zaxxer.hikari.HikariDataSource : HikariPool-1 - Starting...
2026-03-04 13:44:33 INFO  [] [main] com.zaxxer.hikari.pool.HikariPool : HikariPool-1 - Added connection org.mariadb.jdbc.Connection@270ab7bc
2026-03-04 13:44:33 INFO  [] [main] com.zaxxer.hikari.HikariDataSource : HikariPool-1 - Start completed.
2026-03-04 13:44:33 INFO  [] [main] o.hibernate.orm.connections.pooling : HHH10001005: Database info:
	Database JDBC URL [Connecting through datasource 'HikariDataSource (HikariPool-1)']
	Database driver: undefined/unknown
	Database version: 11.8.3
	Autocommit mode: undefined/unknown
	Isolation level: undefined/unknown
	Minimum pool size: undefined/unknown
	Maximum pool size: undefined/unknown
2026-03-04 13:44:34 INFO  [] [main] o.h.e.t.j.p.i.JtaPlatformInitiator : HHH000489: No JTA platform available (set 'hibernate.transaction.jta.platform' to enable JTA platform integration)
2026-03-04 13:44:34 INFO  [] [main] o.s.o.j.LocalContainerEntityManagerFactoryBean : Initialized JPA EntityManagerFactory for persistence unit 'default'
2026-03-04 13:44:34 INFO  [] [main] o.s.d.j.r.query.QueryEnhancerFactory : Hibernate is in classpath; If applicable, HQL parser will be used.
2026-03-04 13:44:34 WARN  [] [main] o.s.b.w.s.c.AnnotationConfigServletWebServerApplicationContext : Exception encountered during context initialization - cancelling refresh attempt: org.springframework.beans.factory.UnsatisfiedDependencyException: Error creating bean with name 'authController' defined in file [C:\barumi\PlanIt-User-svc\build\classes\java\main\com\planit\userservice\controller\AuthController.class]: Unsatisfied dependency expressed through constructor parameter 0: Error creating bean with name 'authService' defined in file [C:\barumi\PlanIt-User-svc\build\classes\java\main\com\planit\userservice\service\AuthService.class]: Unsatisfied dependency expressed through constructor parameter 3: Error creating bean with name 'interestCategoryRepository' defined in com.planit.userservice.repository.InterestCategoryRepository defined in @EnableJpaRepositories declared on PlanitBaseTemplateApplication: Could not create query for public abstract java.util.List com.planit.userservice.repository.InterestCategoryRepository.findByIdIn(java.util.List); Reason: Failed to create query for method public abstract java.util.List com.planit.userservice.repository.InterestCategoryRepository.findByIdIn(java.util.List); No property 'id' found for type 'InterestCategoryEntity'
2026-03-04 13:44:34 INFO  [] [main] o.s.o.j.LocalContainerEntityManagerFactoryBean : Closing JPA EntityManagerFactory for persistence unit 'default'
2026-03-04 13:44:34 INFO  [] [main] com.zaxxer.hikari.HikariDataSource : HikariPool-1 - Shutdown initiated...
2026-03-04 13:44:34 INFO  [] [main] com.zaxxer.hikari.HikariDataSource : HikariPool-1 - Shutdown completed.
2026-03-04 13:44:34 INFO  [] [main] o.a.catalina.core.StandardService : Stopping service [Tomcat]
2026-03-04 13:44:34 INFO  [] [main] o.s.b.a.l.ConditionEvaluationReportLogger : 

Error starting ApplicationContext. To display the condition evaluation report re-run your application with 'debug' enabled.
2026-03-04 13:44:34 ERROR [] [main] o.s.boot.SpringApplication : Application run failed
org.springframework.beans.factory.UnsatisfiedDependencyException: Error creating bean with name 'authController' defined in file [C:\barumi\PlanIt-User-svc\build\classes\java\main\com\planit\userservice\controller\AuthController.class]: Unsatisfied dependency expressed through constructor parameter 0: Error creating bean with name 'authService' defined in file [C:\barumi\PlanIt-User-svc\build\classes\java\main\com\planit\userservice\service\AuthService.class]: Unsatisfied dependency expressed through constructor parameter 3: Error creating bean with name 'interestCategoryRepository' defined in com.planit.userservice.repository.InterestCategoryRepository defined in @EnableJpaRepositories declared on PlanitBaseTemplateApplication: Could not create query for public abstract java.util.List com.planit.userservice.repository.InterestCategoryRepository.findByIdIn(java.util.List); Reason: Failed to create query for method public abstract java.util.List com.planit.userservice.repository.InterestCategoryRepository.findByIdIn(java.util.List); No property 'id' found for type 'InterestCategoryEntity'
	at org.springframework.beans.factory.support.ConstructorResolver.createArgumentArray(ConstructorResolver.java:804)
	at org.springframework.beans.factory.support.ConstructorResolver.autowireConstructor(ConstructorResolver.java:240)
	at org.springframework.beans.factory.support.AbstractAutowireCapableBeanFactory.autowireConstructor(AbstractAutowireCapableBeanFactory.java:1381)
	at org.springframework.beans.factory.support.AbstractAutowireCapableBeanFactory.createBeanInstance(AbstractAutowireCapableBeanFactory.java:1218)
	at org.springframework.beans.factory.support.AbstractAutowireCapableBeanFactory.doCreateBean(AbstractAutowireCapableBeanFactory.java:563)
	at org.springframework.beans.factory.support.AbstractAutowireCapableBeanFactory.createBean(AbstractAutowireCapableBeanFactory.java:523)
	at org.springframework.beans.factory.support.AbstractBeanFactory.lambda$doGetBean$0(AbstractBeanFactory.java:339)
	at org.springframework.beans.factory.support.DefaultSingletonBeanRegistry.getSingleton(DefaultSingletonBeanRegistry.java:346)
	at org.springframework.beans.factory.support.AbstractBeanFactory.doGetBean(AbstractBeanFactory.java:337)
	at org.springframework.beans.factory.support.AbstractBeanFactory.getBean(AbstractBeanFactory.java:202)
	at org.springframework.beans.factory.support.DefaultListableBeanFactory.instantiateSingleton(DefaultListableBeanFactory.java:1155)
	at org.springframework.beans.factory.support.DefaultListableBeanFactory.preInstantiateSingleton(DefaultListableBeanFactory.java:1121)
	at org.springframework.beans.factory.support.DefaultListableBeanFactory.preInstantiateSingletons(DefaultListableBeanFactory.java:1056)
	at org.springframework.context.support.AbstractApplicationContext.finishBeanFactoryInitialization(AbstractApplicationContext.java:987)
	at org.springframework.context.support.AbstractApplicationContext.refresh(AbstractApplicationContext.java:627)
	at org.springframework.boot.web.servlet.context.ServletWebServerApplicationContext.refresh(ServletWebServerApplicationContext.java:146)
	at org.springframework.boot.SpringApplication.refresh(SpringApplication.java:752)
	at org.springframework.boot.SpringApplication.refreshContext(SpringApplication.java:439)
	at org.springframework.boot.SpringApplication.run(SpringApplication.java:318)
	at org.springframework.boot.SpringApplication.run(SpringApplication.java:1361)
	at org.springframework.boot.SpringApplication.run(SpringApplication.java:1350)
	at com.planit.basetemplate.PlanitBaseTemplateApplication.main(PlanitBaseTemplateApplication.java:18)
Caused by: org.springframework.beans.factory.UnsatisfiedDependencyException: Error creating bean with name 'authService' defined in file [C:\barumi\PlanIt-User-svc\build\classes\java\main\com\planit\userservice\service\AuthService.class]: Unsatisfied dependency expressed through constructor parameter 3: Error creating bean with name 'interestCategoryRepository' defined in com.planit.userservice.repository.InterestCategoryRepository defined in @EnableJpaRepositories declared on PlanitBaseTemplateApplication: Could not create query for public abstract java.util.List com.planit.userservice.repository.InterestCategoryRepository.findByIdIn(java.util.List); Reason: Failed to create query for method public abstract java.util.List com.planit.userservice.repository.InterestCategoryRepository.findByIdIn(java.util.List); No property 'id' found for type 'InterestCategoryEntity'
	at org.springframework.beans.factory.support.ConstructorResolver.createArgumentArray(ConstructorResolver.java:804)
	at org.springframework.beans.factory.support.ConstructorResolver.autowireConstructor(ConstructorResolver.java:240)
	at org.springframework.beans.factory.support.AbstractAutowireCapableBeanFactory.autowireConstructor(AbstractAutowireCapableBeanFactory.java:1381)
	at org.springframework.beans.factory.support.AbstractAutowireCapableBeanFactory.createBeanInstance(AbstractAutowireCapableBeanFactory.java:1218)
	at org.springframework.beans.factory.support.AbstractAutowireCapableBeanFactory.doCreateBean(AbstractAutowireCapableBeanFactory.java:563)
	at org.springframework.beans.factory.support.AbstractAutowireCapableBeanFactory.createBean(AbstractAutowireCapableBeanFactory.java:523)
	at org.springframework.beans.factory.support.AbstractBeanFactory.lambda$doGetBean$0(AbstractBeanFactory.java:339)
	at org.springframework.beans.factory.support.DefaultSingletonBeanRegistry.getSingleton(DefaultSingletonBeanRegistry.java:346)
	at org.springframework.beans.factory.support.AbstractBeanFactory.doGetBean(AbstractBeanFactory.java:337)
	at org.springframework.beans.factory.support.AbstractBeanFactory.getBean(AbstractBeanFactory.java:202)
	at org.springframework.beans.factory.support.DefaultListableBeanFactory.doResolveDependency(DefaultListableBeanFactory.java:1606)
	at org.springframework.beans.factory.support.DefaultListableBeanFactory.resolveDependency(DefaultListableBeanFactory.java:1552)
	at org.springframework.beans.factory.support.ConstructorResolver.resolveAutowiredArgument(ConstructorResolver.java:913)
	at org.springframework.beans.factory.support.ConstructorResolver.createArgumentArray(ConstructorResolver.java:791)
	... 21 common frames omitted
Caused by: org.springframework.beans.factory.BeanCreationException: Error creating bean with name 'interestCategoryRepository' defined in com.planit.userservice.repository.InterestCategoryRepository defined in @EnableJpaRepositories declared on PlanitBaseTemplateApplication: Could not create query for public abstract java.util.List com.planit.userservice.repository.InterestCategoryRepository.findByIdIn(java.util.List); Reason: Failed to create query for method public abstract java.util.List com.planit.userservice.repository.InterestCategoryRepository.findByIdIn(java.util.List); No property 'id' found for type 'InterestCategoryEntity'
	at org.springframework.beans.factory.support.AbstractAutowireCapableBeanFactory.initializeBean(AbstractAutowireCapableBeanFactory.java:1812)
	at org.springframework.beans.factory.support.AbstractAutowireCapableBeanFactory.doCreateBean(AbstractAutowireCapableBeanFactory.java:601)
	at org.springframework.beans.factory.support.AbstractAutowireCapableBeanFactory.createBean(AbstractAutowireCapableBeanFactory.java:523)
	at org.springframework.beans.factory.support.AbstractBeanFactory.lambda$doGetBean$0(AbstractBeanFactory.java:339)
	at org.springframework.beans.factory.support.DefaultSingletonBeanRegistry.getSingleton(DefaultSingletonBeanRegistry.java:346)
	at org.springframework.beans.factory.support.AbstractBeanFactory.doGetBean(AbstractBeanFactory.java:337)
	at org.springframework.beans.factory.support.AbstractBeanFactory.getBean(AbstractBeanFactory.java:202)
	at org.springframework.beans.factory.support.DefaultListableBeanFactory.doResolveDependency(DefaultListableBeanFactory.java:1606)
	at org.springframework.beans.factory.support.DefaultListableBeanFactory.resolveDependency(DefaultListableBeanFactory.java:1552)
	at org.springframework.beans.factory.support.ConstructorResolver.resolveAutowiredArgument(ConstructorResolver.java:913)
	at org.springframework.beans.factory.support.ConstructorResolver.createArgumentArray(ConstructorResolver.java:791)
	... 34 common frames omitted
Caused by: org.springframework.data.repository.query.QueryCreationException: Could not create query for public abstract java.util.List com.planit.userservice.repository.InterestCategoryRepository.findByIdIn(java.util.List); Reason: Failed to create query for method public abstract java.util.List com.planit.userservice.repository.InterestCategoryRepository.findByIdIn(java.util.List); No property 'id' found for type 'InterestCategoryEntity'
	at org.springframework.data.repository.query.QueryCreationException.create(QueryCreationException.java:101)
	at org.springframework.data.repository.core.support.QueryExecutorMethodInterceptor.lookupQuery(QueryExecutorMethodInterceptor.java:120)
	at org.springframework.data.repository.core.support.QueryExecutorMethodInterceptor.mapMethodsToQuery(QueryExecutorMethodInterceptor.java:104)
	at org.springframework.data.repository.core.support.QueryExecutorMethodInterceptor.lambda$new$0(QueryExecutorMethodInterceptor.java:92)
	at java.base/java.util.Optional.map(Optional.java:260)
	at org.springframework.data.repository.core.support.QueryExecutorMethodInterceptor.<init>(QueryExecutorMethodInterceptor.java:92)
	at org.springframework.data.repository.core.support.RepositoryFactorySupport.getRepository(RepositoryFactorySupport.java:440)
	at org.springframework.data.repository.core.support.RepositoryFactoryBeanSupport.lambda$afterPropertiesSet$4(RepositoryFactoryBeanSupport.java:350)
	at org.springframework.data.util.Lazy.getNullable(Lazy.java:135)
	at org.springframework.data.util.Lazy.get(Lazy.java:113)
	at org.springframework.data.repository.core.support.RepositoryFactoryBeanSupport.afterPropertiesSet(RepositoryFactoryBeanSupport.java:356)
	at org.springframework.data.jpa.repository.support.JpaRepositoryFactoryBean.afterPropertiesSet(JpaRepositoryFactoryBean.java:132)
	at org.springframework.beans.factory.support.AbstractAutowireCapableBeanFactory.invokeInitMethods(AbstractAutowireCapableBeanFactory.java:1859)
	at org.springframework.beans.factory.support.AbstractAutowireCapableBeanFactory.initializeBean(AbstractAutowireCapableBeanFactory.java:1808)
	... 44 common frames omitted
Caused by: java.lang.IllegalArgumentException: Failed to create query for method public abstract java.util.List com.planit.userservice.repository.InterestCategoryRepository.findByIdIn(java.util.List); No property 'id' found for type 'InterestCategoryEntity'
	at org.springframework.data.jpa.repository.query.PartTreeJpaQuery.<init>(PartTreeJpaQuery.java:107)
	at org.springframework.data.jpa.repository.query.JpaQueryLookupStrategy$CreateQueryLookupStrategy.resolveQuery(JpaQueryLookupStrategy.java:128)
	at org.springframework.data.jpa.repository.query.JpaQueryLookupStrategy$CreateIfNotFoundQueryLookupStrategy.resolveQuery(JpaQueryLookupStrategy.java:262)
	at org.springframework.data.jpa.repository.query.JpaQueryLookupStrategy$AbstractQueryLookupStrategy.resolveQuery(JpaQueryLookupStrategy.java:99)
	at org.springframework.data.repository.core.support.QueryExecutorMethodInterceptor.lookupQuery(QueryExecutorMethodInterceptor.java:116)
	... 56 common frames omitted
Caused by: org.springframework.data.mapping.PropertyReferenceException: No property 'id' found for type 'InterestCategoryEntity'
	at org.springframework.data.mapping.PropertyPath.<init>(PropertyPath.java:94)
	at org.springframework.data.mapping.PropertyPath.create(PropertyPath.java:455)
	at org.springframework.data.mapping.PropertyPath.create(PropertyPath.java:431)
	at org.springframework.data.mapping.PropertyPath.lambda$from$0(PropertyPath.java:384)
	at java.base/java.util.concurrent.ConcurrentMap.computeIfAbsent(ConcurrentMap.java:330)
	at org.springframework.data.mapping.PropertyPath.from(PropertyPath.java:366)
	at org.springframework.data.mapping.PropertyPath.from(PropertyPath.java:344)
	at org.springframework.data.repository.query.parser.Part.<init>(Part.java:81)
	at org.springframework.data.repository.query.parser.PartTree$OrPart.lambda$new$0(PartTree.java:259)
	at java.base/java.util.stream.ReferencePipeline$3$1.accept(ReferencePipeline.java:197)
	at java.base/java.util.stream.ReferencePipeline$2$1.accept(ReferencePipeline.java:179)
	at java.base/java.util.Spliterators$ArraySpliterator.forEachRemaining(Spliterators.java:992)
	at java.base/java.util.stream.AbstractPipeline.copyInto(AbstractPipeline.java:509)
	at java.base/java.util.stream.AbstractPipeline.wrapAndCopyInto(AbstractPipeline.java:499)
	at java.base/java.util.stream.ReduceOps$ReduceOp.evaluateSequential(ReduceOps.java:921)
	at java.base/java.util.stream.AbstractPipeline.evaluate(AbstractPipeline.java:234)
	at java.base/java.util.stream.ReferencePipeline.collect(ReferencePipeline.java:682)
	at org.springframework.data.repository.query.parser.PartTree$OrPart.<init>(PartTree.java:260)
	at org.springframework.data.repository.query.parser.PartTree$Predicate.lambda$new$0(PartTree.java:389)
	at java.base/java.util.stream.ReferencePipeline$3$1.accept(ReferencePipeline.java:197)
	at java.base/java.util.stream.ReferencePipeline$2$1.accept(ReferencePipeline.java:179)
	at java.base/java.util.Spliterators$ArraySpliterator.forEachRemaining(Spliterators.java:992)
	at java.base/java.util.stream.AbstractPipeline.copyInto(AbstractPipeline.java:509)
	at java.base/java.util.stream.AbstractPipeline.wrapAndCopyInto(AbstractPipeline.java:499)
	at java.base/java.util.stream.ReduceOps$ReduceOp.evaluateSequential(ReduceOps.java:921)
	at java.base/java.util.stream.AbstractPipeline.evaluate(AbstractPipeline.java:234)
	at java.base/java.util.stream.ReferencePipeline.collect(ReferencePipeline.java:682)
	at org.springframework.data.repository.query.parser.PartTree$Predicate.<init>(PartTree.java:390)
	at org.springframework.data.repository.query.parser.PartTree.<init>(PartTree.java:103)
	at org.springframework.data.jpa.repository.query.PartTreeJpaQuery.<init>(PartTreeJpaQuery.java:101)
	... 60 common frames omitted
2026-03-04 13:48:45 INFO  [] [background-preinit] o.h.validator.internal.util.Version : HV000001: Hibernate Validator 8.0.2.Final
2026-03-04 13:48:45 INFO  [] [main] c.p.b.PlanitBaseTemplateApplication : Starting PlanitBaseTemplateApplication using Java 17.0.18 with PID 14484 (C:\barumi\PlanIt-User-svc\build\classes\java\main started by DS23 in C:\barumi\PlanIt-User-svc)
2026-03-04 13:48:45 INFO  [] [main] c.p.b.PlanitBaseTemplateApplication : The following 1 profile is active: "local-no-redis"
2026-03-04 13:48:45 INFO  [] [main] o.s.d.r.c.RepositoryConfigurationDelegate : Multiple Spring Data modules found, entering strict repository configuration mode
2026-03-04 13:48:45 INFO  [] [main] o.s.d.r.c.RepositoryConfigurationDelegate : Bootstrapping Spring Data JPA repositories in DEFAULT mode.
2026-03-04 13:48:46 INFO  [] [main] o.s.d.r.c.RepositoryConfigurationDelegate : Finished Spring Data repository scanning in 112 ms. Found 6 JPA repository interfaces.
2026-03-04 13:48:46 INFO  [] [main] o.s.d.r.c.RepositoryConfigurationDelegate : Multiple Spring Data modules found, entering strict repository configuration mode
2026-03-04 13:48:46 INFO  [] [main] o.s.d.r.c.RepositoryConfigurationDelegate : Bootstrapping Spring Data Redis repositories in DEFAULT mode.
2026-03-04 13:48:46 INFO  [] [main] o.s.d.r.c.RepositoryConfigurationDelegate : Finished Spring Data repository scanning in 2 ms. Found 0 Redis repository interfaces.
2026-03-04 13:48:47 INFO  [] [main] o.s.b.w.e.tomcat.TomcatWebServer : Tomcat initialized with port 8080 (http)
2026-03-04 13:48:47 INFO  [] [main] o.a.coyote.http11.Http11NioProtocol : Initializing ProtocolHandler ["http-nio-8080"]
2026-03-04 13:48:47 INFO  [] [main] o.a.catalina.core.StandardService : Starting service [Tomcat]
2026-03-04 13:48:47 INFO  [] [main] o.a.catalina.core.StandardEngine : Starting Servlet engine: [Apache Tomcat/10.1.36]
2026-03-04 13:48:47 INFO  [] [main] o.a.c.c.C.[Tomcat].[localhost].[/] : Initializing Spring embedded WebApplicationContext
2026-03-04 13:48:47 INFO  [] [main] o.s.b.w.s.c.ServletWebServerApplicationContext : Root WebApplicationContext: initialization completed in 1901 ms
2026-03-04 13:48:47 INFO  [] [main] o.h.jpa.internal.util.LogHelper : HHH000204: Processing PersistenceUnitInfo [name: default]
2026-03-04 13:48:47 INFO  [] [main] org.hibernate.Version : HHH000412: Hibernate ORM core version 6.6.8.Final
2026-03-04 13:48:47 INFO  [] [main] o.h.c.i.RegionFactoryInitiator : HHH000026: Second-level cache disabled
2026-03-04 13:48:47 INFO  [] [main] o.s.o.j.p.SpringPersistenceUnitInfo : No LoadTimeWeaver setup: ignoring JPA class transformer
2026-03-04 13:48:47 INFO  [] [main] com.zaxxer.hikari.HikariDataSource : HikariPool-1 - Starting...
2026-03-04 13:48:47 INFO  [] [main] com.zaxxer.hikari.pool.HikariPool : HikariPool-1 - Added connection org.mariadb.jdbc.Connection@24a1858a
2026-03-04 13:48:47 INFO  [] [main] com.zaxxer.hikari.HikariDataSource : HikariPool-1 - Start completed.
2026-03-04 13:48:47 INFO  [] [main] o.hibernate.orm.connections.pooling : HHH10001005: Database info:
	Database JDBC URL [Connecting through datasource 'HikariDataSource (HikariPool-1)']
	Database driver: undefined/unknown
	Database version: 11.8.3
	Autocommit mode: undefined/unknown
	Isolation level: undefined/unknown
	Minimum pool size: undefined/unknown
	Maximum pool size: undefined/unknown
2026-03-04 13:48:48 INFO  [] [main] o.h.e.t.j.p.i.JtaPlatformInitiator : HHH000489: No JTA platform available (set 'hibernate.transaction.jta.platform' to enable JTA platform integration)
2026-03-04 13:48:48 INFO  [] [main] o.s.o.j.LocalContainerEntityManagerFactoryBean : Initialized JPA EntityManagerFactory for persistence unit 'default'
2026-03-04 13:48:49 INFO  [] [main] o.s.d.j.r.query.QueryEnhancerFactory : Hibernate is in classpath; If applicable, HQL parser will be used.
2026-03-04 13:48:50 WARN  [] [main] o.s.b.a.o.j.JpaBaseConfiguration$JpaWebConfiguration : spring.jpa.open-in-view is enabled by default. Therefore, database queries may be performed during view rendering. Explicitly configure spring.jpa.open-in-view to disable this warning
2026-03-04 13:48:50 INFO  [] [main] o.s.s.c.a.a.c.InitializeUserDetailsBeanManagerConfigurer$InitializeUserDetailsManagerConfigurer : Global AuthenticationManager configured with UserDetailsService bean with name inMemoryUserDetailsManager
2026-03-04 13:48:50 INFO  [] [main] n.d.b.g.c.a.GrpcClientAutoConfiguration : Detected grpc-netty-shaded: Creating ShadedNettyChannelFactory + InProcessChannelFactory
2026-03-04 13:48:50 INFO  [] [main] o.s.b.a.e.web.EndpointLinksResolver : Exposing 2 endpoints beneath base path '/api/v1/users/actuator'
2026-03-04 13:48:51 INFO  [] [main] n.d.b.g.s.a.GrpcServerFactoryAutoConfiguration : Detected grpc-netty-shaded: Creating ShadedNettyGrpcServerFactory
2026-03-04 13:48:51 INFO  [] [main] o.a.coyote.http11.Http11NioProtocol : Starting ProtocolHandler ["http-nio-8080"]
2026-03-04 13:48:51 INFO  [] [main] o.s.b.w.e.tomcat.TomcatWebServer : Tomcat started on port 8080 (http) with context path '/'
2026-03-04 13:48:51 INFO  [] [main] n.d.b.g.s.s.AbstractGrpcServerFactory : Registered gRPC service: BaseTestGrpcService, bean: baseGrpcController, class: com.planit.basetemplate.grpc.BaseGrpcController
2026-03-04 13:48:51 INFO  [] [main] n.d.b.g.s.s.AbstractGrpcServerFactory : Registered gRPC service: grpc.health.v1.Health, bean: grpcHealthService, class: io.grpc.protobuf.services.HealthServiceImpl
2026-03-04 13:48:51 INFO  [] [main] n.d.b.g.s.s.AbstractGrpcServerFactory : Registered gRPC service: grpc.reflection.v1alpha.ServerReflection, bean: protoReflectionService, class: io.grpc.protobuf.services.ProtoReflectionService
2026-03-04 13:48:51 INFO  [] [main] n.d.b.g.s.s.GrpcServerLifecycle : gRPC Server started, listening on address: *, port: 9090
2026-03-04 13:48:51 INFO  [] [main] c.p.b.PlanitBaseTemplateApplication : Started PlanitBaseTemplateApplication in 6.892 seconds (process running for 7.215)
2026-03-04 13:49:43 INFO  [] [http-nio-8080-exec-1] o.a.c.c.C.[Tomcat].[localhost].[/] : Initializing Spring DispatcherServlet 'dispatcherServlet'
2026-03-04 13:49:43 INFO  [] [http-nio-8080-exec-1] o.s.web.servlet.DispatcherServlet : Initializing Servlet 'dispatcherServlet'
2026-03-04 13:49:43 INFO  [] [http-nio-8080-exec-1] o.s.web.servlet.DispatcherServlet : Completed initialization in 0 ms
2026-03-04 13:49:45 INFO  [69a7b9e81881269163d75649b8ef0e3e] [http-nio-8080-exec-9] o.s.api.AbstractOpenApiResource : Init duration for springdoc-openapi is: 986 ms
2026-03-04 13:49:53 INFO  [69a7b9f1b5e0bf24b473567355d23b29] [http-nio-8080-exec-2] c.p.u.controller.CategoryController : Get categories request
2026-03-04 13:49:53 INFO  [69a7b9f1bf425478b1c52c1cb5a423e0] [http-nio-8080-exec-4] c.p.u.controller.CategoryController : Get categories request
2026-03-04 13:49:55 INFO  [69a7b9f388a27959a5d2a8792e8b9c9f] [http-nio-8080-exec-8] c.p.u.controller.CategoryController : Get categories request
2026-03-04 14:04:16 INFO  [69a7bd50f266f4733ec2c31ad562c0e8] [http-nio-8080-exec-5] c.p.u.controller.TermController : Get terms request: type=SERVICE
2026-03-04 14:06:46 INFO  [69a7bde68a4ec46492b978c223242da4] [http-nio-8080-exec-8] c.p.u.controller.CategoryController : Get categories request
2026-03-04 14:11:17 INFO  [69a7bef5db5d4eb71d9fc9367f293c2e] [http-nio-8080-exec-9] c.p.u.controller.TermController : Get terms request: type=SERVICE
2026-03-04 14:11:19 INFO  [69a7bef75f694ba7f0b021d14552c524] [http-nio-8080-exec-2] c.p.u.controller.TermController : Get terms request: type=SERVICE
2026-03-04 14:11:29 INFO  [69a7bf014edc20b49502e27e477da8a6] [http-nio-8080-exec-1] c.p.u.controller.CategoryController : Get categories request
2026-03-04 14:11:35 INFO  [69a7bf07c3a00a270da643d7d57e1bb1] [http-nio-8080-exec-10] c.p.u.controller.CategoryController : Get categories request
2026-03-04 14:11:39 INFO  [69a7bf0bdb7445b79494e0ed0d29f81b] [http-nio-8080-exec-3] c.p.u.controller.CategoryController : Get categories request
2026-03-04 14:11:39 INFO  [69a7bf0b60be002c08ec5be3ab498bfd] [http-nio-8080-exec-5] c.p.u.controller.CategoryController : Get categories request
2026-03-04 14:11:48 INFO  [69a7bf14d5e5312a6c35b99665edaa5e] [http-nio-8080-exec-4] c.p.u.controller.CategoryController : Get categories request
2026-03-04 14:13:04 INFO  [69a7bf60839bff618e4bcc89335c6838] [http-nio-8080-exec-8] c.p.u.controller.FriendController : Get friends: anonymousUser
2026-03-04 14:13:04 WARN  [69a7bf60839bff618e4bcc89335c6838] [http-nio-8080-exec-8] o.s.d.w.c.SpringDataJacksonConfiguration$PageModule$WarningLoggingModifier : Serializing PageImpl instances as-is is not supported, meaning that there is no guarantee about the stability of the resulting JSON structure!
	For a stable JSON structure, please use Spring Data's PagedModel (globally via @EnableSpringDataWebSupport(pageSerializationMode = VIA_DTO))
	or Spring HATEOAS and Spring Data's PagedResourcesAssembler as documented in https://docs.spring.io/spring-data/commons/reference/repositories/core-extensions.html#core.web.pageables.

2026-03-04 14:16:57 INFO  [69a7c049bbac72d766deae7c38daee1b] [http-nio-8080-exec-9] c.p.u.controller.CategoryController : Get categories request
2026-03-04 14:18:06 INFO  [69a7c08e51175398eef41d779952e81f] [http-nio-8080-exec-2] c.p.u.controller.FriendController : Get friends: anonymousUser
2026-03-04 14:19:13 INFO  [69a7c0d14561e2f869b35e7e5f5fe1ae] [http-nio-8080-exec-10] c.p.u.controller.FriendController : Delete friend: 1 by anonymousUser
2026-03-04 14:19:15 INFO  [69a7c0d39ed3bfdfaca2f0bf2816c34b] [http-nio-8080-exec-4] c.p.u.controller.FriendController : Delete friend: 1 by anonymousUser
2026-03-04 14:19:21 INFO  [69a7c0d9455a1671145daf360e586df1] [http-nio-8080-exec-1] c.p.u.controller.FriendController : Delete friend: 3 by anonymousUser
2026-03-04 14:19:29 INFO  [69a7c0e1c27c3dbeb3991f2bcfb1618a] [http-nio-8080-exec-7] c.p.u.controller.FriendController : Delete friend: 2 by anonymousUser
2026-03-04 14:19:34 INFO  [69a7c0e6357e607090edfb58e1c212af] [http-nio-8080-exec-8] c.p.u.controller.FriendController : Delete friend: 1 by anonymousUser
2026-03-04 14:22:42 INFO  [69a7c1a2fb4bf6f464f7f12d91624288] [http-nio-8080-exec-9] c.p.u.controller.FriendController : Get received requests: anonymousUser
2026-03-04 14:22:43 INFO  [69a7c1a3159b01203eb2c69f15b18185] [http-nio-8080-exec-3] c.p.u.controller.FriendController : Get received requests: anonymousUser
2026-03-04 14:23:43 INFO  [69a7c1dfa1d410e571cff5361b25dabf] [http-nio-8080-exec-5] c.p.u.controller.UserController : Update profile request: anonymousUser
2026-03-04 14:24:25 INFO  [69a7c209db558b80e518f98c53c47f5f] [http-nio-8080-exec-10] c.p.u.controller.UserController : Search users request: 개발자A
2026-03-04 14:24:47 INFO  [69a7c21f64f9be2edadf9b11d63a474b] [http-nio-8080-exec-4] c.p.u.controller.UserController : Search users request: 플랜잇마스터
2026-03-04 14:24:59 INFO  [69a7c22bf12c39e5ba5823458e66afe7] [http-nio-8080-exec-1] c.p.u.controller.UserController : Search users request: 떠난사람
2026-03-04 14:25:10 INFO  [69a7c23664d9c1e62d611dac4295f741] [http-nio-8080-exec-7] c.p.u.controller.UserController : Search users request: 플랜잇마스터
2026-03-04 14:25:46 INFO  [69a7c25a20197cd30cbb6779039a178f] [http-nio-8080-exec-8] c.p.u.controller.UserController : Update profile request: anonymousUser
2026-03-04 14:25:52 INFO  [69a7c260eb614ecc817da7509903edbb] [http-nio-8080-exec-6] c.p.u.controller.UserController : Update profile request: anonymousUser
2026-03-04 14:25:56 INFO  [69a7c264cf187b8fff3a3cb81074a9c4] [http-nio-8080-exec-9] c.p.u.controller.UserController : Update profile request: anonymousUser
2026-03-04 14:26:10 INFO  [69a7c272e55ce4590c0b942affc7050e] [http-nio-8080-exec-3] c.p.u.controller.UserController : Update profile request: anonymousUser
2026-03-04 14:28:57 INFO  [69a7c3193389b10284643215c3963caf] [http-nio-8080-exec-1] c.p.u.controller.AuthController : Signup request: 잠자는준용
2026-03-04 14:28:58 ERROR [69a7c3193389b10284643215c3963caf] [http-nio-8080-exec-1] c.p.u.security.CognitoService : Cognito ID Token validation failed: Invalid Access Token (Service: CognitoIdentityProvider, Status Code: 400, Request ID: d20df58c-246c-45c0-9b8c-a860984079e5)
2026-03-04 14:29:53 INFO  [69a7c3519fb80c493b317f58fe0b1a80] [http-nio-8080-exec-7] c.p.u.controller.AuthController : Login request
2026-03-04 14:29:53 ERROR [69a7c3519fb80c493b317f58fe0b1a80] [http-nio-8080-exec-7] c.p.u.security.CognitoService : Cognito ID Token validation failed: Invalid Access Token (Service: CognitoIdentityProvider, Status Code: 400, Request ID: fc8de6d8-f110-4d00-b9ce-114486f2f6ce)
2026-03-04 14:31:29 INFO  [69a7c3b1e3b59ce9c4d3e66785054b68] [http-nio-8080-exec-6] c.p.u.controller.FriendController : Delete friend: 1 by anonymousUser
2026-03-04 14:31:35 INFO  [69a7c3b709f216e63b12e4903409d7f1] [http-nio-8080-exec-9] c.p.u.controller.FriendController : Delete friend: 2 by anonymousUser
2026-03-04 14:32:07 INFO  [69a7c3d7d4c00896ba04e4752e681068] [http-nio-8080-exec-3] c.p.u.controller.FriendController : Delete friend: 3 by anonymousUser
2026-03-04 14:32:29 INFO  [69a7c3ed58a755e0ed1cd2cde3845d46] [http-nio-8080-exec-2] c.p.u.controller.FriendController : Get received requests: anonymousUser
2026-03-04 14:32:39 INFO  [69a7c3f755df5582c73afd4bdf219c8b] [http-nio-8080-exec-5] c.p.u.controller.FriendController : Get received requests: anonymousUser
2026-03-04 14:32:56 INFO  [69a7c408526fcb946bda30daf15729e1] [http-nio-8080-exec-10] c.p.u.controller.FriendController : Process friend request: 1 by anonymousUser
2026-03-04 14:33:04 INFO  [69a7c4107df719fe88092cba3d385a9a] [http-nio-8080-exec-4] c.p.u.controller.FriendController : Process friend request: 2 by anonymousUser
2026-03-04 14:33:18 INFO  [69a7c41e93795fe780492c0ba4202fe3] [http-nio-8080-exec-1] c.p.u.controller.CategoryController : Get categories request
2026-03-04 14:39:01 INFO  [69a7c575b2df9daece9449af6e7ef456] [http-nio-8080-exec-8] c.p.u.controller.CategoryController : Get categories request
2026-03-04 14:56:02 INFO  [] [background-preinit] o.h.validator.internal.util.Version : HV000001: Hibernate Validator 8.0.2.Final
2026-03-04 14:56:02 INFO  [] [main] c.p.b.PlanitBaseTemplateApplication : Starting PlanitBaseTemplateApplication using Java 17.0.18 with PID 14124 (C:\barumi\PlanIt-User-svc\build\classes\java\main started by DS23 in C:\barumi\PlanIt-User-svc)
2026-03-04 14:56:02 INFO  [] [main] c.p.b.PlanitBaseTemplateApplication : The following 1 profile is active: "local-no-redis"
2026-03-04 14:56:02 INFO  [] [main] o.s.d.r.c.RepositoryConfigurationDelegate : Multiple Spring Data modules found, entering strict repository configuration mode
2026-03-04 14:56:02 INFO  [] [main] o.s.d.r.c.RepositoryConfigurationDelegate : Bootstrapping Spring Data JPA repositories in DEFAULT mode.
2026-03-04 14:56:02 INFO  [] [main] o.s.d.r.c.RepositoryConfigurationDelegate : Finished Spring Data repository scanning in 119 ms. Found 6 JPA repository interfaces.
2026-03-04 14:56:03 INFO  [] [main] o.s.d.r.c.RepositoryConfigurationDelegate : Multiple Spring Data modules found, entering strict repository configuration mode
2026-03-04 14:56:03 INFO  [] [main] o.s.d.r.c.RepositoryConfigurationDelegate : Bootstrapping Spring Data Redis repositories in DEFAULT mode.
2026-03-04 14:56:03 INFO  [] [main] o.s.d.r.c.RepositoryConfigurationDelegate : Finished Spring Data repository scanning in 1 ms. Found 0 Redis repository interfaces.
2026-03-04 14:56:04 INFO  [] [main] o.s.b.w.e.tomcat.TomcatWebServer : Tomcat initialized with port 8080 (http)
2026-03-04 14:56:04 INFO  [] [main] o.a.coyote.http11.Http11NioProtocol : Initializing ProtocolHandler ["http-nio-8080"]
2026-03-04 14:56:04 INFO  [] [main] o.a.catalina.core.StandardService : Starting service [Tomcat]
2026-03-04 14:56:04 INFO  [] [main] o.a.catalina.core.StandardEngine : Starting Servlet engine: [Apache Tomcat/10.1.36]
2026-03-04 14:56:04 INFO  [] [main] o.a.c.c.C.[Tomcat].[localhost].[/] : Initializing Spring embedded WebApplicationContext
2026-03-04 14:56:04 INFO  [] [main] o.s.b.w.s.c.ServletWebServerApplicationContext : Root WebApplicationContext: initialization completed in 1997 ms
2026-03-04 14:56:04 INFO  [] [main] o.h.jpa.internal.util.LogHelper : HHH000204: Processing PersistenceUnitInfo [name: default]
2026-03-04 14:56:04 INFO  [] [main] org.hibernate.Version : HHH000412: Hibernate ORM core version 6.6.8.Final
2026-03-04 14:56:04 INFO  [] [main] o.h.c.i.RegionFactoryInitiator : HHH000026: Second-level cache disabled
2026-03-04 14:56:04 INFO  [] [main] o.s.o.j.p.SpringPersistenceUnitInfo : No LoadTimeWeaver setup: ignoring JPA class transformer
2026-03-04 14:56:04 INFO  [] [main] com.zaxxer.hikari.HikariDataSource : HikariPool-1 - Starting...
2026-03-04 14:56:04 INFO  [] [main] com.zaxxer.hikari.pool.HikariPool : HikariPool-1 - Added connection org.mariadb.jdbc.Connection@1dbf727a
2026-03-04 14:56:04 INFO  [] [main] com.zaxxer.hikari.HikariDataSource : HikariPool-1 - Start completed.
2026-03-04 14:56:04 INFO  [] [main] o.hibernate.orm.connections.pooling : HHH10001005: Database info:
	Database JDBC URL [Connecting through datasource 'HikariDataSource (HikariPool-1)']
	Database driver: undefined/unknown
	Database version: 11.8.3
	Autocommit mode: undefined/unknown
	Isolation level: undefined/unknown
	Minimum pool size: undefined/unknown
	Maximum pool size: undefined/unknown
2026-03-04 14:56:05 INFO  [] [main] o.h.e.t.j.p.i.JtaPlatformInitiator : HHH000489: No JTA platform available (set 'hibernate.transaction.jta.platform' to enable JTA platform integration)
2026-03-04 14:56:05 INFO  [] [main] o.s.o.j.LocalContainerEntityManagerFactoryBean : Initialized JPA EntityManagerFactory for persistence unit 'default'
2026-03-04 14:56:06 INFO  [] [main] o.s.d.j.r.query.QueryEnhancerFactory : Hibernate is in classpath; If applicable, HQL parser will be used.
2026-03-04 14:56:07 WARN  [] [main] o.s.b.a.o.j.JpaBaseConfiguration$JpaWebConfiguration : spring.jpa.open-in-view is enabled by default. Therefore, database queries may be performed during view rendering. Explicitly configure spring.jpa.open-in-view to disable this warning
2026-03-04 14:56:07 INFO  [] [main] o.s.s.c.a.a.c.InitializeUserDetailsBeanManagerConfigurer$InitializeUserDetailsManagerConfigurer : Global AuthenticationManager configured with UserDetailsService bean with name inMemoryUserDetailsManager
2026-03-04 14:56:07 INFO  [] [main] n.d.b.g.c.a.GrpcClientAutoConfiguration : Detected grpc-netty-shaded: Creating ShadedNettyChannelFactory + InProcessChannelFactory
2026-03-04 14:56:07 INFO  [] [main] o.s.b.a.e.web.EndpointLinksResolver : Exposing 2 endpoints beneath base path '/api/v1/users/actuator'
2026-03-04 14:56:08 INFO  [] [main] n.d.b.g.s.a.GrpcServerFactoryAutoConfiguration : Detected grpc-netty-shaded: Creating ShadedNettyGrpcServerFactory
2026-03-04 14:56:08 INFO  [] [main] o.a.coyote.http11.Http11NioProtocol : Starting ProtocolHandler ["http-nio-8080"]
2026-03-04 14:56:08 INFO  [] [main] o.s.b.w.e.tomcat.TomcatWebServer : Tomcat started on port 8080 (http) with context path '/'
2026-03-04 14:56:08 INFO  [] [main] n.d.b.g.s.s.AbstractGrpcServerFactory : Registered gRPC service: BaseTestGrpcService, bean: baseGrpcController, class: com.planit.basetemplate.grpc.BaseGrpcController
2026-03-04 14:56:08 INFO  [] [main] n.d.b.g.s.s.AbstractGrpcServerFactory : Registered gRPC service: grpc.health.v1.Health, bean: grpcHealthService, class: io.grpc.protobuf.services.HealthServiceImpl
2026-03-04 14:56:08 INFO  [] [main] n.d.b.g.s.s.AbstractGrpcServerFactory : Registered gRPC service: grpc.reflection.v1alpha.ServerReflection, bean: protoReflectionService, class: io.grpc.protobuf.services.ProtoReflectionService
2026-03-04 14:56:08 INFO  [] [main] n.d.b.g.s.s.GrpcServerLifecycle : gRPC Server started, listening on address: *, port: 9090
2026-03-04 14:56:08 INFO  [] [main] c.p.b.PlanitBaseTemplateApplication : Started PlanitBaseTemplateApplication in 7.118 seconds (process running for 7.428)
2026-03-04 14:56:17 INFO  [] [http-nio-8080-exec-1] o.a.c.c.C.[Tomcat].[localhost].[/] : Initializing Spring DispatcherServlet 'dispatcherServlet'
2026-03-04 14:56:17 INFO  [] [http-nio-8080-exec-1] o.s.web.servlet.DispatcherServlet : Initializing Servlet 'dispatcherServlet'
2026-03-04 14:56:17 INFO  [] [http-nio-8080-exec-1] o.s.web.servlet.DispatcherServlet : Completed initialization in 0 ms
2026-03-04 14:56:18 INFO  [69a7c98134ca45b4e97017e402acb032] [http-nio-8080-exec-9] o.s.api.AbstractOpenApiResource : Init duration for springdoc-openapi is: 904 ms
2026-03-04 14:56:26 INFO  [69a7c98a1213179e5bdbf8ba72852196] [http-nio-8080-exec-3] c.p.u.controller.AuthController : Login request
2026-03-04 14:56:26 INFO  [69a7c98a1213179e5bdbf8ba72852196] [http-nio-8080-exec-3] c.p.u.security.CognitoService : Local profile detected - skipping Cognito validation, returning dummy user
2026-03-04 14:56:38 INFO  [69a7c996cbee701e3043a7268522307d] [http-nio-8080-exec-1] c.p.u.controller.AuthController : Login request
2026-03-04 14:56:38 INFO  [69a7c996cbee701e3043a7268522307d] [http-nio-8080-exec-1] c.p.u.security.CognitoService : Local profile detected - skipping Cognito validation, returning dummy user
2026-03-04 15:00:05 INFO  [69a7ca6521f424254e8ba2475fb32e28] [http-nio-8080-exec-8] c.p.u.controller.AuthController : Withdraw request: anonymousUser
2026-03-04 15:00:24 INFO  [69a7ca786a373835219b4427b1655d07] [http-nio-8080-exec-7] c.p.u.controller.UserController : Update profile request: anonymousUser
2026-03-04 15:00:30 INFO  [69a7ca7e8f6499cc9a76c5bbc4cd7e59] [http-nio-8080-exec-9] c.p.u.controller.UserController : Update profile request: anonymousUser
2026-03-04 15:01:17 INFO  [69a7caad3c785dc0ee63d58196c8e003] [http-nio-8080-exec-3] c.p.u.controller.UserController : Search users request: 플랜잇마스터
2026-03-04 15:47:07 INFO  [69a7d56b2f8c3c738adef8adba29544b] [http-nio-8080-exec-10] c.p.u.controller.CategoryController : Get categories request
2026-03-04 15:48:50 INFO  [] [background-preinit] o.h.validator.internal.util.Version : HV000001: Hibernate Validator 8.0.2.Final
2026-03-04 15:48:50 INFO  [] [main] c.p.b.PlanitBaseTemplateApplication : Starting PlanitBaseTemplateApplication using Java 17.0.18 with PID 6124 (C:\barumi\PlanIt-User-svc\build\classes\java\main started by DS23 in C:\barumi\PlanIt-User-svc)
2026-03-04 15:48:50 INFO  [] [main] c.p.b.PlanitBaseTemplateApplication : The following 1 profile is active: "local-no-redis"
2026-03-04 15:48:50 INFO  [] [main] o.s.d.r.c.RepositoryConfigurationDelegate : Multiple Spring Data modules found, entering strict repository configuration mode
2026-03-04 15:48:50 INFO  [] [main] o.s.d.r.c.RepositoryConfigurationDelegate : Bootstrapping Spring Data JPA repositories in DEFAULT mode.
2026-03-04 15:48:51 INFO  [] [main] o.s.d.r.c.RepositoryConfigurationDelegate : Finished Spring Data repository scanning in 121 ms. Found 6 JPA repository interfaces.
2026-03-04 15:48:51 INFO  [] [main] o.s.d.r.c.RepositoryConfigurationDelegate : Multiple Spring Data modules found, entering strict repository configuration mode
2026-03-04 15:48:51 INFO  [] [main] o.s.d.r.c.RepositoryConfigurationDelegate : Bootstrapping Spring Data Redis repositories in DEFAULT mode.
2026-03-04 15:48:51 INFO  [] [main] o.s.d.r.c.RepositoryConfigurationDelegate : Finished Spring Data repository scanning in 2 ms. Found 0 Redis repository interfaces.
2026-03-04 15:48:52 INFO  [] [main] o.s.b.w.e.tomcat.TomcatWebServer : Tomcat initialized with port 8080 (http)
2026-03-04 15:48:52 INFO  [] [main] o.a.coyote.http11.Http11NioProtocol : Initializing ProtocolHandler ["http-nio-8080"]
2026-03-04 15:48:52 INFO  [] [main] o.a.catalina.core.StandardService : Starting service [Tomcat]
2026-03-04 15:48:52 INFO  [] [main] o.a.catalina.core.StandardEngine : Starting Servlet engine: [Apache Tomcat/10.1.36]
2026-03-04 15:48:52 INFO  [] [main] o.a.c.c.C.[Tomcat].[localhost].[/] : Initializing Spring embedded WebApplicationContext
2026-03-04 15:48:52 INFO  [] [main] o.s.b.w.s.c.ServletWebServerApplicationContext : Root WebApplicationContext: initialization completed in 1798 ms
2026-03-04 15:48:52 INFO  [] [main] o.h.jpa.internal.util.LogHelper : HHH000204: Processing PersistenceUnitInfo [name: default]
2026-03-04 15:48:52 INFO  [] [main] org.hibernate.Version : HHH000412: Hibernate ORM core version 6.6.8.Final
2026-03-04 15:48:52 INFO  [] [main] o.h.c.i.RegionFactoryInitiator : HHH000026: Second-level cache disabled
2026-03-04 15:48:52 INFO  [] [main] o.s.o.j.p.SpringPersistenceUnitInfo : No LoadTimeWeaver setup: ignoring JPA class transformer
2026-03-04 15:48:52 INFO  [] [main] com.zaxxer.hikari.HikariDataSource : HikariPool-1 - Starting...
2026-03-04 15:48:52 INFO  [] [main] com.zaxxer.hikari.pool.HikariPool : HikariPool-1 - Added connection org.mariadb.jdbc.Connection@28dd8786
2026-03-04 15:48:52 INFO  [] [main] com.zaxxer.hikari.HikariDataSource : HikariPool-1 - Start completed.
2026-03-04 15:48:52 INFO  [] [main] o.hibernate.orm.connections.pooling : HHH10001005: Database info:
	Database JDBC URL [Connecting through datasource 'HikariDataSource (HikariPool-1)']
	Database driver: undefined/unknown
	Database version: 11.8.3
	Autocommit mode: undefined/unknown
	Isolation level: undefined/unknown
	Minimum pool size: undefined/unknown
	Maximum pool size: undefined/unknown
2026-03-04 15:48:53 INFO  [] [main] o.h.e.t.j.p.i.JtaPlatformInitiator : HHH000489: No JTA platform available (set 'hibernate.transaction.jta.platform' to enable JTA platform integration)
2026-03-04 15:48:53 INFO  [] [main] o.s.o.j.LocalContainerEntityManagerFactoryBean : Initialized JPA EntityManagerFactory for persistence unit 'default'
2026-03-04 15:48:53 INFO  [] [main] o.s.d.j.r.query.QueryEnhancerFactory : Hibernate is in classpath; If applicable, HQL parser will be used.
2026-03-04 15:48:55 WARN  [] [main] o.s.b.a.o.j.JpaBaseConfiguration$JpaWebConfiguration : spring.jpa.open-in-view is enabled by default. Therefore, database queries may be performed during view rendering. Explicitly configure spring.jpa.open-in-view to disable this warning
2026-03-04 15:48:55 INFO  [] [main] o.s.s.c.a.a.c.InitializeUserDetailsBeanManagerConfigurer$InitializeUserDetailsManagerConfigurer : Global AuthenticationManager configured with UserDetailsService bean with name inMemoryUserDetailsManager
2026-03-04 15:48:55 INFO  [] [main] n.d.b.g.c.a.GrpcClientAutoConfiguration : Detected grpc-netty-shaded: Creating ShadedNettyChannelFactory + InProcessChannelFactory
2026-03-04 15:48:55 INFO  [] [main] o.s.b.a.e.web.EndpointLinksResolver : Exposing 2 endpoints beneath base path '/api/v1/users/actuator'
2026-03-04 15:48:56 INFO  [] [main] n.d.b.g.s.a.GrpcServerFactoryAutoConfiguration : Detected grpc-netty-shaded: Creating ShadedNettyGrpcServerFactory
2026-03-04 15:48:56 INFO  [] [main] o.a.coyote.http11.Http11NioProtocol : Starting ProtocolHandler ["http-nio-8080"]
2026-03-04 15:48:56 INFO  [] [main] o.s.b.w.e.tomcat.TomcatWebServer : Tomcat started on port 8080 (http) with context path '/'
2026-03-04 15:48:56 INFO  [] [main] n.d.b.g.s.s.AbstractGrpcServerFactory : Registered gRPC service: BaseTestGrpcService, bean: baseGrpcController, class: com.planit.basetemplate.grpc.BaseGrpcController
2026-03-04 15:48:56 INFO  [] [main] n.d.b.g.s.s.AbstractGrpcServerFactory : Registered gRPC service: grpc.health.v1.Health, bean: grpcHealthService, class: io.grpc.protobuf.services.HealthServiceImpl
2026-03-04 15:48:56 INFO  [] [main] n.d.b.g.s.s.AbstractGrpcServerFactory : Registered gRPC service: grpc.reflection.v1alpha.ServerReflection, bean: protoReflectionService, class: io.grpc.protobuf.services.ProtoReflectionService
2026-03-04 15:48:56 INFO  [] [main] n.d.b.g.s.s.GrpcServerLifecycle : gRPC Server started, listening on address: *, port: 9090
2026-03-04 15:48:56 INFO  [] [main] c.p.b.PlanitBaseTemplateApplication : Started PlanitBaseTemplateApplication in 6.833 seconds (process running for 7.196)
2026-03-04 15:52:39 INFO  [] [http-nio-8080-exec-1] o.a.c.c.C.[Tomcat].[localhost].[/] : Initializing Spring DispatcherServlet 'dispatcherServlet'
2026-03-04 15:52:39 INFO  [] [http-nio-8080-exec-1] o.s.web.servlet.DispatcherServlet : Initializing Servlet 'dispatcherServlet'
2026-03-04 15:52:39 INFO  [] [http-nio-8080-exec-1] o.s.web.servlet.DispatcherServlet : Completed initialization in 0 ms
2026-03-04 15:52:50 INFO  [69a7d6c29e36d1cec3c62b66b56a2613] [http-nio-8080-exec-2] c.p.u.controller.CategoryController : Get categories request
2026-03-04 15:53:29 INFO  [] [background-preinit] o.h.validator.internal.util.Version : HV000001: Hibernate Validator 8.0.2.Final
2026-03-04 15:53:29 INFO  [] [main] c.p.b.PlanitBaseTemplateApplication : Starting PlanitBaseTemplateApplication using Java 17.0.18 with PID 23932 (C:\barumi\PlanIt-User-svc\build\classes\java\main started by DS23 in C:\barumi\PlanIt-User-svc)
2026-03-04 15:53:29 INFO  [] [main] c.p.b.PlanitBaseTemplateApplication : The following 1 profile is active: "local-no-redis"
2026-03-04 15:53:30 INFO  [] [main] o.s.d.r.c.RepositoryConfigurationDelegate : Multiple Spring Data modules found, entering strict repository configuration mode
2026-03-04 15:53:30 INFO  [] [main] o.s.d.r.c.RepositoryConfigurationDelegate : Bootstrapping Spring Data JPA repositories in DEFAULT mode.
2026-03-04 15:53:30 INFO  [] [main] o.s.d.r.c.RepositoryConfigurationDelegate : Finished Spring Data repository scanning in 110 ms. Found 6 JPA repository interfaces.
2026-03-04 15:53:30 INFO  [] [main] o.s.d.r.c.RepositoryConfigurationDelegate : Multiple Spring Data modules found, entering strict repository configuration mode
2026-03-04 15:53:30 INFO  [] [main] o.s.d.r.c.RepositoryConfigurationDelegate : Bootstrapping Spring Data Redis repositories in DEFAULT mode.
2026-03-04 15:53:30 INFO  [] [main] o.s.d.r.c.RepositoryConfigurationDelegate : Finished Spring Data repository scanning in 2 ms. Found 0 Redis repository interfaces.
2026-03-04 15:53:31 INFO  [] [main] o.s.b.w.e.tomcat.TomcatWebServer : Tomcat initialized with port 8080 (http)
2026-03-04 15:53:31 INFO  [] [main] o.a.coyote.http11.Http11NioProtocol : Initializing ProtocolHandler ["http-nio-8080"]
2026-03-04 15:53:31 INFO  [] [main] o.a.catalina.core.StandardService : Starting service [Tomcat]
2026-03-04 15:53:31 INFO  [] [main] o.a.catalina.core.StandardEngine : Starting Servlet engine: [Apache Tomcat/10.1.36]
2026-03-04 15:53:31 INFO  [] [main] o.a.c.c.C.[Tomcat].[localhost].[/] : Initializing Spring embedded WebApplicationContext
2026-03-04 15:53:31 INFO  [] [main] o.s.b.w.s.c.ServletWebServerApplicationContext : Root WebApplicationContext: initialization completed in 1893 ms
2026-03-04 15:53:31 INFO  [] [main] o.h.jpa.internal.util.LogHelper : HHH000204: Processing PersistenceUnitInfo [name: default]
2026-03-04 15:53:31 INFO  [] [main] org.hibernate.Version : HHH000412: Hibernate ORM core version 6.6.8.Final
2026-03-04 15:53:31 INFO  [] [main] o.h.c.i.RegionFactoryInitiator : HHH000026: Second-level cache disabled
2026-03-04 15:53:31 INFO  [] [main] o.s.o.j.p.SpringPersistenceUnitInfo : No LoadTimeWeaver setup: ignoring JPA class transformer
2026-03-04 15:53:31 INFO  [] [main] com.zaxxer.hikari.HikariDataSource : HikariPool-1 - Starting...
2026-03-04 15:53:31 INFO  [] [main] com.zaxxer.hikari.pool.HikariPool : HikariPool-1 - Added connection org.mariadb.jdbc.Connection@359a2c96
2026-03-04 15:53:31 INFO  [] [main] com.zaxxer.hikari.HikariDataSource : HikariPool-1 - Start completed.
2026-03-04 15:53:31 INFO  [] [main] o.hibernate.orm.connections.pooling : HHH10001005: Database info:
	Database JDBC URL [Connecting through datasource 'HikariDataSource (HikariPool-1)']
	Database driver: undefined/unknown
	Database version: 11.8.3
	Autocommit mode: undefined/unknown
	Isolation level: undefined/unknown
	Minimum pool size: undefined/unknown
	Maximum pool size: undefined/unknown
2026-03-04 15:53:32 INFO  [] [main] o.h.e.t.j.p.i.JtaPlatformInitiator : HHH000489: No JTA platform available (set 'hibernate.transaction.jta.platform' to enable JTA platform integration)
2026-03-04 15:53:32 INFO  [] [main] o.s.o.j.LocalContainerEntityManagerFactoryBean : Initialized JPA EntityManagerFactory for persistence unit 'default'
2026-03-04 15:53:33 INFO  [] [main] o.s.d.j.r.query.QueryEnhancerFactory : Hibernate is in classpath; If applicable, HQL parser will be used.
2026-03-04 15:53:35 WARN  [] [main] o.s.b.a.o.j.JpaBaseConfiguration$JpaWebConfiguration : spring.jpa.open-in-view is enabled by default. Therefore, database queries may be performed during view rendering. Explicitly configure spring.jpa.open-in-view to disable this warning
2026-03-04 15:53:35 INFO  [] [main] o.s.s.c.a.a.c.InitializeUserDetailsBeanManagerConfigurer$InitializeUserDetailsManagerConfigurer : Global AuthenticationManager configured with UserDetailsService bean with name inMemoryUserDetailsManager
2026-03-04 15:53:35 INFO  [] [main] n.d.b.g.c.a.GrpcClientAutoConfiguration : Detected grpc-netty-shaded: Creating ShadedNettyChannelFactory + InProcessChannelFactory
2026-03-04 15:53:35 INFO  [] [main] o.s.b.a.e.web.EndpointLinksResolver : Exposing 2 endpoints beneath base path '/api/v1/users/actuator'
2026-03-04 15:53:36 INFO  [] [main] n.d.b.g.s.a.GrpcServerFactoryAutoConfiguration : Detected grpc-netty-shaded: Creating ShadedNettyGrpcServerFactory
2026-03-04 15:53:36 INFO  [] [main] o.a.coyote.http11.Http11NioProtocol : Starting ProtocolHandler ["http-nio-8080"]
2026-03-04 15:53:36 INFO  [] [main] o.s.b.w.e.tomcat.TomcatWebServer : Tomcat started on port 8080 (http) with context path '/'
2026-03-04 15:53:36 INFO  [] [main] n.d.b.g.s.s.AbstractGrpcServerFactory : Registered gRPC service: BaseTestGrpcService, bean: baseGrpcController, class: com.planit.basetemplate.grpc.BaseGrpcController
2026-03-04 15:53:36 INFO  [] [main] n.d.b.g.s.s.AbstractGrpcServerFactory : Registered gRPC service: grpc.health.v1.Health, bean: grpcHealthService, class: io.grpc.protobuf.services.HealthServiceImpl
2026-03-04 15:53:36 INFO  [] [main] n.d.b.g.s.s.AbstractGrpcServerFactory : Registered gRPC service: grpc.reflection.v1alpha.ServerReflection, bean: protoReflectionService, class: io.grpc.protobuf.services.ProtoReflectionService
2026-03-04 15:53:36 INFO  [] [main] n.d.b.g.s.s.GrpcServerLifecycle : gRPC Server started, listening on address: *, port: 9090
2026-03-04 15:53:36 INFO  [] [main] c.p.b.PlanitBaseTemplateApplication : Started PlanitBaseTemplateApplication in 8.157 seconds (process running for 8.461)
2026-03-04 15:54:28 INFO  [] [http-nio-8080-exec-1] o.a.c.c.C.[Tomcat].[localhost].[/] : Initializing Spring DispatcherServlet 'dispatcherServlet'
2026-03-04 15:54:28 INFO  [] [http-nio-8080-exec-1] o.s.web.servlet.DispatcherServlet : Initializing Servlet 'dispatcherServlet'
2026-03-04 15:54:28 INFO  [] [http-nio-8080-exec-1] o.s.web.servlet.DispatcherServlet : Completed initialization in 0 ms
2026-03-04 15:54:30 INFO  [69a7d7249e3f922f6fb8356eece1750f] [http-nio-8080-exec-3] o.s.api.AbstractOpenApiResource : Init duration for springdoc-openapi is: 1048 ms
2026-03-04 15:54:40 INFO  [69a7d7309802c74293fa530dfeb7f88b] [http-nio-8080-exec-10] c.p.u.controller.CategoryController : Get categories request
2026-03-04 15:54:40 INFO  [69a7d7309802c74293fa530dfeb7f88b] [http-nio-8080-exec-10] c.p.u.service.CategoryService : Fetching categories from database
2026-03-04 16:00:23 INFO  [] [background-preinit] o.h.validator.internal.util.Version : HV000001: Hibernate Validator 8.0.2.Final
2026-03-04 16:00:23 INFO  [] [main] c.p.b.PlanitBaseTemplateApplication : Starting PlanitBaseTemplateApplication using Java 17.0.18 with PID 4988 (C:\barumi\PlanIt-User-svc\build\classes\java\main started by DS23 in C:\barumi\PlanIt-User-svc)
2026-03-04 16:00:23 INFO  [] [main] c.p.b.PlanitBaseTemplateApplication : The following 1 profile is active: "local-no-redis"
2026-03-04 16:00:24 INFO  [] [main] o.s.d.r.c.RepositoryConfigurationDelegate : Multiple Spring Data modules found, entering strict repository configuration mode
2026-03-04 16:00:24 INFO  [] [main] o.s.d.r.c.RepositoryConfigurationDelegate : Bootstrapping Spring Data JPA repositories in DEFAULT mode.
2026-03-04 16:00:24 INFO  [] [main] o.s.d.r.c.RepositoryConfigurationDelegate : Finished Spring Data repository scanning in 115 ms. Found 6 JPA repository interfaces.
2026-03-04 16:00:24 INFO  [] [main] o.s.d.r.c.RepositoryConfigurationDelegate : Multiple Spring Data modules found, entering strict repository configuration mode
2026-03-04 16:00:24 INFO  [] [main] o.s.d.r.c.RepositoryConfigurationDelegate : Bootstrapping Spring Data Redis repositories in DEFAULT mode.
2026-03-04 16:00:24 INFO  [] [main] o.s.d.r.c.RepositoryConfigurationDelegate : Finished Spring Data repository scanning in 2 ms. Found 0 Redis repository interfaces.
2026-03-04 16:00:25 INFO  [] [main] o.s.b.w.e.tomcat.TomcatWebServer : Tomcat initialized with port 8081 (http)
2026-03-04 16:00:25 INFO  [] [main] o.a.coyote.http11.Http11NioProtocol : Initializing ProtocolHandler ["http-nio-8081"]
2026-03-04 16:00:25 INFO  [] [main] o.a.catalina.core.StandardService : Starting service [Tomcat]
2026-03-04 16:00:25 INFO  [] [main] o.a.catalina.core.StandardEngine : Starting Servlet engine: [Apache Tomcat/10.1.36]
2026-03-04 16:00:25 INFO  [] [main] o.a.c.c.C.[Tomcat].[localhost].[/] : Initializing Spring embedded WebApplicationContext
2026-03-04 16:00:25 INFO  [] [main] o.s.b.w.s.c.ServletWebServerApplicationContext : Root WebApplicationContext: initialization completed in 2030 ms
2026-03-04 16:00:25 INFO  [] [main] o.h.jpa.internal.util.LogHelper : HHH000204: Processing PersistenceUnitInfo [name: default]
2026-03-04 16:00:25 INFO  [] [main] org.hibernate.Version : HHH000412: Hibernate ORM core version 6.6.8.Final
2026-03-04 16:00:25 INFO  [] [main] o.h.c.i.RegionFactoryInitiator : HHH000026: Second-level cache disabled
2026-03-04 16:00:26 INFO  [] [main] o.s.o.j.p.SpringPersistenceUnitInfo : No LoadTimeWeaver setup: ignoring JPA class transformer
2026-03-04 16:00:26 INFO  [] [main] com.zaxxer.hikari.HikariDataSource : HikariPool-1 - Starting...
2026-03-04 16:00:26 INFO  [] [main] com.zaxxer.hikari.pool.HikariPool : HikariPool-1 - Added connection org.mariadb.jdbc.Connection@2569afda
2026-03-04 16:00:26 INFO  [] [main] com.zaxxer.hikari.HikariDataSource : HikariPool-1 - Start completed.
2026-03-04 16:00:26 INFO  [] [main] o.hibernate.orm.connections.pooling : HHH10001005: Database info:
	Database JDBC URL [Connecting through datasource 'HikariDataSource (HikariPool-1)']
	Database driver: undefined/unknown
	Database version: 11.8.3
	Autocommit mode: undefined/unknown
	Isolation level: undefined/unknown
	Minimum pool size: undefined/unknown
	Maximum pool size: undefined/unknown
2026-03-04 16:00:27 INFO  [] [main] o.h.e.t.j.p.i.JtaPlatformInitiator : HHH000489: No JTA platform available (set 'hibernate.transaction.jta.platform' to enable JTA platform integration)
2026-03-04 16:00:27 INFO  [] [main] o.s.o.j.LocalContainerEntityManagerFactoryBean : Initialized JPA EntityManagerFactory for persistence unit 'default'
2026-03-04 16:00:27 INFO  [] [main] o.s.d.j.r.query.QueryEnhancerFactory : Hibernate is in classpath; If applicable, HQL parser will be used.
2026-03-04 16:00:28 WARN  [] [main] o.s.b.a.o.j.JpaBaseConfiguration$JpaWebConfiguration : spring.jpa.open-in-view is enabled by default. Therefore, database queries may be performed during view rendering. Explicitly configure spring.jpa.open-in-view to disable this warning
2026-03-04 16:00:28 INFO  [] [main] o.s.s.c.a.a.c.InitializeUserDetailsBeanManagerConfigurer$InitializeUserDetailsManagerConfigurer : Global AuthenticationManager configured with UserDetailsService bean with name inMemoryUserDetailsManager
2026-03-04 16:00:29 INFO  [] [main] n.d.b.g.c.a.GrpcClientAutoConfiguration : Detected grpc-netty-shaded: Creating ShadedNettyChannelFactory + InProcessChannelFactory
2026-03-04 16:00:29 INFO  [] [main] o.s.b.a.e.web.EndpointLinksResolver : Exposing 2 endpoints beneath base path '/api/v1/users/actuator'
2026-03-04 16:00:29 INFO  [] [main] n.d.b.g.s.a.GrpcServerFactoryAutoConfiguration : Detected grpc-netty-shaded: Creating ShadedNettyGrpcServerFactory
2026-03-04 16:00:30 INFO  [] [main] o.a.coyote.http11.Http11NioProtocol : Starting ProtocolHandler ["http-nio-8081"]
2026-03-04 16:00:30 INFO  [] [main] o.s.b.w.e.tomcat.TomcatWebServer : Tomcat started on port 8081 (http) with context path '/'
2026-03-04 16:00:30 INFO  [] [main] n.d.b.g.s.s.AbstractGrpcServerFactory : Registered gRPC service: BaseTestGrpcService, bean: baseGrpcController, class: com.planit.basetemplate.grpc.BaseGrpcController
2026-03-04 16:00:30 INFO  [] [main] n.d.b.g.s.s.AbstractGrpcServerFactory : Registered gRPC service: grpc.health.v1.Health, bean: grpcHealthService, class: io.grpc.protobuf.services.HealthServiceImpl
2026-03-04 16:00:30 INFO  [] [main] n.d.b.g.s.s.AbstractGrpcServerFactory : Registered gRPC service: grpc.reflection.v1alpha.ServerReflection, bean: protoReflectionService, class: io.grpc.protobuf.services.ProtoReflectionService
2026-03-04 16:00:30 INFO  [] [main] n.d.b.g.s.s.GrpcServerLifecycle : gRPC Server started, listening on address: *, port: 9090
2026-03-04 16:00:30 INFO  [] [main] c.p.b.PlanitBaseTemplateApplication : Started PlanitBaseTemplateApplication in 7.561 seconds (process running for 7.891)
2026-03-04 16:01:18 INFO  [] [http-nio-8081-exec-1] o.a.c.c.C.[Tomcat].[localhost].[/] : Initializing Spring DispatcherServlet 'dispatcherServlet'
2026-03-04 16:01:18 INFO  [] [http-nio-8081-exec-1] o.s.web.servlet.DispatcherServlet : Initializing Servlet 'dispatcherServlet'
2026-03-04 16:01:18 INFO  [] [http-nio-8081-exec-1] o.s.web.servlet.DispatcherServlet : Completed initialization in 2 ms
2026-03-04 16:01:19 INFO  [69a7d8bfb019dbffe938637e8170046d] [http-nio-8081-exec-4] o.s.api.AbstractOpenApiResource : Init duration for springdoc-openapi is: 776 ms
2026-03-04 16:01:39 INFO  [69a7d8d311fca94030fa5ced305567d4] [http-nio-8081-exec-10] c.p.u.controller.CategoryController : Get categories request
2026-03-04 16:01:39 INFO  [69a7d8d311fca94030fa5ced305567d4] [http-nio-8081-exec-10] c.p.u.service.CategoryService : Fetching categories from database
2026-03-04 16:02:13 INFO  [69a7d8f5979cc2411de07c1ac1e6fc46] [http-nio-8081-exec-3] c.p.u.controller.AuthController : Signup request: 떳니카테고리
2026-03-04 16:02:13 INFO  [69a7d8f5979cc2411de07c1ac1e6fc46] [http-nio-8081-exec-3] c.p.u.security.CognitoService : Local profile detected - skipping Cognito validation, returning dummy user
2026-03-04 16:02:15 WARN  [69a7d8f5979cc2411de07c1ac1e6fc46] [http-nio-8081-exec-3] c.p.userservice.service.AuthService : Redis is not available, skipping refresh token storage: Unable to connect to Redis
2026-03-04 16:02:18 INFO  [69a7d8fa9b3bae12e784c367b9df5e62] [http-nio-8081-exec-6] c.p.u.controller.AuthController : Signup request: 떳니카테고리
2026-03-04 16:02:21 INFO  [69a7d8fdbed311fa58129ae3a1821805] [http-nio-8081-exec-1] c.p.u.controller.AuthController : Signup request: 떳니카테고리
2026-03-04 16:02:29 INFO  [69a7d90565349518a598237bcfad891f] [http-nio-8081-exec-2] c.p.u.controller.AuthController : Signup request: 테스트
2026-03-04 16:02:29 INFO  [69a7d90565349518a598237bcfad891f] [http-nio-8081-exec-2] c.p.u.security.CognitoService : Local profile detected - skipping Cognito validation, returning dummy user
2026-03-04 16:02:29 WARN  [69a7d90565349518a598237bcfad891f] [http-nio-8081-exec-2] o.m.jdbc.message.server.ErrorPacket : Error: 1062-23000: Duplicate entry 'user@example.com' for key 'UK6dotkott2kjsp8vw4d0m25fb7'
2026-03-04 16:02:29 WARN  [69a7d90565349518a598237bcfad891f] [http-nio-8081-exec-2] o.h.e.jdbc.spi.SqlExceptionHelper : SQL Error: 1062, SQLState: 23000
2026-03-04 16:02:29 ERROR [69a7d90565349518a598237bcfad891f] [http-nio-8081-exec-2] o.h.e.jdbc.spi.SqlExceptionHelper : (conn=314) Duplicate entry 'user@example.com' for key 'UK6dotkott2kjsp8vw4d0m25fb7'
2026-03-04 16:02:32 INFO  [69a7d90865b58eb746aeeea2f98ad478] [http-nio-8081-exec-7] c.p.u.controller.AuthController : Signup request: 테스트
2026-03-04 16:02:32 INFO  [69a7d90865b58eb746aeeea2f98ad478] [http-nio-8081-exec-7] c.p.u.security.CognitoService : Local profile detected - skipping Cognito validation, returning dummy user
2026-03-04 16:02:32 WARN  [69a7d90865b58eb746aeeea2f98ad478] [http-nio-8081-exec-7] o.m.jdbc.message.server.ErrorPacket : Error: 1062-23000: Duplicate entry 'user@example.com' for key 'UK6dotkott2kjsp8vw4d0m25fb7'
2026-03-04 16:02:32 WARN  [69a7d90865b58eb746aeeea2f98ad478] [http-nio-8081-exec-7] o.h.e.jdbc.spi.SqlExceptionHelper : SQL Error: 1062, SQLState: 23000
2026-03-04 16:02:32 ERROR [69a7d90865b58eb746aeeea2f98ad478] [http-nio-8081-exec-7] o.h.e.jdbc.spi.SqlExceptionHelper : (conn=314) Duplicate entry 'user@example.com' for key 'UK6dotkott2kjsp8vw4d0m25fb7'
2026-03-04 16:02:35 INFO  [69a7d90bc3db18b64432e83415405938] [http-nio-8081-exec-8] c.p.u.controller.AuthController : Signup request: 테스트
2026-03-04 16:02:35 INFO  [69a7d90bc3db18b64432e83415405938] [http-nio-8081-exec-8] c.p.u.security.CognitoService : Local profile detected - skipping Cognito validation, returning dummy user
2026-03-04 16:02:35 WARN  [69a7d90bc3db18b64432e83415405938] [http-nio-8081-exec-8] o.m.jdbc.message.server.ErrorPacket : Error: 1062-23000: Duplicate entry 'user@example.com' for key 'UK6dotkott2kjsp8vw4d0m25fb7'
2026-03-04 16:02:35 WARN  [69a7d90bc3db18b64432e83415405938] [http-nio-8081-exec-8] o.h.e.jdbc.spi.SqlExceptionHelper : SQL Error: 1062, SQLState: 23000
2026-03-04 16:02:35 ERROR [69a7d90bc3db18b64432e83415405938] [http-nio-8081-exec-8] o.h.e.jdbc.spi.SqlExceptionHelper : (conn=314) Duplicate entry 'user@example.com' for key 'UK6dotkott2kjsp8vw4d0m25fb7'
2026-03-04 16:02:37 INFO  [69a7d90d81962d1061e80143d1364f3e] [http-nio-8081-exec-4] c.p.u.controller.AuthController : Signup request: 테스트
2026-03-04 16:02:37 INFO  [69a7d90d81962d1061e80143d1364f3e] [http-nio-8081-exec-4] c.p.u.security.CognitoService : Local profile detected - skipping Cognito validation, returning dummy user
2026-03-04 16:02:37 WARN  [69a7d90d81962d1061e80143d1364f3e] [http-nio-8081-exec-4] o.m.jdbc.message.server.ErrorPacket : Error: 1062-23000: Duplicate entry 'user@example.com' for key 'UK6dotkott2kjsp8vw4d0m25fb7'
2026-03-04 16:02:37 WARN  [69a7d90d81962d1061e80143d1364f3e] [http-nio-8081-exec-4] o.h.e.jdbc.spi.SqlExceptionHelper : SQL Error: 1062, SQLState: 23000
2026-03-04 16:02:37 ERROR [69a7d90d81962d1061e80143d1364f3e] [http-nio-8081-exec-4] o.h.e.jdbc.spi.SqlExceptionHelper : (conn=314) Duplicate entry 'user@example.com' for key 'UK6dotkott2kjsp8vw4d0m25fb7'
2026-03-04 16:02:44 INFO  [69a7d9142d2a6aa421d656994ea0ff5b] [http-nio-8081-exec-1] c.p.u.controller.AuthController : Signup request: 테스트
2026-03-04 16:02:44 INFO  [69a7d9142d2a6aa421d656994ea0ff5b] [http-nio-8081-exec-1] c.p.u.security.CognitoService : Local profile detected - skipping Cognito validation, returning dummy user
2026-03-04 16:02:44 WARN  [69a7d9142d2a6aa421d656994ea0ff5b] [http-nio-8081-exec-1] o.m.jdbc.message.server.ErrorPacket : Error: 1062-23000: Duplicate entry 'user@example.com' for key 'UK6dotkott2kjsp8vw4d0m25fb7'
2026-03-04 16:02:44 WARN  [69a7d9142d2a6aa421d656994ea0ff5b] [http-nio-8081-exec-1] o.h.e.jdbc.spi.SqlExceptionHelper : SQL Error: 1062, SQLState: 23000
2026-03-04 16:02:44 ERROR [69a7d9142d2a6aa421d656994ea0ff5b] [http-nio-8081-exec-1] o.h.e.jdbc.spi.SqlExceptionHelper : (conn=314) Duplicate entry 'user@example.com' for key 'UK6dotkott2kjsp8vw4d0m25fb7'
2026-03-04 16:02:49 INFO  [69a7d91945001935e6532e4d57253537] [http-nio-8081-exec-2] c.p.u.controller.AuthController : Signup request: 테스트
2026-03-04 16:02:49 INFO  [69a7d91945001935e6532e4d57253537] [http-nio-8081-exec-2] c.p.u.security.CognitoService : Local profile detected - skipping Cognito validation, returning dummy user
2026-03-04 16:02:49 WARN  [69a7d91945001935e6532e4d57253537] [http-nio-8081-exec-2] o.m.jdbc.message.server.ErrorPacket : Error: 1062-23000: Duplicate entry 'user@example.com' for key 'UK6dotkott2kjsp8vw4d0m25fb7'
2026-03-04 16:02:49 WARN  [69a7d91945001935e6532e4d57253537] [http-nio-8081-exec-2] o.h.e.jdbc.spi.SqlExceptionHelper : SQL Error: 1062, SQLState: 23000
2026-03-04 16:02:49 ERROR [69a7d91945001935e6532e4d57253537] [http-nio-8081-exec-2] o.h.e.jdbc.spi.SqlExceptionHelper : (conn=314) Duplicate entry 'user@example.com' for key 'UK6dotkott2kjsp8vw4d0m25fb7'
2026-03-04 16:03:20 INFO  [69a7d9382969a09d36c763a43e56dc3f] [http-nio-8081-exec-7] c.p.u.controller.CategoryController : Get categories request
2026-03-04 16:03:20 INFO  [69a7d9382969a09d36c763a43e56dc3f] [http-nio-8081-exec-7] c.p.u.service.CategoryService : Fetching categories from database
2026-03-04 16:03:42 INFO  [69a7d94ea0c9886aa216ed2b37dbb2f5] [http-nio-8081-exec-4] c.p.u.controller.AuthController : Signup request: 로그인은어딧냐
2026-03-04 16:03:42 INFO  [69a7d94ea0c9886aa216ed2b37dbb2f5] [http-nio-8081-exec-4] c.p.u.security.CognitoService : Local profile detected - skipping Cognito validation, returning dummy user
2026-03-04 16:03:42 WARN  [69a7d94ea0c9886aa216ed2b37dbb2f5] [http-nio-8081-exec-4] o.m.jdbc.message.server.ErrorPacket : Error: 1062-23000: Duplicate entry 'user@example.com' for key 'UK6dotkott2kjsp8vw4d0m25fb7'
2026-03-04 16:03:42 WARN  [69a7d94ea0c9886aa216ed2b37dbb2f5] [http-nio-8081-exec-4] o.h.e.jdbc.spi.SqlExceptionHelper : SQL Error: 1062, SQLState: 23000
2026-03-04 16:03:42 ERROR [69a7d94ea0c9886aa216ed2b37dbb2f5] [http-nio-8081-exec-4] o.h.e.jdbc.spi.SqlExceptionHelper : (conn=314) Duplicate entry 'user@example.com' for key 'UK6dotkott2kjsp8vw4d0m25fb7'
2026-03-04 16:04:03 INFO  [69a7d96318ebd0f4bb53a16abf0fe8a9] [http-nio-8081-exec-1] c.p.u.controller.AuthController : Signup request: 로그인은어딧냐
2026-03-04 16:04:03 INFO  [69a7d96318ebd0f4bb53a16abf0fe8a9] [http-nio-8081-exec-1] c.p.u.security.CognitoService : Local profile detected - skipping Cognito validation, returning dummy user
2026-03-04 16:04:03 WARN  [69a7d96318ebd0f4bb53a16abf0fe8a9] [http-nio-8081-exec-1] o.m.jdbc.message.server.ErrorPacket : Error: 1062-23000: Duplicate entry 'user@example.com' for key 'UK6dotkott2kjsp8vw4d0m25fb7'
2026-03-04 16:04:03 WARN  [69a7d96318ebd0f4bb53a16abf0fe8a9] [http-nio-8081-exec-1] o.h.e.jdbc.spi.SqlExceptionHelper : SQL Error: 1062, SQLState: 23000
2026-03-04 16:04:03 ERROR [69a7d96318ebd0f4bb53a16abf0fe8a9] [http-nio-8081-exec-1] o.h.e.jdbc.spi.SqlExceptionHelper : (conn=314) Duplicate entry 'user@example.com' for key 'UK6dotkott2kjsp8vw4d0m25fb7'
2026-03-04 16:04:13 INFO  [69a7d96d0c283cc2f3f32755912fec0d] [http-nio-8081-exec-2] c.p.u.controller.AuthController : Signup request: 로그인시켜줘
2026-03-04 16:04:13 INFO  [69a7d96d0c283cc2f3f32755912fec0d] [http-nio-8081-exec-2] c.p.u.security.CognitoService : Local profile detected - skipping Cognito validation, returning dummy user
2026-03-04 16:04:13 WARN  [69a7d96d0c283cc2f3f32755912fec0d] [http-nio-8081-exec-2] o.m.jdbc.message.server.ErrorPacket : Error: 1062-23000: Duplicate entry 'user@example.com' for key 'UK6dotkott2kjsp8vw4d0m25fb7'
2026-03-04 16:04:13 WARN  [69a7d96d0c283cc2f3f32755912fec0d] [http-nio-8081-exec-2] o.h.e.jdbc.spi.SqlExceptionHelper : SQL Error: 1062, SQLState: 23000
2026-03-04 16:04:13 ERROR [69a7d96d0c283cc2f3f32755912fec0d] [http-nio-8081-exec-2] o.h.e.jdbc.spi.SqlExceptionHelper : (conn=314) Duplicate entry 'user@example.com' for key 'UK6dotkott2kjsp8vw4d0m25fb7'
2026-03-04 16:04:15 INFO  [69a7d96f9a6e003e860ed85958eba145] [http-nio-8081-exec-7] c.p.u.controller.CategoryController : Get categories request
2026-03-04 16:04:15 INFO  [69a7d96f9a6e003e860ed85958eba145] [http-nio-8081-exec-7] c.p.u.service.CategoryService : Fetching categories from database
2026-03-04 16:04:16 INFO  [69a7d97063fd101d7b595febb509fc0a] [http-nio-8081-exec-8] c.p.u.controller.CategoryController : Get categories request
2026-03-04 16:04:16 INFO  [69a7d97063fd101d7b595febb509fc0a] [http-nio-8081-exec-8] c.p.u.service.CategoryService : Fetching categories from database
2026-03-04 16:04:23 INFO  [69a7d977a1671c6e74ec7d27a6df1034] [http-nio-8081-exec-4] c.p.u.controller.AuthController : Signup request: 로긴좀시켜죠
2026-03-04 16:04:23 INFO  [69a7d977a1671c6e74ec7d27a6df1034] [http-nio-8081-exec-4] c.p.u.security.CognitoService : Local profile detected - skipping Cognito validation, returning dummy user
2026-03-04 16:04:23 WARN  [69a7d977a1671c6e74ec7d27a6df1034] [http-nio-8081-exec-4] o.m.jdbc.message.server.ErrorPacket : Error: 1062-23000: Duplicate entry 'user@example.com' for key 'UK6dotkott2kjsp8vw4d0m25fb7'
2026-03-04 16:04:23 WARN  [69a7d977a1671c6e74ec7d27a6df1034] [http-nio-8081-exec-4] o.h.e.jdbc.spi.SqlExceptionHelper : SQL Error: 1062, SQLState: 23000
2026-03-04 16:04:23 ERROR [69a7d977a1671c6e74ec7d27a6df1034] [http-nio-8081-exec-4] o.h.e.jdbc.spi.SqlExceptionHelper : (conn=314) Duplicate entry 'user@example.com' for key 'UK6dotkott2kjsp8vw4d0m25fb7'
2026-03-04 16:06:10 INFO  [69a7d9e2bfed0f114ef7d0380611879f] [http-nio-8081-exec-3] c.p.u.controller.CategoryController : Get categories request
2026-03-04 16:06:10 INFO  [69a7d9e2bfed0f114ef7d0380611879f] [http-nio-8081-exec-3] c.p.u.service.CategoryService : Fetching categories from database
2026-03-04 16:06:11 INFO  [69a7d9e3df47d8690acdf8af1c7937b0] [http-nio-8081-exec-6] c.p.u.controller.CategoryController : Get categories request
2026-03-04 16:06:11 INFO  [69a7d9e3df47d8690acdf8af1c7937b0] [http-nio-8081-exec-6] c.p.u.service.CategoryService : Fetching categories from database
2026-03-04 16:06:17 INFO  [69a7d9e9e0eb6ea0abb0ee7f43471bdc] [http-nio-8081-exec-9] c.p.u.controller.AuthController : Signup request: 로그인좀
2026-03-04 16:06:17 INFO  [69a7d9e9e0eb6ea0abb0ee7f43471bdc] [http-nio-8081-exec-9] c.p.u.security.CognitoService : Local profile detected - skipping Cognito validation, returning dummy user
2026-03-04 16:06:17 WARN  [69a7d9e9e0eb6ea0abb0ee7f43471bdc] [http-nio-8081-exec-9] c.p.userservice.service.AuthService : Redis is not available, skipping refresh token storage: Unable to connect to Redis
2026-03-04 16:06:23 INFO  [69a7d9ef70b3f54e8990125d68771843] [http-nio-8081-exec-4] c.p.u.controller.FriendController : Get friends: 019cb7ab-3989-7415-a6e2-ebce860ec459
2026-03-04 16:06:23 INFO  [69a7d9ef44ab3f51c6e10cc6b4b99623] [http-nio-8081-exec-10] c.p.u.controller.FriendController : Get received requests: 019cb7ab-3989-7415-a6e2-ebce860ec459
2026-03-04 16:06:23 WARN  [69a7d9ef44ab3f51c6e10cc6b4b99623] [http-nio-8081-exec-10] o.s.d.w.c.SpringDataJacksonConfiguration$PageModule$WarningLoggingModifier : Serializing PageImpl instances as-is is not supported, meaning that there is no guarantee about the stability of the resulting JSON structure!
	For a stable JSON structure, please use Spring Data's PagedModel (globally via @EnableSpringDataWebSupport(pageSerializationMode = VIA_DTO))
	or Spring HATEOAS and Spring Data's PagedResourcesAssembler as documented in https://docs.spring.io/spring-data/commons/reference/repositories/core-extensions.html#core.web.pageables.

2026-03-04 16:06:28 INFO  [69a7d9f46f6f3ad2165ffba555d011c3] [http-nio-8081-exec-3] c.p.u.controller.UserController : Search users request: 플ㄹ
2026-03-04 16:06:28 INFO  [69a7d9f4f37f7b166da534a687dc4114] [http-nio-8081-exec-6] c.p.u.controller.UserController : Search users request: 플래
2026-03-04 16:06:28 INFO  [69a7d9f4252fb893eb67eb8d78cfc0c6] [http-nio-8081-exec-9] c.p.u.controller.UserController : Search users request: 플랜
2026-03-04 16:06:28 INFO  [69a7d9f463f26869a3a9718bc669c0b0] [http-nio-8081-exec-5] c.p.u.controller.UserController : Search users request: 플랜ㅇ
2026-03-04 16:06:28 INFO  [69a7d9f4e2e32d2870c8e8355db7dc4f] [http-nio-8081-exec-4] c.p.u.controller.UserController : Search users request: 플랜이
2026-03-04 16:06:29 INFO  [69a7d9f5d234fed93701f0f3d8180655] [http-nio-8081-exec-3] c.p.u.controller.UserController : Search users request: 플랜잇
2026-03-04 16:06:30 INFO  [69a7d9f64b41a0c5813b899aa6b91a17] [http-nio-8081-exec-9] c.p.u.controller.FriendController : Get received requests: 019cb7ab-3989-7415-a6e2-ebce860ec459
2026-03-04 16:06:54 INFO  [69a7da0e4dc6a0d648ee6379c513e6c2] [http-nio-8081-exec-4] c.p.u.controller.FriendController : Get friends: 019cb7ab-3989-7415-a6e2-ebce860ec459
2026-03-04 16:06:54 INFO  [69a7da0e144d80c0deafa532899646ef] [http-nio-8081-exec-10] c.p.u.controller.FriendController : Get received requests: 019cb7ab-3989-7415-a6e2-ebce860ec459
2026-03-04 16:07:09 INFO  [69a7da1dc3c3209dcf51bc8bbb52a6e4] [http-nio-8081-exec-7] c.p.u.controller.FriendController : Get friends: 019cb7ab-3989-7415-a6e2-ebce860ec459
2026-03-04 16:07:09 INFO  [69a7da1d135115cb8c969ad390a16905] [http-nio-8081-exec-9] c.p.u.controller.FriendController : Get received requests: 019cb7ab-3989-7415-a6e2-ebce860ec459
2026-03-04 16:07:23 INFO  [69a7da2b2582c09a1d85ebfc5b39e598] [http-nio-8081-exec-8] c.p.u.controller.UserController : Search users request: 카테
2026-03-04 16:07:25 INFO  [69a7da2d107e0e9fe00388a5a898d5b6] [http-nio-8081-exec-3] c.p.u.controller.FriendController : Get received requests: 019cb7ab-3989-7415-a6e2-ebce860ec459
2026-03-04 16:07:29 INFO  [69a7da31d426042075c1cca57f0d633a] [http-nio-8081-exec-7] c.p.u.controller.FriendController : Get friends: 019cb7ab-3989-7415-a6e2-ebce860ec459
2026-03-04 16:07:29 INFO  [69a7da31bb5dbe8dac1268ae1782091b] [http-nio-8081-exec-9] c.p.u.controller.FriendController : Get received requests: 019cb7ab-3989-7415-a6e2-ebce860ec459
2026-03-04 16:07:33 INFO  [69a7da35c783bd78b512f92e4ddb0d0d] [http-nio-8081-exec-4] c.p.u.controller.CategoryController : Get categories request
2026-03-04 16:07:33 INFO  [69a7da35c783bd78b512f92e4ddb0d0d] [http-nio-8081-exec-4] c.p.u.service.CategoryService : Fetching categories from database
2026-03-04 16:08:19 INFO  [69a7da635e03088c1ec3d4576b800810] [http-nio-8081-exec-6] c.p.u.controller.CategoryController : Get categories request
2026-03-04 16:08:19 INFO  [69a7da635e03088c1ec3d4576b800810] [http-nio-8081-exec-6] c.p.u.service.CategoryService : Fetching categories from database
2026-03-04 16:08:28 INFO  [69a7da6cc257a4056eb71920f1793ce5] [http-nio-8081-exec-8] c.p.u.controller.FriendController : Get friends: 019cb7ab-3989-7415-a6e2-ebce860ec459
2026-03-04 16:08:28 INFO  [69a7da6c6e3eb2c64340f253a3d15056] [http-nio-8081-exec-5] c.p.u.controller.FriendController : Get received requests: 019cb7ab-3989-7415-a6e2-ebce860ec459
2026-03-04 16:08:42 INFO  [69a7da7a0df0d3134e9ecf304bbfaac9] [http-nio-8081-exec-4] c.p.u.controller.UserController : Search users request: 사요
2026-03-04 16:08:42 INFO  [69a7da7a0438d16f93d0905056e95a4d] [http-nio-8081-exec-3] c.p.u.controller.UserController : Search users request: 사용
2026-03-04 16:08:43 INFO  [69a7da7b3e615a917847064438987fa0] [http-nio-8081-exec-6] c.p.u.controller.UserController : Search users request: 사ㅇ
2026-03-04 16:08:44 INFO  [69a7da7cd7ed1b69fb3afc9b8814ff52] [http-nio-8081-exec-9] c.p.u.controller.UserController : Search users request: 카테
2026-03-04 16:08:45 INFO  [69a7da7d035860b468aac9ab70ac694c] [http-nio-8081-exec-5] c.p.u.controller.UserController : Search users request: 카ㅌ
2026-03-04 16:14:12 INFO  [] [background-preinit] o.h.validator.internal.util.Version : HV000001: Hibernate Validator 8.0.2.Final
2026-03-04 16:14:13 INFO  [] [main] c.p.b.PlanitBaseTemplateApplication : Starting PlanitBaseTemplateApplication using Java 17.0.18 with PID 16804 (C:\barumi\PlanIt-User-svc\build\classes\java\main started by DS23 in C:\barumi\PlanIt-User-svc)
2026-03-04 16:14:13 INFO  [] [main] c.p.b.PlanitBaseTemplateApplication : The following 1 profile is active: "local-no-redis"
2026-03-04 16:14:13 INFO  [] [main] o.s.d.r.c.RepositoryConfigurationDelegate : Multiple Spring Data modules found, entering strict repository configuration mode
2026-03-04 16:14:13 INFO  [] [main] o.s.d.r.c.RepositoryConfigurationDelegate : Bootstrapping Spring Data JPA repositories in DEFAULT mode.
2026-03-04 16:14:13 INFO  [] [main] o.s.d.r.c.RepositoryConfigurationDelegate : Finished Spring Data repository scanning in 116 ms. Found 6 JPA repository interfaces.
2026-03-04 16:14:14 INFO  [] [main] o.s.d.r.c.RepositoryConfigurationDelegate : Multiple Spring Data modules found, entering strict repository configuration mode
2026-03-04 16:14:14 INFO  [] [main] o.s.d.r.c.RepositoryConfigurationDelegate : Bootstrapping Spring Data Redis repositories in DEFAULT mode.
2026-03-04 16:14:14 INFO  [] [main] o.s.d.r.c.RepositoryConfigurationDelegate : Finished Spring Data repository scanning in 2 ms. Found 0 Redis repository interfaces.
2026-03-04 16:14:14 INFO  [] [main] o.s.b.w.e.tomcat.TomcatWebServer : Tomcat initialized with port 8081 (http)
2026-03-04 16:14:14 INFO  [] [main] o.a.coyote.http11.Http11NioProtocol : Initializing ProtocolHandler ["http-nio-8081"]
2026-03-04 16:14:14 INFO  [] [main] o.a.catalina.core.StandardService : Starting service [Tomcat]
2026-03-04 16:14:14 INFO  [] [main] o.a.catalina.core.StandardEngine : Starting Servlet engine: [Apache Tomcat/10.1.36]
2026-03-04 16:14:14 INFO  [] [main] o.a.c.c.C.[Tomcat].[localhost].[/] : Initializing Spring embedded WebApplicationContext
2026-03-04 16:14:14 INFO  [] [main] o.s.b.w.s.c.ServletWebServerApplicationContext : Root WebApplicationContext: initialization completed in 1826 ms
2026-03-04 16:14:15 INFO  [] [main] o.h.jpa.internal.util.LogHelper : HHH000204: Processing PersistenceUnitInfo [name: default]
2026-03-04 16:14:15 INFO  [] [main] org.hibernate.Version : HHH000412: Hibernate ORM core version 6.6.8.Final
2026-03-04 16:14:15 INFO  [] [main] o.h.c.i.RegionFactoryInitiator : HHH000026: Second-level cache disabled
2026-03-04 16:14:15 INFO  [] [main] o.s.o.j.p.SpringPersistenceUnitInfo : No LoadTimeWeaver setup: ignoring JPA class transformer
2026-03-04 16:14:15 INFO  [] [main] com.zaxxer.hikari.HikariDataSource : HikariPool-1 - Starting...
2026-03-04 16:14:15 INFO  [] [main] com.zaxxer.hikari.pool.HikariPool : HikariPool-1 - Added connection org.mariadb.jdbc.Connection@3b663112
2026-03-04 16:14:15 INFO  [] [main] com.zaxxer.hikari.HikariDataSource : HikariPool-1 - Start completed.
2026-03-04 16:14:15 INFO  [] [main] o.hibernate.orm.connections.pooling : HHH10001005: Database info:
	Database JDBC URL [Connecting through datasource 'HikariDataSource (HikariPool-1)']
	Database driver: undefined/unknown
	Database version: 11.8.3
	Autocommit mode: undefined/unknown
	Isolation level: undefined/unknown
	Minimum pool size: undefined/unknown
	Maximum pool size: undefined/unknown
2026-03-04 16:14:16 INFO  [] [main] o.h.e.t.j.p.i.JtaPlatformInitiator : HHH000489: No JTA platform available (set 'hibernate.transaction.jta.platform' to enable JTA platform integration)
2026-03-04 16:14:16 INFO  [] [main] o.s.o.j.LocalContainerEntityManagerFactoryBean : Initialized JPA EntityManagerFactory for persistence unit 'default'
2026-03-04 16:14:17 INFO  [] [main] o.s.d.j.r.query.QueryEnhancerFactory : Hibernate is in classpath; If applicable, HQL parser will be used.
2026-03-04 16:14:18 WARN  [] [main] o.s.b.a.o.j.JpaBaseConfiguration$JpaWebConfiguration : spring.jpa.open-in-view is enabled by default. Therefore, database queries may be performed during view rendering. Explicitly configure spring.jpa.open-in-view to disable this warning
2026-03-04 16:14:18 INFO  [] [main] o.s.s.c.a.a.c.InitializeUserDetailsBeanManagerConfigurer$InitializeUserDetailsManagerConfigurer : Global AuthenticationManager configured with UserDetailsService bean with name inMemoryUserDetailsManager
2026-03-04 16:14:19 INFO  [] [main] n.d.b.g.c.a.GrpcClientAutoConfiguration : Detected grpc-netty-shaded: Creating ShadedNettyChannelFactory + InProcessChannelFactory
2026-03-04 16:14:19 INFO  [] [main] o.s.b.a.e.web.EndpointLinksResolver : Exposing 2 endpoints beneath base path '/api/v1/users/actuator'
2026-03-04 16:14:19 INFO  [] [main] n.d.b.g.s.a.GrpcServerFactoryAutoConfiguration : Detected grpc-netty-shaded: Creating ShadedNettyGrpcServerFactory
2026-03-04 16:14:20 INFO  [] [main] o.a.coyote.http11.Http11NioProtocol : Starting ProtocolHandler ["http-nio-8081"]
2026-03-04 16:14:20 INFO  [] [main] o.s.b.w.e.tomcat.TomcatWebServer : Tomcat started on port 8081 (http) with context path '/'
2026-03-04 16:14:20 INFO  [] [main] n.d.b.g.s.s.AbstractGrpcServerFactory : Registered gRPC service: BaseTestGrpcService, bean: baseGrpcController, class: com.planit.basetemplate.grpc.BaseGrpcController
2026-03-04 16:14:20 INFO  [] [main] n.d.b.g.s.s.AbstractGrpcServerFactory : Registered gRPC service: grpc.health.v1.Health, bean: grpcHealthService, class: io.grpc.protobuf.services.HealthServiceImpl
2026-03-04 16:14:20 INFO  [] [main] n.d.b.g.s.s.AbstractGrpcServerFactory : Registered gRPC service: grpc.reflection.v1alpha.ServerReflection, bean: protoReflectionService, class: io.grpc.protobuf.services.ProtoReflectionService
2026-03-04 16:14:20 INFO  [] [main] n.d.b.g.s.s.GrpcServerLifecycle : gRPC Server started, listening on address: *, port: 9090
2026-03-04 16:14:20 INFO  [] [main] c.p.b.PlanitBaseTemplateApplication : Started PlanitBaseTemplateApplication in 7.92 seconds (process running for 8.322)
2026-03-04 16:14:49 INFO  [] [http-nio-8081-exec-1] o.a.c.c.C.[Tomcat].[localhost].[/] : Initializing Spring DispatcherServlet 'dispatcherServlet'
2026-03-04 16:14:49 INFO  [] [http-nio-8081-exec-1] o.s.web.servlet.DispatcherServlet : Initializing Servlet 'dispatcherServlet'
2026-03-04 16:14:49 INFO  [] [http-nio-8081-exec-1] o.s.web.servlet.DispatcherServlet : Completed initialization in 3 ms
2026-03-04 16:14:49 INFO  [69a7dbe9a49ed0cb3fa4e8e9e9ea1535] [http-nio-8081-exec-10] c.p.u.controller.UserController : Get profile request: 019cb7ab-3989-7415-a6e2-ebce860ec459
2026-03-04 16:14:57 INFO  [69a7dbf15fcd984e23d4d2d4e24cd587] [http-nio-8081-exec-2] c.p.u.controller.UserController : Update profile request: 019cb7ab-3989-7415-a6e2-ebce860ec459
2026-03-04 16:14:57 INFO  [69a7dbf1e40b7e2c83d3a8a9ae0363df] [http-nio-8081-exec-5] c.p.u.controller.UserController : Get profile request: 019cb7ab-3989-7415-a6e2-ebce860ec459
2026-03-04 16:15:08 INFO  [69a7dbfc86b17ba9e4060cb57a49a106] [http-nio-8081-exec-8] c.p.u.controller.UserController : Update profile request: 019cb7ab-3989-7415-a6e2-ebce860ec459
2026-03-04 16:15:08 INFO  [69a7dbfc8071736e12386118de92d042] [http-nio-8081-exec-6] c.p.u.controller.UserController : Get profile request: 019cb7ab-3989-7415-a6e2-ebce860ec459
2026-03-04 16:15:16 INFO  [69a7dc04dc918f9b608eb6f2fd7619f2] [http-nio-8081-exec-2] c.p.u.controller.FriendController : Get friends: 019cb7ab-3989-7415-a6e2-ebce860ec459
2026-03-04 16:15:16 INFO  [69a7dc04501102d610d55d06fa8c42bd] [http-nio-8081-exec-3] c.p.u.controller.FriendController : Get received requests: 019cb7ab-3989-7415-a6e2-ebce860ec459
2026-03-04 16:15:16 WARN  [69a7dc04dc918f9b608eb6f2fd7619f2] [http-nio-8081-exec-2] o.s.d.w.c.SpringDataJacksonConfiguration$PageModule$WarningLoggingModifier : Serializing PageImpl instances as-is is not supported, meaning that there is no guarantee about the stability of the resulting JSON structure!
	For a stable JSON structure, please use Spring Data's PagedModel (globally via @EnableSpringDataWebSupport(pageSerializationMode = VIA_DTO))
	or Spring HATEOAS and Spring Data's PagedResourcesAssembler as documented in https://docs.spring.io/spring-data/commons/reference/repositories/core-extensions.html#core.web.pageables.

2026-03-04 16:20:17 INFO  [69a7dd31589ba70e0ccbcfa93afb6193] [http-nio-8081-exec-9] c.p.u.controller.FriendController : Get friends: 019cb7ab-3989-7415-a6e2-ebce860ec459
2026-03-04 16:20:17 INFO  [69a7dd31cc9b5b75ae2a57473977a2c0] [http-nio-8081-exec-6] c.p.u.controller.FriendController : Get received requests: 019cb7ab-3989-7415-a6e2-ebce860ec459
2026-03-04 16:21:31 ERROR [69a7dd7bf32ae128f99743267c0f77d3] [http-nio-8081-exec-7] c.p.userservice.security.JwtProvider : JWT validation failed: JWT expired 14708 milliseconds ago at 2026-03-04T07:21:17.000Z. Current time: 2026-03-04T07:21:31.708Z. Allowed clock skew: 0 milliseconds.
2026-03-04 16:21:31 ERROR [69a7dd7b50b363c5d5285f273f673f55] [http-nio-8081-exec-5] c.p.userservice.security.JwtProvider : JWT validation failed: JWT expired 14708 milliseconds ago at 2026-03-04T07:21:17.000Z. Current time: 2026-03-04T07:21:31.708Z. Allowed clock skew: 0 milliseconds.
2026-03-04 16:21:31 INFO  [69a7dd7bf32ae128f99743267c0f77d3] [http-nio-8081-exec-7] c.p.u.controller.FriendController : Get friends: anonymousUser
2026-03-04 16:21:31 INFO  [69a7dd7b50b363c5d5285f273f673f55] [http-nio-8081-exec-5] c.p.u.controller.FriendController : Get received requests: anonymousUser
2026-03-04 16:21:33 ERROR [69a7dd7d4e57b238eb32570b45d62dd5] [http-nio-8081-exec-9] c.p.userservice.security.JwtProvider : JWT validation failed: JWT expired 16677 milliseconds ago at 2026-03-04T07:21:17.000Z. Current time: 2026-03-04T07:21:33.677Z. Allowed clock skew: 0 milliseconds.
2026-03-04 16:21:33 ERROR [69a7dd7db1adf4b465a3ae69d0fc10d7] [http-nio-8081-exec-6] c.p.userservice.security.JwtProvider : JWT validation failed: JWT expired 16677 milliseconds ago at 2026-03-04T07:21:17.000Z. Current time: 2026-03-04T07:21:33.677Z. Allowed clock skew: 0 milliseconds.
2026-03-04 16:21:33 INFO  [69a7dd7db1adf4b465a3ae69d0fc10d7] [http-nio-8081-exec-6] c.p.u.controller.FriendController : Get friends: anonymousUser
2026-03-04 16:21:33 INFO  [69a7dd7d4e57b238eb32570b45d62dd5] [http-nio-8081-exec-9] c.p.u.controller.FriendController : Get received requests: anonymousUser
2026-03-04 16:21:36 ERROR [69a7dd80f4db8a904bc704b43b46318f] [http-nio-8081-exec-3] c.p.userservice.security.JwtProvider : JWT validation failed: JWT expired 19682 milliseconds ago at 2026-03-04T07:21:17.000Z. Current time: 2026-03-04T07:21:36.682Z. Allowed clock skew: 0 milliseconds.
2026-03-04 16:21:36 ERROR [69a7dd8036599f978b9465cf4bd1f5b0] [http-nio-8081-exec-2] c.p.userservice.security.JwtProvider : JWT validation failed: JWT expired 19681 milliseconds ago at 2026-03-04T07:21:17.000Z. Current time: 2026-03-04T07:21:36.681Z. Allowed clock skew: 0 milliseconds.
2026-03-04 16:21:36 INFO  [69a7dd8036599f978b9465cf4bd1f5b0] [http-nio-8081-exec-2] c.p.u.controller.FriendController : Get friends: anonymousUser
2026-03-04 16:21:36 INFO  [69a7dd80f4db8a904bc704b43b46318f] [http-nio-8081-exec-3] c.p.u.controller.FriendController : Get received requests: anonymousUser
2026-03-04 16:21:43 ERROR [69a7dd87852ee3daff6776b9a7ff393d] [http-nio-8081-exec-8] c.p.userservice.security.JwtProvider : JWT validation failed: JWT expired 26069 milliseconds ago at 2026-03-04T07:21:17.000Z. Current time: 2026-03-04T07:21:43.069Z. Allowed clock skew: 0 milliseconds.
2026-03-04 16:21:43 ERROR [69a7dd87872cb3f68c68c094acc7ea62] [http-nio-8081-exec-4] c.p.userservice.security.JwtProvider : JWT validation failed: JWT expired 26069 milliseconds ago at 2026-03-04T07:21:17.000Z. Current time: 2026-03-04T07:21:43.069Z. Allowed clock skew: 0 milliseconds.
2026-03-04 16:21:43 INFO  [69a7dd87852ee3daff6776b9a7ff393d] [http-nio-8081-exec-8] c.p.u.controller.FriendController : Get received requests: anonymousUser
2026-03-04 16:21:43 INFO  [69a7dd87872cb3f68c68c094acc7ea62] [http-nio-8081-exec-4] c.p.u.controller.FriendController : Get friends: anonymousUser
2026-03-04 16:21:43 ERROR [69a7dd87774f7f68c0871ffa8c9f664d] [http-nio-8081-exec-1] c.p.userservice.security.JwtProvider : JWT validation failed: JWT expired 26920 milliseconds ago at 2026-03-04T07:21:17.000Z. Current time: 2026-03-04T07:21:43.920Z. Allowed clock skew: 0 milliseconds.
2026-03-04 16:21:43 INFO  [69a7dd87774f7f68c0871ffa8c9f664d] [http-nio-8081-exec-1] c.p.u.controller.UserController : Get profile request: anonymousUser
2026-03-04 16:21:43 INFO  [69a7dd87ca789f52e0b105fce6e43ee0] [http-nio-8081-exec-10] c.p.u.controller.CategoryController : Get categories request
2026-03-04 16:21:43 INFO  [69a7dd87ca789f52e0b105fce6e43ee0] [http-nio-8081-exec-10] c.p.u.service.CategoryService : Fetching categories from database
2026-03-04 16:23:25 INFO  [] [background-preinit] o.h.validator.internal.util.Version : HV000001: Hibernate Validator 8.0.2.Final
2026-03-04 16:23:26 INFO  [] [main] c.p.b.PlanitBaseTemplateApplication : Starting PlanitBaseTemplateApplication using Java 17.0.18 with PID 2376 (C:\barumi\PlanIt-User-svc\build\classes\java\main started by DS23 in C:\barumi\PlanIt-User-svc)
2026-03-04 16:23:26 INFO  [] [main] c.p.b.PlanitBaseTemplateApplication : The following 1 profile is active: "local-no-redis"
2026-03-04 16:23:26 INFO  [] [main] o.s.d.r.c.RepositoryConfigurationDelegate : Multiple Spring Data modules found, entering strict repository configuration mode
2026-03-04 16:23:26 INFO  [] [main] o.s.d.r.c.RepositoryConfigurationDelegate : Bootstrapping Spring Data JPA repositories in DEFAULT mode.
2026-03-04 16:23:26 INFO  [] [main] o.s.d.r.c.RepositoryConfigurationDelegate : Finished Spring Data repository scanning in 114 ms. Found 6 JPA repository interfaces.
2026-03-04 16:23:27 INFO  [] [main] o.s.d.r.c.RepositoryConfigurationDelegate : Multiple Spring Data modules found, entering strict repository configuration mode
2026-03-04 16:23:27 INFO  [] [main] o.s.d.r.c.RepositoryConfigurationDelegate : Bootstrapping Spring Data Redis repositories in DEFAULT mode.
2026-03-04 16:23:27 INFO  [] [main] o.s.d.r.c.RepositoryConfigurationDelegate : Finished Spring Data repository scanning in 2 ms. Found 0 Redis repository interfaces.
2026-03-04 16:23:27 INFO  [] [main] o.s.b.w.e.tomcat.TomcatWebServer : Tomcat initialized with port 8081 (http)
2026-03-04 16:23:27 INFO  [] [main] o.a.coyote.http11.Http11NioProtocol : Initializing ProtocolHandler ["http-nio-8081"]
2026-03-04 16:23:27 INFO  [] [main] o.a.catalina.core.StandardService : Starting service [Tomcat]
2026-03-04 16:23:27 INFO  [] [main] o.a.catalina.core.StandardEngine : Starting Servlet engine: [Apache Tomcat/10.1.36]
2026-03-04 16:23:28 INFO  [] [main] o.a.c.c.C.[Tomcat].[localhost].[/] : Initializing Spring embedded WebApplicationContext
2026-03-04 16:23:28 INFO  [] [main] o.s.b.w.s.c.ServletWebServerApplicationContext : Root WebApplicationContext: initialization completed in 1983 ms
2026-03-04 16:23:28 INFO  [] [main] o.h.jpa.internal.util.LogHelper : HHH000204: Processing PersistenceUnitInfo [name: default]
2026-03-04 16:23:28 INFO  [] [main] org.hibernate.Version : HHH000412: Hibernate ORM core version 6.6.8.Final
2026-03-04 16:23:28 INFO  [] [main] o.h.c.i.RegionFactoryInitiator : HHH000026: Second-level cache disabled
2026-03-04 16:23:28 INFO  [] [main] o.s.o.j.p.SpringPersistenceUnitInfo : No LoadTimeWeaver setup: ignoring JPA class transformer
2026-03-04 16:23:29 INFO  [] [main] com.zaxxer.hikari.HikariDataSource : HikariPool-1 - Starting...
2026-03-04 16:23:29 INFO  [] [main] com.zaxxer.hikari.pool.HikariPool : HikariPool-1 - Added connection org.mariadb.jdbc.Connection@1dbf727a
2026-03-04 16:23:29 INFO  [] [main] com.zaxxer.hikari.HikariDataSource : HikariPool-1 - Start completed.
2026-03-04 16:23:29 INFO  [] [main] o.hibernate.orm.connections.pooling : HHH10001005: Database info:
	Database JDBC URL [Connecting through datasource 'HikariDataSource (HikariPool-1)']
	Database driver: undefined/unknown
	Database version: 11.8.3
	Autocommit mode: undefined/unknown
	Isolation level: undefined/unknown
	Minimum pool size: undefined/unknown
	Maximum pool size: undefined/unknown
2026-03-04 16:23:30 INFO  [] [main] o.h.e.t.j.p.i.JtaPlatformInitiator : HHH000489: No JTA platform available (set 'hibernate.transaction.jta.platform' to enable JTA platform integration)
2026-03-04 16:23:30 INFO  [] [main] o.s.o.j.LocalContainerEntityManagerFactoryBean : Initialized JPA EntityManagerFactory for persistence unit 'default'
2026-03-04 16:23:31 INFO  [] [main] o.s.d.j.r.query.QueryEnhancerFactory : Hibernate is in classpath; If applicable, HQL parser will be used.
2026-03-04 16:23:33 WARN  [] [main] o.s.b.a.o.j.JpaBaseConfiguration$JpaWebConfiguration : spring.jpa.open-in-view is enabled by default. Therefore, database queries may be performed during view rendering. Explicitly configure spring.jpa.open-in-view to disable this warning
2026-03-04 16:23:33 INFO  [] [main] o.s.s.c.a.a.c.InitializeUserDetailsBeanManagerConfigurer$InitializeUserDetailsManagerConfigurer : Global AuthenticationManager configured with UserDetailsService bean with name inMemoryUserDetailsManager
2026-03-04 16:23:34 INFO  [] [main] n.d.b.g.c.a.GrpcClientAutoConfiguration : Detected grpc-netty-shaded: Creating ShadedNettyChannelFactory + InProcessChannelFactory
2026-03-04 16:23:34 INFO  [] [main] o.s.b.a.e.web.EndpointLinksResolver : Exposing 2 endpoints beneath base path '/api/v1/users/actuator'
2026-03-04 16:23:35 INFO  [] [main] n.d.b.g.s.a.GrpcServerFactoryAutoConfiguration : Detected grpc-netty-shaded: Creating ShadedNettyGrpcServerFactory
2026-03-04 16:23:36 INFO  [] [main] o.a.coyote.http11.Http11NioProtocol : Starting ProtocolHandler ["http-nio-8081"]
2026-03-04 16:23:36 INFO  [] [main] o.s.b.w.e.tomcat.TomcatWebServer : Tomcat started on port 8081 (http) with context path '/'
2026-03-04 16:23:36 INFO  [] [main] n.d.b.g.s.s.AbstractGrpcServerFactory : Registered gRPC service: BaseTestGrpcService, bean: baseGrpcController, class: com.planit.basetemplate.grpc.BaseGrpcController
2026-03-04 16:23:36 INFO  [] [main] n.d.b.g.s.s.AbstractGrpcServerFactory : Registered gRPC service: grpc.health.v1.Health, bean: grpcHealthService, class: io.grpc.protobuf.services.HealthServiceImpl
2026-03-04 16:23:36 INFO  [] [main] n.d.b.g.s.s.AbstractGrpcServerFactory : Registered gRPC service: grpc.reflection.v1alpha.ServerReflection, bean: protoReflectionService, class: io.grpc.protobuf.services.ProtoReflectionService
2026-03-04 16:23:36 INFO  [] [http-nio-8081-exec-1] o.a.c.c.C.[Tomcat].[localhost].[/] : Initializing Spring DispatcherServlet 'dispatcherServlet'
2026-03-04 16:23:36 INFO  [] [http-nio-8081-exec-1] o.s.web.servlet.DispatcherServlet : Initializing Servlet 'dispatcherServlet'
2026-03-04 16:23:36 INFO  [] [http-nio-8081-exec-1] o.s.web.servlet.DispatcherServlet : Completed initialization in 2 ms
2026-03-04 16:23:36 INFO  [69a7ddf85265fcdc9364b175c78c93e4] [http-nio-8081-exec-2] c.p.u.controller.CategoryController : Get categories request
2026-03-04 16:23:36 INFO  [69a7ddf85265fcdc9364b175c78c93e4] [http-nio-8081-exec-2] c.p.u.service.CategoryService : Fetching categories from database
2026-03-04 16:23:36 ERROR [69a7ddf83c86ba2208c6d0ce5424a018] [http-nio-8081-exec-8] c.p.userservice.security.JwtProvider : JWT validation failed: JWT expired 139704 milliseconds ago at 2026-03-04T07:21:17.000Z. Current time: 2026-03-04T07:23:36.704Z. Allowed clock skew: 0 milliseconds.
2026-03-04 16:23:36 INFO  [] [main] n.d.b.g.s.s.GrpcServerLifecycle : gRPC Server started, listening on address: *, port: 9090
2026-03-04 16:23:36 INFO  [69a7ddf83c86ba2208c6d0ce5424a018] [http-nio-8081-exec-8] c.p.u.controller.UserController : Get profile request: anonymousUser
2026-03-04 16:23:36 INFO  [] [main] c.p.b.PlanitBaseTemplateApplication : Started PlanitBaseTemplateApplication in 11.175 seconds (process running for 11.488)
2026-03-04 16:23:37 INFO  [69a7ddf9505d397d58613f0874a4404f] [http-nio-8081-exec-10] c.p.u.controller.CategoryController : Get categories request
2026-03-04 16:23:37 ERROR [69a7ddf9f40a485e0ad768030707ade5] [http-nio-8081-exec-4] c.p.userservice.security.JwtProvider : JWT validation failed: JWT expired 140435 milliseconds ago at 2026-03-04T07:21:17.000Z. Current time: 2026-03-04T07:23:37.435Z. Allowed clock skew: 0 milliseconds.
2026-03-04 16:23:37 INFO  [69a7ddf9505d397d58613f0874a4404f] [http-nio-8081-exec-10] c.p.u.service.CategoryService : Fetching categories from database
2026-03-04 16:23:37 INFO  [69a7ddf9f40a485e0ad768030707ade5] [http-nio-8081-exec-4] c.p.u.controller.UserController : Get profile request: anonymousUser
2026-03-04 16:23:38 ERROR [69a7ddfa58b6e63a76a5a81f5ba004ff] [http-nio-8081-exec-1] c.p.userservice.security.JwtProvider : JWT validation failed: JWT expired 141033 milliseconds ago at 2026-03-04T07:21:17.000Z. Current time: 2026-03-04T07:23:38.033Z. Allowed clock skew: 0 milliseconds.
2026-03-04 16:23:38 ERROR [69a7ddfaf75b3860ce46e736603ee470] [http-nio-8081-exec-3] c.p.userservice.security.JwtProvider : JWT validation failed: JWT expired 141033 milliseconds ago at 2026-03-04T07:21:17.000Z. Current time: 2026-03-04T07:23:38.033Z. Allowed clock skew: 0 milliseconds.
2026-03-04 16:23:38 INFO  [69a7ddfa58b6e63a76a5a81f5ba004ff] [http-nio-8081-exec-1] c.p.u.controller.FriendController : Get received requests: anonymousUser
2026-03-04 16:23:38 INFO  [69a7ddfaf75b3860ce46e736603ee470] [http-nio-8081-exec-3] c.p.u.controller.FriendController : Get friends: anonymousUser
2026-03-04 16:23:38 WARN  [69a7ddfa58b6e63a76a5a81f5ba004ff] [http-nio-8081-exec-1] o.s.d.w.c.SpringDataJacksonConfiguration$PageModule$WarningLoggingModifier : Serializing PageImpl instances as-is is not supported, meaning that there is no guarantee about the stability of the resulting JSON structure!
	For a stable JSON structure, please use Spring Data's PagedModel (globally via @EnableSpringDataWebSupport(pageSerializationMode = VIA_DTO))
	or Spring HATEOAS and Spring Data's PagedResourcesAssembler as documented in https://docs.spring.io/spring-data/commons/reference/repositories/core-extensions.html#core.web.pageables.

2026-03-04 16:23:39 ERROR [69a7ddfba831dd8e01f4de7a59ca25b5] [http-nio-8081-exec-7] c.p.userservice.security.JwtProvider : JWT validation failed: JWT expired 142503 milliseconds ago at 2026-03-04T07:21:17.000Z. Current time: 2026-03-04T07:23:39.503Z. Allowed clock skew: 0 milliseconds.
2026-03-04 16:23:39 ERROR [69a7ddfbc988b12a9e83ab8f2c8b1121] [http-nio-8081-exec-9] c.p.userservice.security.JwtProvider : JWT validation failed: JWT expired 142503 milliseconds ago at 2026-03-04T07:21:17.000Z. Current time: 2026-03-04T07:23:39.503Z. Allowed clock skew: 0 milliseconds.
2026-03-04 16:23:39 INFO  [69a7ddfba831dd8e01f4de7a59ca25b5] [http-nio-8081-exec-7] c.p.u.controller.FriendController : Get friends: anonymousUser
2026-03-04 16:23:39 INFO  [69a7ddfbc988b12a9e83ab8f2c8b1121] [http-nio-8081-exec-9] c.p.u.controller.FriendController : Get received requests: anonymousUser
2026-03-04 16:23:42 ERROR [69a7ddfe308d0645fb0d28dd83e35eed] [http-nio-8081-exec-10] c.p.userservice.security.JwtProvider : JWT validation failed: JWT expired 145494 milliseconds ago at 2026-03-04T07:21:17.000Z. Current time: 2026-03-04T07:23:42.494Z. Allowed clock skew: 0 milliseconds.
2026-03-04 16:23:42 INFO  [69a7ddfe308d0645fb0d28dd83e35eed] [http-nio-8081-exec-10] c.p.u.controller.UserController : Search users request: 카테
2026-03-04 16:23:43 ERROR [69a7ddff7cfd26fb86dd7b75a8f3dfa1] [http-nio-8081-exec-5] c.p.userservice.security.JwtProvider : JWT validation failed: JWT expired 146595 milliseconds ago at 2026-03-04T07:21:17.000Z. Current time: 2026-03-04T07:23:43.595Z. Allowed clock skew: 0 milliseconds.
2026-03-04 16:23:43 INFO  [69a7ddff7cfd26fb86dd7b75a8f3dfa1] [http-nio-8081-exec-5] c.p.u.controller.FriendController : Send friend request: anonymousUser -> 019cb7a7-8044-7afe-8ec9-97dd6332622d
2026-03-04 16:23:43 ERROR [69a7ddff3a0dabe00076b5e7a26f2f6c] [http-nio-8081-exec-1] c.p.userservice.security.JwtProvider : JWT validation failed: JWT expired 146660 milliseconds ago at 2026-03-04T07:21:17.000Z. Current time: 2026-03-04T07:23:43.660Z. Allowed clock skew: 0 milliseconds.
2026-03-04 16:23:43 INFO  [69a7ddff3a0dabe00076b5e7a26f2f6c] [http-nio-8081-exec-1] c.p.u.controller.FriendController : Get received requests: anonymousUser
2026-03-04 16:23:46 ERROR [69a7de02fcd359623308f49008223b82] [http-nio-8081-exec-2] c.p.userservice.security.JwtProvider : JWT validation failed: JWT expired 149408 milliseconds ago at 2026-03-04T07:21:17.000Z. Current time: 2026-03-04T07:23:46.408Z. Allowed clock skew: 0 milliseconds.
2026-03-04 16:23:46 INFO  [69a7de02fcd359623308f49008223b82] [http-nio-8081-exec-2] c.p.u.controller.FriendController : Send friend request: anonymousUser -> 019cb7a7-8044-7afe-8ec9-97dd6332622d
2026-03-04 16:23:46 ERROR [69a7de02f58dba692704102538300c3a] [http-nio-8081-exec-7] c.p.userservice.security.JwtProvider : JWT validation failed: JWT expired 149437 milliseconds ago at 2026-03-04T07:21:17.000Z. Current time: 2026-03-04T07:23:46.437Z. Allowed clock skew: 0 milliseconds.
2026-03-04 16:23:46 INFO  [69a7de02f58dba692704102538300c3a] [http-nio-8081-exec-7] c.p.u.controller.FriendController : Get received requests: anonymousUser
2026-03-04 16:24:23 INFO  [69a7de27c2e9bd05cae19dcecb39939b] [http-nio-8081-exec-6] c.p.u.controller.CategoryController : Get categories request
2026-03-04 16:24:23 ERROR [69a7de27361c807a10e7bed88122d479] [http-nio-8081-exec-5] c.p.userservice.security.JwtProvider : JWT validation failed: JWT expired 186578 milliseconds ago at 2026-03-04T07:21:17.000Z. Current time: 2026-03-04T07:24:23.578Z. Allowed clock skew: 0 milliseconds.
2026-03-04 16:24:23 INFO  [69a7de27361c807a10e7bed88122d479] [http-nio-8081-exec-5] c.p.u.controller.UserController : Get profile request: anonymousUser
2026-03-04 16:24:23 INFO  [69a7de27c2e9bd05cae19dcecb39939b] [http-nio-8081-exec-6] c.p.u.service.CategoryService : Fetching categories from database
2026-03-04 16:27:35 INFO  [69a7dee70c8494011610261f3aba9274] [http-nio-8081-exec-4] c.p.u.controller.CategoryController : Get categories request
2026-03-04 16:27:35 ERROR [69a7dee7b76e5f700556bd06d544ba80] [http-nio-8081-exec-5] c.p.userservice.security.JwtProvider : JWT validation failed: JWT expired 378043 milliseconds ago at 2026-03-04T07:21:17.000Z. Current time: 2026-03-04T07:27:35.043Z. Allowed clock skew: 0 milliseconds.
2026-03-04 16:27:35 INFO  [69a7dee7b76e5f700556bd06d544ba80] [http-nio-8081-exec-5] c.p.u.controller.UserController : Get profile request: anonymousUser
2026-03-04 16:27:35 INFO  [69a7dee70c8494011610261f3aba9274] [http-nio-8081-exec-4] c.p.u.service.CategoryService : Fetching categories from database
2026-03-04 16:27:37 ERROR [69a7dee984fa708c75f5b3be57dbe4ed] [http-nio-8081-exec-3] c.p.userservice.security.JwtProvider : JWT validation failed: JWT expired 380324 milliseconds ago at 2026-03-04T07:21:17.000Z. Current time: 2026-03-04T07:27:37.324Z. Allowed clock skew: 0 milliseconds.
2026-03-04 16:27:37 ERROR [69a7dee99c8b13bf0fc91e1d1c785e9f] [http-nio-8081-exec-8] c.p.userservice.security.JwtProvider : JWT validation failed: JWT expired 380324 milliseconds ago at 2026-03-04T07:21:17.000Z. Current time: 2026-03-04T07:27:37.324Z. Allowed clock skew: 0 milliseconds.
2026-03-04 16:27:37 INFO  [69a7dee984fa708c75f5b3be57dbe4ed] [http-nio-8081-exec-3] c.p.u.controller.FriendController : Get friends: anonymousUser
2026-03-04 16:27:37 INFO  [69a7dee99c8b13bf0fc91e1d1c785e9f] [http-nio-8081-exec-8] c.p.u.controller.FriendController : Get received requests: anonymousUser
2026-03-04 16:27:40 ERROR [69a7deec8d12af88cb2b8a7f6907ba29] [http-nio-8081-exec-7] c.p.userservice.security.JwtProvider : JWT validation failed: JWT expired 383846 milliseconds ago at 2026-03-04T07:21:17.000Z. Current time: 2026-03-04T07:27:40.846Z. Allowed clock skew: 0 milliseconds.
2026-03-04 16:27:40 ERROR [69a7deecde40a5f805a23461fa003d61] [http-nio-8081-exec-10] c.p.userservice.security.JwtProvider : JWT validation failed: JWT expired 383846 milliseconds ago at 2026-03-04T07:21:17.000Z. Current time: 2026-03-04T07:27:40.846Z. Allowed clock skew: 0 milliseconds.
2026-03-04 16:27:40 INFO  [69a7deec8d12af88cb2b8a7f6907ba29] [http-nio-8081-exec-7] c.p.u.controller.FriendController : Get friends: anonymousUser
2026-03-04 16:27:40 INFO  [69a7deecde40a5f805a23461fa003d61] [http-nio-8081-exec-10] c.p.u.controller.FriendController : Get received requests: anonymousUser
2026-03-04 16:27:42 ERROR [69a7deee2fdbcf9b87bfa135eb1bcb9e] [http-nio-8081-exec-1] c.p.userservice.security.JwtProvider : JWT validation failed: JWT expired 385326 milliseconds ago at 2026-03-04T07:21:17.000Z. Current time: 2026-03-04T07:27:42.326Z. Allowed clock skew: 0 milliseconds.
2026-03-04 16:27:42 ERROR [69a7deee9f89539842e07d75e041383d] [http-nio-8081-exec-6] c.p.userservice.security.JwtProvider : JWT validation failed: JWT expired 385326 milliseconds ago at 2026-03-04T07:21:17.000Z. Current time: 2026-03-04T07:27:42.326Z. Allowed clock skew: 0 milliseconds.
2026-03-04 16:27:42 INFO  [69a7deee2fdbcf9b87bfa135eb1bcb9e] [http-nio-8081-exec-1] c.p.u.controller.FriendController : Get friends: anonymousUser
2026-03-04 16:27:42 INFO  [69a7deee9f89539842e07d75e041383d] [http-nio-8081-exec-6] c.p.u.controller.FriendController : Get received requests: anonymousUser
2026-03-04 16:27:42 ERROR [69a7deee1ef207849491205186f8f56b] [http-nio-8081-exec-9] c.p.userservice.security.JwtProvider : JWT validation failed: JWT expired 385424 milliseconds ago at 2026-03-04T07:21:17.000Z. Current time: 2026-03-04T07:27:42.424Z. Allowed clock skew: 0 milliseconds.
2026-03-04 16:27:42 INFO  [69a7deee353f18e158999326b6d0af90] [http-nio-8081-exec-2] c.p.u.controller.CategoryController : Get categories request
2026-03-04 16:27:42 INFO  [69a7deee1ef207849491205186f8f56b] [http-nio-8081-exec-9] c.p.u.controller.UserController : Get profile request: anonymousUser
2026-03-04 16:27:42 INFO  [69a7deee353f18e158999326b6d0af90] [http-nio-8081-exec-2] c.p.u.service.CategoryService : Fetching categories from database
2026-03-04 16:28:04 ERROR [69a7df04dcc0a3be7ef32c5631a77b59] [http-nio-8081-exec-4] c.p.userservice.security.JwtProvider : JWT validation failed: JWT expired 407129 milliseconds ago at 2026-03-04T07:21:17.000Z. Current time: 2026-03-04T07:28:04.129Z. Allowed clock skew: 0 milliseconds.
2026-03-04 16:28:04 ERROR [69a7df04a10b8ccff93ac20be252b43b] [http-nio-8081-exec-5] c.p.userservice.security.JwtProvider : JWT validation failed: JWT expired 407129 milliseconds ago at 2026-03-04T07:21:17.000Z. Current time: 2026-03-04T07:28:04.129Z. Allowed clock skew: 0 milliseconds.
2026-03-04 16:28:04 INFO  [69a7df04dcc0a3be7ef32c5631a77b59] [http-nio-8081-exec-4] c.p.u.controller.FriendController : Get friends: anonymousUser
2026-03-04 16:28:04 INFO  [69a7df04a10b8ccff93ac20be252b43b] [http-nio-8081-exec-5] c.p.u.controller.FriendController : Get received requests: anonymousUser
2026-03-04 16:28:12 ERROR [69a7df0c6abfea3b2f4844b362ac2008] [http-nio-8081-exec-3] c.p.userservice.security.JwtProvider : JWT validation failed: JWT expired 415017 milliseconds ago at 2026-03-04T07:21:17.000Z. Current time: 2026-03-04T07:28:12.017Z. Allowed clock skew: 0 milliseconds.
2026-03-04 16:28:12 ERROR [69a7df0cba5f1d2ac08b33fd2b172aed] [http-nio-8081-exec-8] c.p.userservice.security.JwtProvider : JWT validation failed: JWT expired 415017 milliseconds ago at 2026-03-04T07:21:17.000Z. Current time: 2026-03-04T07:28:12.017Z. Allowed clock skew: 0 milliseconds.
2026-03-04 16:28:12 INFO  [69a7df0c6abfea3b2f4844b362ac2008] [http-nio-8081-exec-3] c.p.u.controller.FriendController : Get received requests: anonymousUser
2026-03-04 16:28:12 INFO  [69a7df0cba5f1d2ac08b33fd2b172aed] [http-nio-8081-exec-8] c.p.u.controller.FriendController : Get friends: anonymousUser
2026-03-04 16:28:52 INFO  [] [background-preinit] o.h.validator.internal.util.Version : HV000001: Hibernate Validator 8.0.2.Final
2026-03-04 16:28:53 INFO  [] [main] c.p.b.PlanitBaseTemplateApplication : Starting PlanitBaseTemplateApplication using Java 17.0.18 with PID 22608 (C:\barumi\PlanIt-User-svc\build\classes\java\main started by DS23 in C:\barumi\PlanIt-User-svc)
2026-03-04 16:28:53 INFO  [] [main] c.p.b.PlanitBaseTemplateApplication : The following 1 profile is active: "local-no-redis"
2026-03-04 16:28:53 INFO  [] [main] o.s.d.r.c.RepositoryConfigurationDelegate : Multiple Spring Data modules found, entering strict repository configuration mode
2026-03-04 16:28:53 INFO  [] [main] o.s.d.r.c.RepositoryConfigurationDelegate : Bootstrapping Spring Data JPA repositories in DEFAULT mode.
2026-03-04 16:28:53 INFO  [] [main] o.s.d.r.c.RepositoryConfigurationDelegate : Finished Spring Data repository scanning in 123 ms. Found 6 JPA repository interfaces.
2026-03-04 16:28:54 INFO  [] [main] o.s.d.r.c.RepositoryConfigurationDelegate : Multiple Spring Data modules found, entering strict repository configuration mode
2026-03-04 16:28:54 INFO  [] [main] o.s.d.r.c.RepositoryConfigurationDelegate : Bootstrapping Spring Data Redis repositories in DEFAULT mode.
2026-03-04 16:28:54 INFO  [] [main] o.s.d.r.c.RepositoryConfigurationDelegate : Finished Spring Data repository scanning in 2 ms. Found 0 Redis repository interfaces.
2026-03-04 16:28:55 INFO  [] [main] o.s.b.w.e.tomcat.TomcatWebServer : Tomcat initialized with port 8081 (http)
2026-03-04 16:28:55 INFO  [] [main] o.a.coyote.http11.Http11NioProtocol : Initializing ProtocolHandler ["http-nio-8081"]
2026-03-04 16:28:55 INFO  [] [main] o.a.catalina.core.StandardService : Starting service [Tomcat]
2026-03-04 16:28:55 INFO  [] [main] o.a.catalina.core.StandardEngine : Starting Servlet engine: [Apache Tomcat/10.1.36]
2026-03-04 16:28:55 INFO  [] [main] o.a.c.c.C.[Tomcat].[localhost].[/] : Initializing Spring embedded WebApplicationContext
2026-03-04 16:28:55 INFO  [] [main] o.s.b.w.s.c.ServletWebServerApplicationContext : Root WebApplicationContext: initialization completed in 2007 ms
2026-03-04 16:28:55 INFO  [] [main] o.h.jpa.internal.util.LogHelper : HHH000204: Processing PersistenceUnitInfo [name: default]
2026-03-04 16:28:55 INFO  [] [main] org.hibernate.Version : HHH000412: Hibernate ORM core version 6.6.8.Final
2026-03-04 16:28:55 INFO  [] [main] o.h.c.i.RegionFactoryInitiator : HHH000026: Second-level cache disabled
2026-03-04 16:28:55 INFO  [] [main] o.s.o.j.p.SpringPersistenceUnitInfo : No LoadTimeWeaver setup: ignoring JPA class transformer
2026-03-04 16:28:55 INFO  [] [main] com.zaxxer.hikari.HikariDataSource : HikariPool-1 - Starting...
2026-03-04 16:28:56 INFO  [] [main] com.zaxxer.hikari.pool.HikariPool : HikariPool-1 - Added connection org.mariadb.jdbc.Connection@36e98434
2026-03-04 16:28:56 INFO  [] [main] com.zaxxer.hikari.HikariDataSource : HikariPool-1 - Start completed.
2026-03-04 16:28:56 INFO  [] [main] o.hibernate.orm.connections.pooling : HHH10001005: Database info:
	Database JDBC URL [Connecting through datasource 'HikariDataSource (HikariPool-1)']
	Database driver: undefined/unknown
	Database version: 11.8.3
	Autocommit mode: undefined/unknown
	Isolation level: undefined/unknown
	Minimum pool size: undefined/unknown
	Maximum pool size: undefined/unknown
2026-03-04 16:28:57 INFO  [] [main] o.h.e.t.j.p.i.JtaPlatformInitiator : HHH000489: No JTA platform available (set 'hibernate.transaction.jta.platform' to enable JTA platform integration)
2026-03-04 16:28:57 INFO  [] [main] o.s.o.j.LocalContainerEntityManagerFactoryBean : Initialized JPA EntityManagerFactory for persistence unit 'default'
2026-03-04 16:28:57 INFO  [] [main] o.s.d.j.r.query.QueryEnhancerFactory : Hibernate is in classpath; If applicable, HQL parser will be used.
2026-03-04 16:29:00 WARN  [] [main] o.s.b.a.o.j.JpaBaseConfiguration$JpaWebConfiguration : spring.jpa.open-in-view is enabled by default. Therefore, database queries may be performed during view rendering. Explicitly configure spring.jpa.open-in-view to disable this warning
2026-03-04 16:29:00 INFO  [] [main] o.s.s.c.a.a.c.InitializeUserDetailsBeanManagerConfigurer$InitializeUserDetailsManagerConfigurer : Global AuthenticationManager configured with UserDetailsService bean with name inMemoryUserDetailsManager
2026-03-04 16:29:00 INFO  [] [main] n.d.b.g.c.a.GrpcClientAutoConfiguration : Detected grpc-netty-shaded: Creating ShadedNettyChannelFactory + InProcessChannelFactory
2026-03-04 16:29:01 INFO  [] [main] o.s.b.a.e.web.EndpointLinksResolver : Exposing 2 endpoints beneath base path '/api/v1/users/actuator'
2026-03-04 16:29:01 INFO  [] [main] n.d.b.g.s.a.GrpcServerFactoryAutoConfiguration : Detected grpc-netty-shaded: Creating ShadedNettyGrpcServerFactory
2026-03-04 16:29:01 INFO  [] [main] o.a.coyote.http11.Http11NioProtocol : Starting ProtocolHandler ["http-nio-8081"]
2026-03-04 16:29:01 INFO  [] [main] o.s.b.w.e.tomcat.TomcatWebServer : Tomcat started on port 8081 (http) with context path '/'
2026-03-04 16:29:02 INFO  [] [http-nio-8081-exec-2] o.a.c.c.C.[Tomcat].[localhost].[/] : Initializing Spring DispatcherServlet 'dispatcherServlet'
2026-03-04 16:29:02 INFO  [] [http-nio-8081-exec-2] o.s.web.servlet.DispatcherServlet : Initializing Servlet 'dispatcherServlet'
2026-03-04 16:29:02 INFO  [] [http-nio-8081-exec-2] o.s.web.servlet.DispatcherServlet : Completed initialization in 4 ms
2026-03-04 16:29:02 INFO  [] [main] n.d.b.g.s.s.AbstractGrpcServerFactory : Registered gRPC service: BaseTestGrpcService, bean: baseGrpcController, class: com.planit.basetemplate.grpc.BaseGrpcController
2026-03-04 16:29:02 INFO  [] [main] n.d.b.g.s.s.AbstractGrpcServerFactory : Registered gRPC service: grpc.health.v1.Health, bean: grpcHealthService, class: io.grpc.protobuf.services.HealthServiceImpl
2026-03-04 16:29:02 INFO  [] [main] n.d.b.g.s.s.AbstractGrpcServerFactory : Registered gRPC service: grpc.reflection.v1alpha.ServerReflection, bean: protoReflectionService, class: io.grpc.protobuf.services.ProtoReflectionService
2026-03-04 16:29:02 ERROR [69a7df3e13b74dc0e752f72b13540b46] [http-nio-8081-exec-4] c.p.userservice.security.JwtProvider : JWT validation failed: JWT expired 465366 milliseconds ago at 2026-03-04T07:21:17.000Z. Current time: 2026-03-04T07:29:02.366Z. Allowed clock skew: 0 milliseconds.
2026-03-04 16:29:02 ERROR [69a7df3efe633286b4cce5384c201f24] [http-nio-8081-exec-3] c.p.userservice.security.JwtProvider : JWT validation failed: JWT expired 465366 milliseconds ago at 2026-03-04T07:21:17.000Z. Current time: 2026-03-04T07:29:02.366Z. Allowed clock skew: 0 milliseconds.
2026-03-04 16:29:02 INFO  [69a7df3efe633286b4cce5384c201f24] [http-nio-8081-exec-3] c.p.u.controller.FriendController : Get received requests: anonymousUser
2026-03-04 16:29:02 INFO  [69a7df3e13b74dc0e752f72b13540b46] [http-nio-8081-exec-4] c.p.u.controller.FriendController : Get friends: anonymousUser
2026-03-04 16:29:02 INFO  [] [main] n.d.b.g.s.s.GrpcServerLifecycle : gRPC Server started, listening on address: *, port: 9090
2026-03-04 16:29:02 INFO  [] [main] c.p.b.PlanitBaseTemplateApplication : Started PlanitBaseTemplateApplication in 9.958 seconds (process running for 10.289)
2026-03-04 16:29:02 WARN  [69a7df3efe633286b4cce5384c201f24] [http-nio-8081-exec-3] o.s.d.w.c.SpringDataJacksonConfiguration$PageModule$WarningLoggingModifier : Serializing PageImpl instances as-is is not supported, meaning that there is no guarantee about the stability of the resulting JSON structure!
	For a stable JSON structure, please use Spring Data's PagedModel (globally via @EnableSpringDataWebSupport(pageSerializationMode = VIA_DTO))
	or Spring HATEOAS and Spring Data's PagedResourcesAssembler as documented in https://docs.spring.io/spring-data/commons/reference/repositories/core-extensions.html#core.web.pageables.

2026-03-04 16:29:10 INFO  [69a7df467924d6fb7130f1b0f14debc8] [http-nio-8081-exec-5] c.p.u.controller.CategoryController : Get categories request
2026-03-04 16:29:10 INFO  [69a7df467924d6fb7130f1b0f14debc8] [http-nio-8081-exec-5] c.p.u.service.CategoryService : Fetching categories from database
2026-03-04 16:29:52 INFO  [69a7df70f901e8df1fe36f826adc9111] [http-nio-8081-exec-7] c.p.u.controller.AuthController : Signup request: 키로는멍청이
2026-03-04 16:29:52 INFO  [69a7df70f901e8df1fe36f826adc9111] [http-nio-8081-exec-7] c.p.u.security.CognitoService : Local profile detected - skipping Cognito validation, returning dummy user
2026-03-04 16:29:53 WARN  [69a7df70f901e8df1fe36f826adc9111] [http-nio-8081-exec-7] c.p.userservice.service.AuthService : Redis is not available, skipping refresh token storage: Unable to connect to Redis
2026-03-04 16:29:55 INFO  [69a7df73734c352e9de246b303de39df] [http-nio-8081-exec-10] c.p.u.controller.FriendController : Get received requests: 019cb7c0-d0c1-7b52-9d62-21486971f3a6
2026-03-04 16:29:55 INFO  [69a7df7386ae52038ae35c18a49cfb70] [http-nio-8081-exec-1] c.p.u.controller.FriendController : Get friends: 019cb7c0-d0c1-7b52-9d62-21486971f3a6
2026-03-04 16:30:01 INFO  [69a7df793d8b435f71cf3401b2a6b70a] [http-nio-8081-exec-4] c.p.u.controller.UserController : Search users request: 로그
2026-03-04 16:30:02 INFO  [69a7df7aab2654097edc1b44c720f2aa] [http-nio-8081-exec-6] c.p.u.controller.FriendController : Send friend request: 019cb7c0-d0c1-7b52-9d62-21486971f3a6 -> 019cb7ab-3989-7415-a6e2-ebce860ec459
2026-03-04 16:30:02 INFO  [69a7df7aab2654097edc1b44c720f2aa] [http-nio-8081-exec-6] c.p.u.service.FriendService : Friend request sent: 019cb7c0-d0c1-7b52-9d62-21486971f3a6 -> 019cb7ab-3989-7415-a6e2-ebce860ec459
2026-03-04 16:30:02 INFO  [69a7df7a2dd3ac3ae1bf94d87c918b47] [http-nio-8081-exec-9] c.p.u.controller.FriendController : Get received requests: 019cb7c0-d0c1-7b52-9d62-21486971f3a6
2026-03-04 16:30:08 ERROR [69a7df80c319e5c3b4b5f51420228733] [http-nio-8081-exec-4] c.p.userservice.security.JwtProvider : JWT validation failed: JWT expired 531408 milliseconds ago at 2026-03-04T07:21:17.000Z. Current time: 2026-03-04T07:30:08.408Z. Allowed clock skew: 0 milliseconds.
2026-03-04 16:30:08 ERROR [69a7df808da76b066133bd9f840ce3af] [http-nio-8081-exec-3] c.p.userservice.security.JwtProvider : JWT validation failed: JWT expired 531410 milliseconds ago at 2026-03-04T07:21:17.000Z. Current time: 2026-03-04T07:30:08.410Z. Allowed clock skew: 0 milliseconds.
2026-03-04 16:30:08 INFO  [69a7df80c319e5c3b4b5f51420228733] [http-nio-8081-exec-4] c.p.u.controller.FriendController : Get friends: anonymousUser
2026-03-04 16:30:08 INFO  [69a7df808da76b066133bd9f840ce3af] [http-nio-8081-exec-3] c.p.u.controller.FriendController : Get received requests: anonymousUser
2026-03-04 16:30:11 ERROR [69a7df83ad50b4da35d4a711254700ef] [http-nio-8081-exec-6] c.p.userservice.security.JwtProvider : JWT validation failed: JWT expired 534909 milliseconds ago at 2026-03-04T07:21:17.000Z. Current time: 2026-03-04T07:30:11.909Z. Allowed clock skew: 0 milliseconds.
2026-03-04 16:30:11 INFO  [69a7df83ad50b4da35d4a711254700ef] [http-nio-8081-exec-6] c.p.u.controller.UserController : Search users request: 키로
2026-03-04 16:30:13 ERROR [69a7df8558ac793be163c18ee3c15de9] [http-nio-8081-exec-9] c.p.userservice.security.JwtProvider : JWT validation failed: JWT expired 536800 milliseconds ago at 2026-03-04T07:21:17.000Z. Current time: 2026-03-04T07:30:13.800Z. Allowed clock skew: 0 milliseconds.
2026-03-04 16:30:13 INFO  [69a7df8558ac793be163c18ee3c15de9] [http-nio-8081-exec-9] c.p.u.controller.FriendController : Send friend request: anonymousUser -> 019cb7c0-d0c1-7b52-9d62-21486971f3a6
2026-03-04 16:30:13 ERROR [69a7df85ae5eadf8f0ad756c24035760] [http-nio-8081-exec-8] c.p.userservice.security.JwtProvider : JWT validation failed: JWT expired 536830 milliseconds ago at 2026-03-04T07:21:17.000Z. Current time: 2026-03-04T07:30:13.830Z. Allowed clock skew: 0 milliseconds.
2026-03-04 16:30:13 INFO  [69a7df85ae5eadf8f0ad756c24035760] [http-nio-8081-exec-8] c.p.u.controller.FriendController : Get received requests: anonymousUser
2026-03-04 16:30:18 INFO  [69a7df8aa98974821b164099a7b53bae] [http-nio-8081-exec-2] c.p.u.controller.UserController : Get profile request: 019cb7c0-d0c1-7b52-9d62-21486971f3a6
2026-03-04 16:30:20 INFO  [69a7df8c24eeb2da4fa3ef1e627c0df0] [http-nio-8081-exec-6] c.p.u.controller.CategoryController : Get categories request
2026-03-04 16:30:20 ERROR [69a7df8c22a323c823cf9cdffbd9d78b] [http-nio-8081-exec-5] c.p.userservice.security.JwtProvider : JWT validation failed: JWT expired 543036 milliseconds ago at 2026-03-04T07:21:17.000Z. Current time: 2026-03-04T07:30:20.036Z. Allowed clock skew: 0 milliseconds.
2026-03-04 16:30:20 INFO  [69a7df8c24eeb2da4fa3ef1e627c0df0] [http-nio-8081-exec-6] c.p.u.service.CategoryService : Fetching categories from database
2026-03-04 16:30:20 INFO  [69a7df8c22a323c823cf9cdffbd9d78b] [http-nio-8081-exec-5] c.p.u.controller.UserController : Get profile request: anonymousUser
2026-03-04 16:30:24 INFO  [69a7df9055734227a994688e4860c96e] [http-nio-8081-exec-10] c.p.u.controller.FriendController : Get received requests: 019cb7c0-d0c1-7b52-9d62-21486971f3a6
2026-03-04 16:30:24 INFO  [69a7df90d7aaed20737bcbce9632c92d] [http-nio-8081-exec-8] c.p.u.controller.FriendController : Get friends: 019cb7c0-d0c1-7b52-9d62-21486971f3a6
2026-03-04 16:30:50 INFO  [69a7dfaa8eac086028c107f6d81fe366] [http-nio-8081-exec-4] c.p.u.controller.FriendController : Get friends: 019cb7c0-d0c1-7b52-9d62-21486971f3a6
2026-03-04 16:30:50 INFO  [69a7dfaaa882938eb9f4a3ecc2e60430] [http-nio-8081-exec-3] c.p.u.controller.FriendController : Get received requests: 019cb7c0-d0c1-7b52-9d62-21486971f3a6
2026-03-04 16:30:53 INFO  [69a7dfad33fd2270c45fa9a5029fca09] [http-nio-8081-exec-5] c.p.u.controller.FriendController : Get friends: 019cb7c0-d0c1-7b52-9d62-21486971f3a6
2026-03-04 16:30:53 INFO  [69a7dfadbfb812f5ce195bb940a129a8] [http-nio-8081-exec-6] c.p.u.controller.FriendController : Get received requests: 019cb7c0-d0c1-7b52-9d62-21486971f3a6
2026-03-04 16:30:54 ERROR [69a7dfaed91dba5536bbaf8c47643574] [http-nio-8081-exec-10] c.p.userservice.security.JwtProvider : JWT validation failed: JWT expired 577949 milliseconds ago at 2026-03-04T07:21:17.000Z. Current time: 2026-03-04T07:30:54.949Z. Allowed clock skew: 0 milliseconds.
2026-03-04 16:30:54 ERROR [69a7dfae71f6be00c0e0fc55b260812a] [http-nio-8081-exec-8] c.p.userservice.security.JwtProvider : JWT validation failed: JWT expired 577949 milliseconds ago at 2026-03-04T07:21:17.000Z. Current time: 2026-03-04T07:30:54.949Z. Allowed clock skew: 0 milliseconds.
2026-03-04 16:30:54 INFO  [69a7dfaed91dba5536bbaf8c47643574] [http-nio-8081-exec-10] c.p.u.controller.FriendController : Get received requests: anonymousUser
2026-03-04 16:30:54 INFO  [69a7dfae71f6be00c0e0fc55b260812a] [http-nio-8081-exec-8] c.p.u.controller.FriendController : Get friends: anonymousUser
2026-03-04 16:30:58 ERROR [69a7dfb233fde55f78edd0d9ff078faa] [http-nio-8081-exec-2] c.p.userservice.security.JwtProvider : JWT validation failed: JWT expired 581199 milliseconds ago at 2026-03-04T07:21:17.000Z. Current time: 2026-03-04T07:30:58.199Z. Allowed clock skew: 0 milliseconds.
2026-03-04 16:30:58 INFO  [69a7dfb233fde55f78edd0d9ff078faa] [http-nio-8081-exec-2] c.p.u.controller.UserController : Search users request: 키로
2026-03-04 16:31:10 ERROR [69a7dfbee7f8d1b164c4e103947fd187] [http-nio-8081-exec-5] c.p.userservice.security.JwtProvider : JWT validation failed: JWT expired 593069 milliseconds ago at 2026-03-04T07:21:17.000Z. Current time: 2026-03-04T07:31:10.069Z. Allowed clock skew: 0 milliseconds.
2026-03-04 16:31:10 ERROR [69a7dfbeeaf00045904e926fcad45816] [http-nio-8081-exec-6] c.p.userservice.security.JwtProvider : JWT validation failed: JWT expired 593069 milliseconds ago at 2026-03-04T07:21:17.000Z. Current time: 2026-03-04T07:31:10.069Z. Allowed clock skew: 0 milliseconds.
2026-03-04 16:31:10 INFO  [69a7dfbee7f8d1b164c4e103947fd187] [http-nio-8081-exec-5] c.p.u.controller.FriendController : Get received requests: anonymousUser
2026-03-04 16:31:10 INFO  [69a7dfbeeaf00045904e926fcad45816] [http-nio-8081-exec-6] c.p.u.controller.FriendController : Get friends: anonymousUser
2026-03-04 16:32:36 ERROR [69a7e014d3682475e4a20eed7bed35e7] [http-nio-8081-exec-4] c.p.userservice.security.JwtProvider : JWT validation failed: JWT expired 679476 milliseconds ago at 2026-03-04T07:21:17.000Z. Current time: 2026-03-04T07:32:36.476Z. Allowed clock skew: 0 milliseconds.
2026-03-04 16:32:36 ERROR [69a7e0143113a8711dcd31d0456f58c7] [http-nio-8081-exec-6] c.p.userservice.security.JwtProvider : JWT validation failed: JWT expired 679478 milliseconds ago at 2026-03-04T07:21:17.000Z. Current time: 2026-03-04T07:32:36.478Z. Allowed clock skew: 0 milliseconds.
2026-03-04 16:32:36 ERROR [69a7e014d25f49c3c4b1f878965468de] [http-nio-8081-exec-5] c.p.userservice.security.JwtProvider : JWT validation failed: JWT expired 679478 milliseconds ago at 2026-03-04T07:21:17.000Z. Current time: 2026-03-04T07:32:36.478Z. Allowed clock skew: 0 milliseconds.
2026-03-04 16:32:36 INFO  [69a7e014d3682475e4a20eed7bed35e7] [http-nio-8081-exec-4] c.p.u.controller.FriendController : Get friends: anonymousUser
2026-03-04 16:32:36 INFO  [69a7e0143113a8711dcd31d0456f58c7] [http-nio-8081-exec-6] c.p.u.controller.FriendController : Get received requests: anonymousUser
2026-03-04 16:32:36 INFO  [69a7e014d25f49c3c4b1f878965468de] [http-nio-8081-exec-5] c.p.u.controller.UserController : Search users request: 키로
2026-03-04 16:32:37 ERROR [69a7e015c06c546b1134eebd49f7e71e] [http-nio-8081-exec-9] c.p.userservice.security.JwtProvider : JWT validation failed: JWT expired 680904 milliseconds ago at 2026-03-04T07:21:17.000Z. Current time: 2026-03-04T07:32:37.904Z. Allowed clock skew: 0 milliseconds.
2026-03-04 16:32:37 INFO  [69a7e015c06c546b1134eebd49f7e71e] [http-nio-8081-exec-9] c.p.u.controller.FriendController : Send friend request: anonymousUser -> 019cb7c0-d0c1-7b52-9d62-21486971f3a6
2026-03-04 16:32:37 ERROR [69a7e015067316812f2dfa0db01358bb] [http-nio-8081-exec-8] c.p.userservice.security.JwtProvider : JWT validation failed: JWT expired 680946 milliseconds ago at 2026-03-04T07:21:17.000Z. Current time: 2026-03-04T07:32:37.946Z. Allowed clock skew: 0 milliseconds.
2026-03-04 16:32:37 INFO  [69a7e015067316812f2dfa0db01358bb] [http-nio-8081-exec-8] c.p.u.controller.FriendController : Get received requests: anonymousUser
2026-03-04 16:35:21 ERROR [69a7e0b961ddb1541b458649479cced1] [http-nio-8081-exec-9] c.p.userservice.security.JwtProvider : JWT validation failed: JWT expired 844351 milliseconds ago at 2026-03-04T07:21:17.000Z. Current time: 2026-03-04T07:35:21.351Z. Allowed clock skew: 0 milliseconds.
2026-03-04 16:35:21 ERROR [69a7e0b913d6243073f781cce190d5f8] [http-nio-8081-exec-10] c.p.userservice.security.JwtProvider : JWT validation failed: JWT expired 844351 milliseconds ago at 2026-03-04T07:21:17.000Z. Current time: 2026-03-04T07:35:21.351Z. Allowed clock skew: 0 milliseconds.
2026-03-04 16:35:21 ERROR [69a7e0b96d0553f709f566131130a727] [http-nio-8081-exec-7] c.p.userservice.security.JwtProvider : JWT validation failed: JWT expired 844351 milliseconds ago at 2026-03-04T07:21:17.000Z. Current time: 2026-03-04T07:35:21.351Z. Allowed clock skew: 0 milliseconds.
2026-03-04 16:35:21 INFO  [69a7e0b96d0553f709f566131130a727] [http-nio-8081-exec-7] c.p.u.controller.UserController : Search users request: 키로
2026-03-04 16:35:21 INFO  [69a7e0b961ddb1541b458649479cced1] [http-nio-8081-exec-9] c.p.u.controller.FriendController : Get received requests: anonymousUser
2026-03-04 16:35:21 INFO  [69a7e0b913d6243073f781cce190d5f8] [http-nio-8081-exec-10] c.p.u.controller.FriendController : Get friends: anonymousUser
2026-03-04 16:35:23 ERROR [69a7e0bbe43e161c28c4128b87abd03c] [http-nio-8081-exec-1] c.p.userservice.security.JwtProvider : JWT validation failed: JWT expired 846235 milliseconds ago at 2026-03-04T07:21:17.000Z. Current time: 2026-03-04T07:35:23.235Z. Allowed clock skew: 0 milliseconds.
2026-03-04 16:35:23 INFO  [69a7e0bbe43e161c28c4128b87abd03c] [http-nio-8081-exec-1] c.p.u.controller.UserController : Get profile request: anonymousUser
2026-03-04 16:36:17 INFO  [69a7e0f1d78149c42ea6140ae72e0699] [http-nio-8081-exec-4] c.p.u.controller.FriendController : Get received requests: 019cb7c0-d0c1-7b52-9d62-21486971f3a6
2026-03-04 16:36:17 INFO  [69a7e0f147a4318e7acf05ac518661d2] [http-nio-8081-exec-5] c.p.u.controller.FriendController : Get friends: 019cb7c0-d0c1-7b52-9d62-21486971f3a6
2026-03-04 16:36:26 INFO  [69a7e0fa0f5d577c10f730616e929814] [http-nio-8081-exec-3] c.p.u.controller.FriendController : Get received requests: 019cb7c0-d0c1-7b52-9d62-21486971f3a6
2026-03-04 16:36:26 INFO  [69a7e0fa66cd7b6e049c0c7dd77e3709] [http-nio-8081-exec-1] c.p.u.controller.FriendController : Get friends: 019cb7c0-d0c1-7b52-9d62-21486971f3a6
2026-03-04 16:37:30 INFO  [69a7e13ac881c61cf7147f174021576a] [http-nio-8081-exec-9] c.p.u.controller.CategoryController : Get categories request
2026-03-04 16:37:30 ERROR [69a7e13aa97eacb54afc1a1e12f4974e] [http-nio-8081-exec-6] c.p.userservice.security.JwtProvider : JWT validation failed: JWT expired 973228 milliseconds ago at 2026-03-04T07:21:17.000Z. Current time: 2026-03-04T07:37:30.228Z. Allowed clock skew: 0 milliseconds.
2026-03-04 16:37:30 INFO  [69a7e13aa97eacb54afc1a1e12f4974e] [http-nio-8081-exec-6] c.p.u.controller.UserController : Get profile request: anonymousUser
2026-03-04 16:37:30 INFO  [69a7e13ac881c61cf7147f174021576a] [http-nio-8081-exec-9] c.p.u.service.CategoryService : Fetching categories from database
2026-03-04 16:37:31 ERROR [69a7e13b5283ba31e2d888c4fe5995fb] [http-nio-8081-exec-3] c.p.userservice.security.JwtProvider : JWT validation failed: JWT expired 974423 milliseconds ago at 2026-03-04T07:21:17.000Z. Current time: 2026-03-04T07:37:31.423Z. Allowed clock skew: 0 milliseconds.
2026-03-04 16:37:31 ERROR [69a7e13be494464ab5582785a494d6f7] [http-nio-8081-exec-1] c.p.userservice.security.JwtProvider : JWT validation failed: JWT expired 974423 milliseconds ago at 2026-03-04T07:21:17.000Z. Current time: 2026-03-04T07:37:31.423Z. Allowed clock skew: 0 milliseconds.
2026-03-04 16:37:31 INFO  [69a7e13b5283ba31e2d888c4fe5995fb] [http-nio-8081-exec-3] c.p.u.controller.FriendController : Get friends: anonymousUser
2026-03-04 16:37:31 INFO  [69a7e13be494464ab5582785a494d6f7] [http-nio-8081-exec-1] c.p.u.controller.FriendController : Get received requests: anonymousUser
2026-03-04 16:37:37 INFO  [69a7e141a47060ea5a2b5ae5ba75533b] [http-nio-8081-exec-2] c.p.u.controller.CategoryController : Get categories request
2026-03-04 16:37:37 INFO  [69a7e141a47060ea5a2b5ae5ba75533b] [http-nio-8081-exec-2] c.p.u.service.CategoryService : Fetching categories from database
2026-03-04 16:37:58 INFO  [69a7e156c707cfd657170bf2c6830704] [http-nio-8081-exec-4] c.p.u.controller.AuthController : Signup request: 재로그인기능없음
2026-03-04 16:37:58 INFO  [69a7e156c707cfd657170bf2c6830704] [http-nio-8081-exec-4] c.p.u.security.CognitoService : Local profile detected - skipping Cognito validation, returning dummy user
2026-03-04 16:37:58 WARN  [69a7e156c707cfd657170bf2c6830704] [http-nio-8081-exec-4] c.p.userservice.service.AuthService : Redis is not available, skipping refresh token storage: Unable to connect to Redis
2026-03-04 16:38:00 INFO  [69a7e1581ac2dd3753d4b23fb1312b77] [http-nio-8081-exec-6] c.p.u.controller.FriendController : Get friends: 019cb7c8-39eb-7fca-9e1f-1f3ccb30473a
2026-03-04 16:38:00 INFO  [69a7e1586e1adc3465c2cd0c762a3533] [http-nio-8081-exec-7] c.p.u.controller.FriendController : Get received requests: 019cb7c8-39eb-7fca-9e1f-1f3ccb30473a
2026-03-04 16:38:02 INFO  [69a7e15a08948a94285bad47b5da7c4d] [http-nio-8081-exec-3] c.p.u.controller.UserController : Search users request: 키로
2026-03-04 16:38:04 INFO  [69a7e15caed52148ba19bfccb64b396c] [http-nio-8081-exec-2] c.p.u.controller.FriendController : Send friend request: 019cb7c8-39eb-7fca-9e1f-1f3ccb30473a -> 019cb7c0-d0c1-7b52-9d62-21486971f3a6
2026-03-04 16:38:04 INFO  [69a7e15caed52148ba19bfccb64b396c] [http-nio-8081-exec-2] c.p.u.service.FriendService : Friend request sent: 019cb7c8-39eb-7fca-9e1f-1f3ccb30473a -> 019cb7c0-d0c1-7b52-9d62-21486971f3a6
2026-03-04 16:38:04 INFO  [69a7e15ca16bf33583dda37b0b5b4a00] [http-nio-8081-exec-4] c.p.u.controller.FriendController : Get received requests: 019cb7c8-39eb-7fca-9e1f-1f3ccb30473a
2026-03-04 16:38:07 INFO  [69a7e15f433dcd20f9e5de2078e1401d] [http-nio-8081-exec-6] c.p.u.controller.FriendController : Get received requests: 019cb7c0-d0c1-7b52-9d62-21486971f3a6
2026-03-04 16:38:07 INFO  [69a7e15f0fa63474a0832e7487bd813e] [http-nio-8081-exec-7] c.p.u.controller.FriendController : Get friends: 019cb7c0-d0c1-7b52-9d62-21486971f3a6
2026-03-04 16:38:10 INFO  [69a7e162e9744d59d354df4540196e92] [http-nio-8081-exec-1] c.p.u.controller.FriendController : Get received requests: 019cb7c0-d0c1-7b52-9d62-21486971f3a6
2026-03-04 16:38:10 INFO  [69a7e162dab96e50ae4bd2eab21369c9] [http-nio-8081-exec-2] c.p.u.controller.FriendController : Get friends: 019cb7c0-d0c1-7b52-9d62-21486971f3a6
2026-03-04 16:38:11 INFO  [69a7e1639193cdc7abcf5a957faf9388] [http-nio-8081-exec-4] c.p.u.controller.FriendController : Get received requests: 019cb7c0-d0c1-7b52-9d62-21486971f3a6
2026-03-04 16:38:11 INFO  [69a7e1631f47af69d2792c3b1911355b] [http-nio-8081-exec-10] c.p.u.controller.FriendController : Get friends: 019cb7c0-d0c1-7b52-9d62-21486971f3a6
2026-03-04 16:38:11 INFO  [69a7e16347faa19fa0419271565dc9b4] [http-nio-8081-exec-7] c.p.u.controller.FriendController : Get received requests: 019cb7c0-d0c1-7b52-9d62-21486971f3a6
2026-03-04 16:38:11 INFO  [69a7e16396cb925ea90f01c768593873] [http-nio-8081-exec-6] c.p.u.controller.FriendController : Get friends: 019cb7c0-d0c1-7b52-9d62-21486971f3a6
2026-03-04 16:38:11 INFO  [69a7e16382ac337159aae3dd38143868] [http-nio-8081-exec-1] c.p.u.controller.FriendController : Get friends: 019cb7c0-d0c1-7b52-9d62-21486971f3a6
2026-03-04 16:38:11 INFO  [69a7e163cb377f050bb2349d5391d1d2] [http-nio-8081-exec-3] c.p.u.controller.FriendController : Get received requests: 019cb7c0-d0c1-7b52-9d62-21486971f3a6
2026-03-04 16:38:11 INFO  [69a7e163602fed769c0a6093aa623822] [http-nio-8081-exec-10] c.p.u.controller.FriendController : Get friends: 019cb7c0-d0c1-7b52-9d62-21486971f3a6
2026-03-04 16:38:11 INFO  [69a7e163ccfb4e0d92da140d6c549d91] [http-nio-8081-exec-5] c.p.u.controller.FriendController : Get received requests: 019cb7c0-d0c1-7b52-9d62-21486971f3a6
2026-03-04 16:38:13 INFO  [69a7e165b41294a1a0b351cc02d69bd4] [http-nio-8081-exec-8] c.p.u.controller.FriendController : Get friends: 019cb7c0-d0c1-7b52-9d62-21486971f3a6
2026-03-04 16:38:13 INFO  [69a7e165aa4e8dc270b5aafaa067a743] [http-nio-8081-exec-7] c.p.u.controller.FriendController : Get received requests: 019cb7c0-d0c1-7b52-9d62-21486971f3a6
2026-03-04 16:38:13 INFO  [69a7e165863e31e82e5cb6482801ed38] [http-nio-8081-exec-3] c.p.u.controller.FriendController : Get received requests: 019cb7c0-d0c1-7b52-9d62-21486971f3a6
2026-03-04 16:38:13 INFO  [69a7e165cbc298caf251550b4c268b49] [http-nio-8081-exec-2] c.p.u.controller.FriendController : Get friends: 019cb7c0-d0c1-7b52-9d62-21486971f3a6
2026-03-04 16:38:13 INFO  [69a7e165abcf2322c40d1b04a9da92e8] [http-nio-8081-exec-5] c.p.u.controller.FriendController : Get received requests: 019cb7c0-d0c1-7b52-9d62-21486971f3a6
2026-03-04 16:38:13 INFO  [69a7e165a6e58eb2bd6b8c5c09cd20a0] [http-nio-8081-exec-4] c.p.u.controller.FriendController : Get friends: 019cb7c0-d0c1-7b52-9d62-21486971f3a6
2026-03-04 16:38:18 INFO  [69a7e16af455b8a55260b9fa9fc6a7c6] [http-nio-8081-exec-6] c.p.u.controller.UserController : Search users request: 로그
2026-03-04 16:38:20 INFO  [69a7e16c354216a89cc235d7e4b8c55c] [http-nio-8081-exec-7] c.p.u.controller.FriendController : Send friend request: 019cb7c0-d0c1-7b52-9d62-21486971f3a6 -> 019cb7ab-3989-7415-a6e2-ebce860ec459
2026-03-04 16:38:20 INFO  [69a7e16c8a6add6bb528563068b615b8] [http-nio-8081-exec-2] c.p.u.controller.FriendController : Get received requests: 019cb7c0-d0c1-7b52-9d62-21486971f3a6
2026-03-04 16:38:22 INFO  [69a7e16e1b02fc2903e7386c74d22481] [http-nio-8081-exec-3] c.p.u.controller.FriendController : Send friend request: 019cb7c0-d0c1-7b52-9d62-21486971f3a6 -> 019cb7c8-39eb-7fca-9e1f-1f3ccb30473a
2026-03-04 16:38:22 INFO  [69a7e16e0e2f7c24a02d4cf971ba622c] [http-nio-8081-exec-10] c.p.u.controller.FriendController : Get received requests: 019cb7c0-d0c1-7b52-9d62-21486971f3a6
2026-03-04 16:38:29 INFO  [69a7e175db683e572c13051837bad828] [http-nio-8081-exec-9] c.p.u.controller.FriendController : Get friends: 019cb7c8-39eb-7fca-9e1f-1f3ccb30473a
2026-03-04 16:38:29 INFO  [69a7e175aff7722c67d2e6162867de62] [http-nio-8081-exec-6] c.p.u.controller.FriendController : Get received requests: 019cb7c8-39eb-7fca-9e1f-1f3ccb30473a
2026-03-04 16:38:33 INFO  [69a7e1790d43210b10d4c43ca523f21d] [http-nio-8081-exec-10] c.p.u.controller.FriendController : Get friends: 019cb7c0-d0c1-7b52-9d62-21486971f3a6
2026-03-04 16:38:33 INFO  [69a7e17982078f5d99cc1901a2b7d404] [http-nio-8081-exec-3] c.p.u.controller.FriendController : Get received requests: 019cb7c0-d0c1-7b52-9d62-21486971f3a6
2026-03-04 16:38:33 INFO  [69a7e179d0cc967db7c795621c478812] [http-nio-8081-exec-5] c.p.u.controller.FriendController : Get received requests: 019cb7c0-d0c1-7b52-9d62-21486971f3a6
2026-03-04 16:38:33 INFO  [69a7e179c8afa34d1493df587843e6e2] [http-nio-8081-exec-9] c.p.u.controller.FriendController : Get friends: 019cb7c0-d0c1-7b52-9d62-21486971f3a6
2026-03-04 16:38:35 INFO  [69a7e17b0260ab54ba0b14b6fc2b6af9] [http-nio-8081-exec-8] c.p.u.controller.FriendController : Get received requests: 019cb7c0-d0c1-7b52-9d62-21486971f3a6
2026-03-04 16:38:35 INFO  [69a7e17b7a7946bfd3d4c183e761fd85] [http-nio-8081-exec-6] c.p.u.controller.FriendController : Get friends: 019cb7c0-d0c1-7b52-9d62-21486971f3a6
2026-03-04 16:38:36 INFO  [69a7e17c25fa82ec32a1c650a6a905aa] [http-nio-8081-exec-2] c.p.u.controller.CategoryController : Get categories request
2026-03-04 16:38:36 INFO  [69a7e17cd3fbec82bc2fd2a53222e7de] [http-nio-8081-exec-10] c.p.u.controller.UserController : Get profile request: 019cb7c0-d0c1-7b52-9d62-21486971f3a6
2026-03-04 16:38:36 INFO  [69a7e17c25fa82ec32a1c650a6a905aa] [http-nio-8081-exec-2] c.p.u.service.CategoryService : Fetching categories from database
2026-03-04 16:38:39 INFO  [69a7e17ff664641e75cc904876bb856f] [http-nio-8081-exec-5] c.p.u.controller.FriendController : Get received requests: 019cb7c0-d0c1-7b52-9d62-21486971f3a6
2026-03-04 16:38:39 INFO  [69a7e17fb7436c6e1b3421d8cde23979] [http-nio-8081-exec-9] c.p.u.controller.FriendController : Get friends: 019cb7c0-d0c1-7b52-9d62-21486971f3a6
2026-03-04 16:38:40 INFO  [69a7e1807e109ca3a0c20b56c76f0248] [http-nio-8081-exec-8] c.p.u.controller.FriendController : Get friends: 019cb7c0-d0c1-7b52-9d62-21486971f3a6
2026-03-04 16:38:40 INFO  [69a7e180fd7427d628ccdca824f397e1] [http-nio-8081-exec-6] c.p.u.controller.FriendController : Get received requests: 019cb7c0-d0c1-7b52-9d62-21486971f3a6
2026-03-04 16:38:42 INFO  [69a7e182ed3ed1039d7c588ba6d8ba53] [http-nio-8081-exec-2] c.p.u.controller.FriendController : Get received requests: 019cb7c0-d0c1-7b52-9d62-21486971f3a6
2026-03-04 16:38:42 INFO  [69a7e182e66efc8234f21ca7b3741f67] [http-nio-8081-exec-10] c.p.u.controller.FriendController : Get friends: 019cb7c0-d0c1-7b52-9d62-21486971f3a6
2026-03-04 16:38:42 INFO  [69a7e182f09ab7c0181064a1025b0dd4] [http-nio-8081-exec-9] c.p.u.controller.FriendController : Get friends: 019cb7c0-d0c1-7b52-9d62-21486971f3a6
2026-03-04 16:38:42 INFO  [69a7e1823246422019d82fbc93501529] [http-nio-8081-exec-4] c.p.u.controller.FriendController : Get received requests: 019cb7c0-d0c1-7b52-9d62-21486971f3a6
2026-03-04 16:38:42 INFO  [69a7e18233adb3707cf0ddb8b1b84fd4] [http-nio-8081-exec-6] c.p.u.controller.FriendController : Get friends: 019cb7c0-d0c1-7b52-9d62-21486971f3a6
2026-03-04 16:38:42 INFO  [69a7e1820c666ed1458bb37c13b9a31b] [http-nio-8081-exec-8] c.p.u.controller.FriendController : Get received requests: 019cb7c0-d0c1-7b52-9d62-21486971f3a6
2026-03-04 16:38:48 INFO  [69a7e188856bbebce224326fbf839942] [http-nio-8081-exec-7] c.p.u.controller.UserController : Search users request: 재로
2026-03-04 16:38:48 INFO  [69a7e1887b10dd8dfd06994cccf3c184] [http-nio-8081-exec-2] c.p.u.controller.UserController : Search users request: 재록
2026-03-04 16:38:48 INFO  [69a7e18841aac893ffaba3320e99c6fc] [http-nio-8081-exec-9] c.p.u.controller.UserController : Search users request: 재로그
2026-03-04 16:38:49 INFO  [69a7e1890b6c99d25be11c9eb0e51d04] [http-nio-8081-exec-5] c.p.u.controller.FriendController : Send friend request: 019cb7c0-d0c1-7b52-9d62-21486971f3a6 -> 019cb7c8-39eb-7fca-9e1f-1f3ccb30473a
2026-03-04 16:38:49 INFO  [69a7e189b749b07583e4c91bed15b09b] [http-nio-8081-exec-6] c.p.u.controller.FriendController : Get received requests: 019cb7c0-d0c1-7b52-9d62-21486971f3a6
2026-03-04 16:39:06 INFO  [69a7e19a0d1cbbe4ecbb1312acac6905] [http-nio-8081-exec-10] c.p.u.controller.FriendController : Get received requests: 019cb7c8-39eb-7fca-9e1f-1f3ccb30473a
2026-03-04 16:39:06 INFO  [69a7e19af9340f1286f9663e82f9f41b] [http-nio-8081-exec-2] c.p.u.controller.FriendController : Get friends: 019cb7c8-39eb-7fca-9e1f-1f3ccb30473a
2026-03-04 16:39:07 INFO  [69a7e19bb0f984f849b607e3e955fd9f] [http-nio-8081-exec-4] c.p.u.controller.FriendController : Get received requests: 019cb7c0-d0c1-7b52-9d62-21486971f3a6
2026-03-04 16:39:07 INFO  [69a7e19b4969d8500c1b74b059467f2c] [http-nio-8081-exec-5] c.p.u.controller.FriendController : Get friends: 019cb7c0-d0c1-7b52-9d62-21486971f3a6
2026-03-04 16:40:48 INFO  [69a7e200f27810c1e283cce7ad3eacc4] [http-nio-8081-exec-5] c.p.u.controller.FriendController : Get received requests: 019cb7c0-d0c1-7b52-9d62-21486971f3a6
2026-03-04 16:40:48 INFO  [69a7e20078c56433bc5dbfa1d6fa5089] [http-nio-8081-exec-3] c.p.u.controller.FriendController : Get friends: 019cb7c0-d0c1-7b52-9d62-21486971f3a6
2026-03-04 16:40:48 INFO  [69a7e200820728bee39a79a448b7f96b] [http-nio-8081-exec-4] c.p.u.controller.UserController : Search users request: 재로그
2026-03-04 16:40:48 INFO  [69a7e200cc77cca445569550b1312976] [http-nio-8081-exec-1] c.p.u.controller.FriendController : Get received requests: 019cb7c8-39eb-7fca-9e1f-1f3ccb30473a
2026-03-04 16:40:48 INFO  [69a7e2009d4848e1cf33b7d13b89ca92] [http-nio-8081-exec-7] c.p.u.controller.FriendController : Get friends: 019cb7c8-39eb-7fca-9e1f-1f3ccb30473a
2026-03-04 16:40:55 INFO  [69a7e20784fb653098bd0fb923a5c49c] [http-nio-8081-exec-6] c.p.u.controller.FriendController : Get friends: 019cb7c0-d0c1-7b52-9d62-21486971f3a6
2026-03-04 16:40:55 INFO  [69a7e207f44e50466c5c25ccda499c22] [http-nio-8081-exec-9] c.p.u.controller.FriendController : Get received requests: 019cb7c0-d0c1-7b52-9d62-21486971f3a6
2026-03-04 16:40:55 INFO  [69a7e207eac1202e9579d7654b4fe0c1] [http-nio-8081-exec-8] c.p.u.controller.FriendController : Get friends: 019cb7c8-39eb-7fca-9e1f-1f3ccb30473a
2026-03-04 16:40:55 INFO  [69a7e20796b5cffd6d1e2db809a61446] [http-nio-8081-exec-4] c.p.u.controller.FriendController : Get received requests: 019cb7c8-39eb-7fca-9e1f-1f3ccb30473a
2026-03-04 16:41:08 INFO  [69a7e214a655581536ef34e17a35dc5b] [http-nio-8081-exec-2] c.p.u.controller.FriendController : Get friends: 019cb7c8-39eb-7fca-9e1f-1f3ccb30473a
2026-03-04 16:41:08 INFO  [69a7e2145a45125eb7afd81f5a0624f8] [http-nio-8081-exec-10] c.p.u.controller.FriendController : Get received requests: 019cb7c8-39eb-7fca-9e1f-1f3ccb30473a
2026-03-04 16:41:11 INFO  [69a7e2171f3ef19a2533120584241474] [http-nio-8081-exec-3] c.p.u.controller.FriendController : Get received requests: 019cb7c0-d0c1-7b52-9d62-21486971f3a6
2026-03-04 16:41:11 INFO  [69a7e2171f985a2365ac31c122e45d63] [http-nio-8081-exec-5] c.p.u.controller.FriendController : Get friends: 019cb7c0-d0c1-7b52-9d62-21486971f3a6
2026-03-04 16:41:12 INFO  [69a7e218ac52daa1182db077a607a22f] [http-nio-8081-exec-8] c.p.u.controller.FriendController : Process friend request: 4 by 019cb7c0-d0c1-7b52-9d62-21486971f3a6
2026-03-04 16:41:12 INFO  [69a7e218ac52daa1182db077a607a22f] [http-nio-8081-exec-8] c.p.u.service.FriendService : Friend request processed: 4 -> ACCEPTED
2026-03-04 16:41:12 INFO  [69a7e21874091750d7c5529a1a98da18] [http-nio-8081-exec-7] c.p.u.controller.FriendController : Get friends: 019cb7c0-d0c1-7b52-9d62-21486971f3a6
2026-03-04 16:41:12 INFO  [69a7e21838fcc65c4ed72feeed0a6844] [http-nio-8081-exec-1] c.p.u.controller.FriendController : Get received requests: 019cb7c0-d0c1-7b52-9d62-21486971f3a6
2026-03-04 16:41:18 INFO  [69a7e21efe238947f4386a2ba0810792] [http-nio-8081-exec-9] c.p.u.controller.FriendController : Get friends: 019cb7c8-39eb-7fca-9e1f-1f3ccb30473a
2026-03-04 16:41:18 INFO  [69a7e21ed92d0610b15fa886aa4a47b5] [http-nio-8081-exec-6] c.p.u.controller.FriendController : Get received requests: 019cb7c8-39eb-7fca-9e1f-1f3ccb30473a
2026-03-04 16:41:25 INFO  [69a7e22540dde6dbebd180f18c9b1339] [http-nio-8081-exec-5] c.p.u.controller.FriendController : Delete friend: 4 by 019cb7c8-39eb-7fca-9e1f-1f3ccb30473a
2026-03-04 16:41:25 INFO  [69a7e22540dde6dbebd180f18c9b1339] [http-nio-8081-exec-5] c.p.u.service.FriendService : Friend deleted: 4
2026-03-04 16:41:25 INFO  [69a7e225f12c86069a601524442c59fd] [http-nio-8081-exec-8] c.p.u.controller.FriendController : Get friends: 019cb7c8-39eb-7fca-9e1f-1f3ccb30473a
2026-03-04 16:41:27 INFO  [69a7e227b5e67a3386fc04c9d0f9eba3] [http-nio-8081-exec-2] c.p.u.controller.FriendController : Get friends: 019cb7c8-39eb-7fca-9e1f-1f3ccb30473a
2026-03-04 16:41:27 INFO  [69a7e2270742b4960ac3ec3c71036032] [http-nio-8081-exec-10] c.p.u.controller.FriendController : Get received requests: 019cb7c8-39eb-7fca-9e1f-1f3ccb30473a
2026-03-04 16:41:28 INFO  [69a7e2288cac6f606472ad2ca3e473a2] [http-nio-8081-exec-3] c.p.u.controller.FriendController : Get friends: 019cb7c0-d0c1-7b52-9d62-21486971f3a6
2026-03-04 16:41:28 INFO  [69a7e228219ae7dfd68726063cb858cc] [http-nio-8081-exec-5] c.p.u.controller.FriendController : Get received requests: 019cb7c0-d0c1-7b52-9d62-21486971f3a6
2026-03-04 16:41:31 INFO  [69a7e22b9868f200eb9e6fe09d5ec9d9] [http-nio-8081-exec-8] c.p.u.controller.UserController : Search users request: 키로
2026-03-04 16:41:34 INFO  [69a7e22e95591c2888d9ba37d7ba0043] [http-nio-8081-exec-7] c.p.u.controller.UserController : Search users request: 로그
2026-03-04 16:41:35 INFO  [69a7e22f3b0aee8b5a33b6e5fce47e2f] [http-nio-8081-exec-10] c.p.u.controller.UserController : Search users request: 로긍
2026-03-04 16:41:35 INFO  [69a7e22fa225ef1151d384a54947b7c0] [http-nio-8081-exec-6] c.p.u.controller.UserController : Search users request: 로그이
2026-03-04 16:41:35 INFO  [69a7e22f3eb8e8c2dee13c8f93f4dc71] [http-nio-8081-exec-3] c.p.u.controller.UserController : Search users request: 로그인
2026-03-04 16:41:36 INFO  [69a7e230fe8c28169534b3a6225dd8de] [http-nio-8081-exec-8] c.p.u.controller.FriendController : Send friend request: 019cb7c0-d0c1-7b52-9d62-21486971f3a6 -> 019cb7c8-39eb-7fca-9e1f-1f3ccb30473a
2026-03-04 16:41:36 INFO  [69a7e230fe8c28169534b3a6225dd8de] [http-nio-8081-exec-8] c.p.u.service.FriendService : Friend request sent: 019cb7c0-d0c1-7b52-9d62-21486971f3a6 -> 019cb7c8-39eb-7fca-9e1f-1f3ccb30473a
2026-03-04 16:41:36 INFO  [69a7e230295712b75781ddd07e3222ed] [http-nio-8081-exec-7] c.p.u.controller.FriendController : Get received requests: 019cb7c0-d0c1-7b52-9d62-21486971f3a6
2026-03-04 16:41:39 INFO  [69a7e23338a7f6bc1335588bc0dfe5ee] [http-nio-8081-exec-6] c.p.u.controller.FriendController : Get received requests: 019cb7c8-39eb-7fca-9e1f-1f3ccb30473a
2026-03-04 16:41:39 INFO  [69a7e2335a475535718a5ecf0ce3d4fd] [http-nio-8081-exec-9] c.p.u.controller.FriendController : Get friends: 019cb7c8-39eb-7fca-9e1f-1f3ccb30473a
2026-03-04 16:41:41 INFO  [69a7e2358daffd8e008da88ae28021b3] [http-nio-8081-exec-3] c.p.u.controller.FriendController : Process friend request: 5 by 019cb7c8-39eb-7fca-9e1f-1f3ccb30473a
2026-03-04 16:41:41 INFO  [69a7e2358daffd8e008da88ae28021b3] [http-nio-8081-exec-3] c.p.u.service.FriendService : Friend request processed: 5 -> ACCEPTED
2026-03-04 16:41:41 INFO  [69a7e235486154bbd42319ced4e2a71a] [http-nio-8081-exec-1] c.p.u.controller.FriendController : Get friends: 019cb7c8-39eb-7fca-9e1f-1f3ccb30473a
2026-03-04 16:41:41 INFO  [69a7e2353080d08f6aefdf9b0e16aa68] [http-nio-8081-exec-7] c.p.u.controller.FriendController : Get received requests: 019cb7c8-39eb-7fca-9e1f-1f3ccb30473a
2026-03-04 16:41:46 INFO  [69a7e23a21c2805002de3032ab48dac3] [http-nio-8081-exec-6] c.p.u.controller.FriendController : Get received requests: 019cb7c0-d0c1-7b52-9d62-21486971f3a6
2026-03-04 16:41:46 INFO  [69a7e23a809a061df71814f2317d0df8] [http-nio-8081-exec-9] c.p.u.controller.FriendController : Get friends: 019cb7c0-d0c1-7b52-9d62-21486971f3a6
2026-03-04 16:43:36 INFO  [69a7e2a84d92fa2bd579aa544970dae2] [http-nio-8081-exec-2] c.p.u.controller.CategoryController : Get categories request
2026-03-04 16:43:36 INFO  [69a7e2a86c2da82b7146d16b0d9efb65] [http-nio-8081-exec-6] c.p.u.controller.UserController : Get profile request: 019cb7c0-d0c1-7b52-9d62-21486971f3a6
2026-03-04 16:43:36 INFO  [69a7e2a84d92fa2bd579aa544970dae2] [http-nio-8081-exec-2] c.p.u.service.CategoryService : Fetching categories from database
2026-03-04 16:43:39 INFO  [69a7e2ab7c3c63e94e7fe30faf7260b6] [http-nio-8081-exec-5] c.p.u.controller.AuthController : Withdraw request: 019cb7c0-d0c1-7b52-9d62-21486971f3a6
2026-03-04 16:43:39 WARN  [69a7e2ab7c3c63e94e7fe30faf7260b6] [http-nio-8081-exec-5] c.p.userservice.service.AuthService : Redis is not available, skipping refresh token deletion: Unable to connect to Redis
2026-03-04 16:43:39 INFO  [69a7e2ab7c3c63e94e7fe30faf7260b6] [http-nio-8081-exec-5] c.p.u.security.CognitoService : Local profile detected - skipping Cognito user deletion
2026-03-04 16:43:39 INFO  [69a7e2ab7c3c63e94e7fe30faf7260b6] [http-nio-8081-exec-5] c.p.userservice.service.AuthService : User withdrawn: 019cb7c0-d0c1-7b52-9d62-21486971f3a6
2026-03-04 16:43:39 INFO  [69a7e2aba268af4831340e3d07c6fc09] [http-nio-8081-exec-3] c.p.u.controller.CategoryController : Get categories request
2026-03-04 16:43:39 INFO  [69a7e2aba268af4831340e3d07c6fc09] [http-nio-8081-exec-3] c.p.u.service.CategoryService : Fetching categories from database
2026-03-04 16:43:41 INFO  [69a7e2ada50887d798ac8f5cc412fa81] [http-nio-8081-exec-1] c.p.u.controller.FriendController : Get received requests: 019cb7c8-39eb-7fca-9e1f-1f3ccb30473a
2026-03-04 16:43:41 INFO  [69a7e2ad51c3045baaf2e2ecf3807b2f] [http-nio-8081-exec-4] c.p.u.controller.FriendController : Get friends: 019cb7c8-39eb-7fca-9e1f-1f3ccb30473a
2026-03-04 16:44:07 INFO  [69a7e2c71dbbf79f0687f0aabe5534ca] [http-nio-8081-exec-2] c.p.u.controller.AuthController : Signup request: 베이컨토마토디럭스
2026-03-04 16:44:07 INFO  [69a7e2c71dbbf79f0687f0aabe5534ca] [http-nio-8081-exec-2] c.p.u.security.CognitoService : Local profile detected - skipping Cognito validation, returning dummy user
2026-03-04 16:44:07 WARN  [69a7e2c71dbbf79f0687f0aabe5534ca] [http-nio-8081-exec-2] c.p.userservice.service.AuthService : Redis is not available, skipping refresh token storage: Unable to connect to Redis
2026-03-04 16:44:08 INFO  [69a7e2c89bfaca13bf8563050b731665] [http-nio-8081-exec-5] c.p.u.controller.FriendController : Get received requests: 019cb7cd-dabe-7b79-9cdb-72f9763015d8
2026-03-04 16:44:08 INFO  [69a7e2c85156c1286c35d6696a7b8f53] [http-nio-8081-exec-3] c.p.u.controller.FriendController : Get friends: 019cb7cd-dabe-7b79-9cdb-72f9763015d8
2026-03-04 16:44:12 INFO  [69a7e2cc76d61c8c862ff63923af65be] [http-nio-8081-exec-7] c.p.u.controller.UserController : Search users request: 제로
2026-03-04 16:44:12 INFO  [69a7e2ccd5e083f2cbcd3391612d27f7] [http-nio-8081-exec-4] c.p.u.controller.UserController : Search users request: 제록
2026-03-04 16:44:13 INFO  [69a7e2cd7b8085515d43884f6dc02c5a] [http-nio-8081-exec-2] c.p.u.controller.UserController : Search users request: 제로그
2026-03-04 16:44:13 INFO  [69a7e2cdb19f96d720f39fca6b28342b] [http-nio-8081-exec-6] c.p.u.controller.UserController : Search users request: 제로ㄱ
2026-03-04 16:44:14 INFO  [69a7e2cea58162056a83c53213a6d725] [http-nio-8081-exec-5] c.p.u.controller.UserController : Search users request: 로그
2026-03-04 16:44:14 INFO  [69a7e2cefbeb1f81f0cb17c5b7ab52e7] [http-nio-8081-exec-7] c.p.u.controller.UserController : Search users request: 로긍
2026-03-04 16:44:14 INFO  [69a7e2cee24bc56e507f7c6f1a5e84a2] [http-nio-8081-exec-4] c.p.u.controller.UserController : Search users request: 로그이
2026-03-04 16:44:14 INFO  [69a7e2cecbd22d5ed0e71022f1226787] [http-nio-8081-exec-2] c.p.u.controller.UserController : Search users request: 로그인
2026-03-04 16:44:17 INFO  [69a7e2d16b7bf3e77c62c8bc9451c687] [http-nio-8081-exec-6] c.p.u.controller.FriendController : Send friend request: 019cb7cd-dabe-7b79-9cdb-72f9763015d8 -> 019cb7c8-39eb-7fca-9e1f-1f3ccb30473a
2026-03-04 16:44:17 INFO  [69a7e2d16b7bf3e77c62c8bc9451c687] [http-nio-8081-exec-6] c.p.u.service.FriendService : Friend request sent: 019cb7cd-dabe-7b79-9cdb-72f9763015d8 -> 019cb7c8-39eb-7fca-9e1f-1f3ccb30473a
2026-03-04 16:44:17 INFO  [69a7e2d15aca62439c096f7f10035c8d] [http-nio-8081-exec-5] c.p.u.controller.FriendController : Get received requests: 019cb7cd-dabe-7b79-9cdb-72f9763015d8
2026-03-04 16:44:21 INFO  [69a7e2d52aeba7b4d6fc65883e695ae0] [http-nio-8081-exec-4] c.p.u.controller.FriendController : Get received requests: 019cb7c8-39eb-7fca-9e1f-1f3ccb30473a
2026-03-04 16:44:21 INFO  [69a7e2d581456470bd6169d2b9a2203f] [http-nio-8081-exec-1] c.p.u.controller.FriendController : Get friends: 019cb7c8-39eb-7fca-9e1f-1f3ccb30473a
2026-03-04 16:44:23 INFO  [69a7e2d75775bb8193d6368af8ce7b3c] [http-nio-8081-exec-2] c.p.u.controller.FriendController : Process friend request: 6 by 019cb7c8-39eb-7fca-9e1f-1f3ccb30473a
2026-03-04 16:44:23 INFO  [69a7e2d75775bb8193d6368af8ce7b3c] [http-nio-8081-exec-2] c.p.u.service.FriendService : Friend request processed: 6 -> ACCEPTED
2026-03-04 16:44:23 INFO  [69a7e2d7734a01ba9d24b3d385d596f7] [http-nio-8081-exec-3] c.p.u.controller.FriendController : Get friends: 019cb7c8-39eb-7fca-9e1f-1f3ccb30473a
2026-03-04 16:44:23 INFO  [69a7e2d794cbdc03b8f2a96151607513] [http-nio-8081-exec-5] c.p.u.controller.FriendController : Get received requests: 019cb7c8-39eb-7fca-9e1f-1f3ccb30473a
2026-03-04 16:44:43 INFO  [69a7e2eb9f065aa2f489a6a257da431e] [http-nio-8081-exec-4] c.p.u.controller.FriendController : Get friends: 019cb7c8-39eb-7fca-9e1f-1f3ccb30473a
2026-03-04 16:44:43 INFO  [69a7e2eb87113757d6bb979d1a05d1fa] [http-nio-8081-exec-1] c.p.u.controller.FriendController : Get received requests: 019cb7c8-39eb-7fca-9e1f-1f3ccb30473a
2026-03-04 16:44:53 INFO  [69a7e2f590f97ef482fdbdd674a9fda4] [http-nio-8081-exec-9] c.p.u.controller.FriendController : Get friends: 019cb7c8-39eb-7fca-9e1f-1f3ccb30473a
2026-03-04 16:44:53 INFO  [69a7e2f5fc6398cc489880605a4be699] [http-nio-8081-exec-6] c.p.u.controller.FriendController : Get received requests: 019cb7c8-39eb-7fca-9e1f-1f3ccb30473a
2026-03-04 16:44:54 INFO  [69a7e2f6321acfb9c0666bdc6eba0392] [http-nio-8081-exec-8] c.p.u.controller.FriendController : Get received requests: 019cb7cd-dabe-7b79-9cdb-72f9763015d8
2026-03-04 16:44:54 INFO  [69a7e2f695ebc5596be031938308fbb0] [http-nio-8081-exec-7] c.p.u.controller.FriendController : Get friends: 019cb7cd-dabe-7b79-9cdb-72f9763015d8
2026-03-04 16:45:06 INFO  [69a7e302f856157331dc782aebb9b3bb] [http-nio-8081-exec-2] c.p.u.controller.FriendController : Get received requests: 019cb7c8-39eb-7fca-9e1f-1f3ccb30473a
2026-03-04 16:45:06 INFO  [69a7e302d9561f32a849ebbc6f3e1183] [http-nio-8081-exec-10] c.p.u.controller.FriendController : Get friends: 019cb7c8-39eb-7fca-9e1f-1f3ccb30473a
2026-03-04 16:45:31 INFO  [69a7e31b5e5aa226e137045d91e5adf8] [http-nio-8081-exec-3] c.p.u.controller.FriendController : Get friends: 019cb7c8-39eb-7fca-9e1f-1f3ccb30473a
2026-03-04 16:45:31 INFO  [69a7e31b181d05a1f47b1032baff923a] [http-nio-8081-exec-5] c.p.u.controller.FriendController : Get received requests: 019cb7c8-39eb-7fca-9e1f-1f3ccb30473a
2026-03-04 16:45:31 INFO  [69a7e31b6e15c5bd221a515896f90998] [http-nio-8081-exec-1] c.p.u.controller.FriendController : Get friends: 019cb7cd-dabe-7b79-9cdb-72f9763015d8
2026-03-04 16:45:31 INFO  [69a7e31bddfc7fffbe83d9b3d2a9adbe] [http-nio-8081-exec-4] c.p.u.controller.FriendController : Get received requests: 019cb7cd-dabe-7b79-9cdb-72f9763015d8
2026-03-04 16:46:06 INFO  [69a7e33eb56ec422ebaa64b8d7e7d6ba] [http-nio-8081-exec-6] c.p.u.controller.FriendController : Get received requests: 019cb7c8-39eb-7fca-9e1f-1f3ccb30473a
2026-03-04 16:46:06 INFO  [69a7e33e358ae8f631ff363690fcf0e6] [http-nio-8081-exec-9] c.p.u.controller.FriendController : Get friends: 019cb7c8-39eb-7fca-9e1f-1f3ccb30473a
2026-03-04 16:46:35 INFO  [69a7e35b0f0c59bf21589aa4d115dbaf] [http-nio-8081-exec-4] c.p.u.controller.FriendController : Get friends: 019cb7c8-39eb-7fca-9e1f-1f3ccb30473a
2026-03-04 16:46:35 INFO  [69a7e35bb4f5015a6eb738fc48a5d1d8] [http-nio-8081-exec-1] c.p.u.controller.FriendController : Get received requests: 019cb7c8-39eb-7fca-9e1f-1f3ccb30473a
2026-03-04 16:47:00 INFO  [69a7e374ebf0796df175479b0e5e12c3] [http-nio-8081-exec-3] c.p.u.controller.FriendController : Get friends: 019cb7c8-39eb-7fca-9e1f-1f3ccb30473a
2026-03-04 16:47:00 INFO  [69a7e37456eed727c9f8109c1d7d3fa2] [http-nio-8081-exec-5] c.p.u.controller.FriendController : Get received requests: 019cb7c8-39eb-7fca-9e1f-1f3ccb30473a
2026-03-04 16:47:01 INFO  [69a7e3752c5c6374c8be0d84d22e17c9] [http-nio-8081-exec-4] c.p.u.controller.FriendController : Get received requests: 019cb7cd-dabe-7b79-9cdb-72f9763015d8
2026-03-04 16:47:01 INFO  [69a7e375031d3210d6549b96c836115f] [http-nio-8081-exec-1] c.p.u.controller.FriendController : Get friends: 019cb7cd-dabe-7b79-9cdb-72f9763015d8
2026-03-04 16:47:12 INFO  [69a7e38004bac427e480554c84dc7053] [http-nio-8081-exec-9] c.p.u.controller.FriendController : Get friends: 019cb7c8-39eb-7fca-9e1f-1f3ccb30473a
2026-03-04 16:47:12 INFO  [69a7e380316b93c9595077e8f104c881] [http-nio-8081-exec-6] c.p.u.controller.FriendController : Get received requests: 019cb7c8-39eb-7fca-9e1f-1f3ccb30473a
2026-03-04 16:47:12 INFO  [69a7e38018ca768476da25d650a97594] [http-nio-8081-exec-7] c.p.u.controller.FriendController : Get friends: 019cb7cd-dabe-7b79-9cdb-72f9763015d8
2026-03-04 16:47:12 INFO  [69a7e380a052a16050c960d79ae97cc9] [http-nio-8081-exec-8] c.p.u.controller.FriendController : Get received requests: 019cb7cd-dabe-7b79-9cdb-72f9763015d8
2026-03-04 16:47:46 INFO  [69a7e3a2c3271d55843e3a0c9896ae5a] [http-nio-8081-exec-2] c.p.u.controller.FriendController : Get friends: 019cb7c8-39eb-7fca-9e1f-1f3ccb30473a
2026-03-04 16:47:46 INFO  [69a7e3a2df1ede3f50a0e62e5e93d9f1] [http-nio-8081-exec-10] c.p.u.controller.FriendController : Get received requests: 019cb7c8-39eb-7fca-9e1f-1f3ccb30473a
2026-03-04 16:47:54 INFO  [69a7e3aaf83d6b94b70a6909aa18a136] [http-nio-8081-exec-5] c.p.u.controller.CategoryController : Get categories request
2026-03-04 16:47:54 INFO  [69a7e3aa3b94c0ce79d96f3d2ea72ee2] [http-nio-8081-exec-3] c.p.u.controller.UserController : Get profile request: 019cb7c8-39eb-7fca-9e1f-1f3ccb30473a
2026-03-04 16:47:54 INFO  [69a7e3aaf83d6b94b70a6909aa18a136] [http-nio-8081-exec-5] c.p.u.service.CategoryService : Fetching categories from database
2026-03-04 16:47:56 INFO  [69a7e3acdc00e7823e316640ff5c4d93] [http-nio-8081-exec-4] c.p.u.controller.FriendController : Get friends: 019cb7c8-39eb-7fca-9e1f-1f3ccb30473a
2026-03-04 16:47:56 INFO  [69a7e3ac10444a632acd07ecd1e9d519] [http-nio-8081-exec-1] c.p.u.controller.FriendController : Get received requests: 019cb7c8-39eb-7fca-9e1f-1f3ccb30473a
2026-03-04 16:49:22 INFO  [69a7e402cbd9e8a781d4d7ab90f38a22] [http-nio-8081-exec-7] c.p.u.controller.FriendController : Get friends: 019cb7c8-39eb-7fca-9e1f-1f3ccb30473a
2026-03-04 16:49:22 INFO  [69a7e4028dd72d2489ca7406f3e65a7d] [http-nio-8081-exec-8] c.p.u.controller.FriendController : Get received requests: 019cb7c8-39eb-7fca-9e1f-1f3ccb30473a
2026-03-04 16:49:25 INFO  [69a7e40581c93bc6748f8dcf9c066a0a] [http-nio-8081-exec-2] c.p.u.controller.FriendController : Get friends: 019cb7c8-39eb-7fca-9e1f-1f3ccb30473a
2026-03-04 16:49:25 INFO  [69a7e405b8ff769d8623b0c8a4cab720] [http-nio-8081-exec-10] c.p.u.controller.FriendController : Get received requests: 019cb7c8-39eb-7fca-9e1f-1f3ccb30473a
2026-03-04 16:49:30 INFO  [69a7e40a595f7fd32310a2da6eb98142] [http-nio-8081-exec-3] c.p.u.controller.FriendController : Get received requests: 019cb7c8-39eb-7fca-9e1f-1f3ccb30473a
2026-03-04 16:49:30 INFO  [69a7e40ae74765ac4437001d16e13122] [http-nio-8081-exec-5] c.p.u.controller.FriendController : Get friends: 019cb7c8-39eb-7fca-9e1f-1f3ccb30473a
2026-03-04 16:49:31 INFO  [69a7e40b11a92ada27da89d3371c0be6] [http-nio-8081-exec-4] c.p.u.controller.FriendController : Get received requests: 019cb7cd-dabe-7b79-9cdb-72f9763015d8
2026-03-04 16:49:31 INFO  [69a7e40b6053b70095c81e0bb1f21127] [http-nio-8081-exec-1] c.p.u.controller.FriendController : Get friends: 019cb7cd-dabe-7b79-9cdb-72f9763015d8
2026-03-04 16:49:42 INFO  [69a7e416f89a7c46dc22c34a7d81c385] [http-nio-8081-exec-9] c.p.u.controller.FriendController : Get received requests: 019cb7cd-dabe-7b79-9cdb-72f9763015d8
2026-03-04 16:49:42 INFO  [69a7e416cfbfc13d5eeed075efbeb4f1] [http-nio-8081-exec-6] c.p.u.controller.FriendController : Get friends: 019cb7cd-dabe-7b79-9cdb-72f9763015d8
2026-03-04 16:49:42 INFO  [69a7e4168b15d9975eb5e56577519ded] [http-nio-8081-exec-8] c.p.u.controller.FriendController : Get friends: 019cb7c8-39eb-7fca-9e1f-1f3ccb30473a
2026-03-04 16:49:42 INFO  [69a7e41609b5e0797338b6d421631950] [http-nio-8081-exec-7] c.p.u.controller.FriendController : Get received requests: 019cb7c8-39eb-7fca-9e1f-1f3ccb30473a
2026-03-04 16:49:53 INFO  [69a7e421e428c36a332b0eca0a7fff93] [http-nio-8081-exec-10] c.p.u.controller.FriendController : Get friends: 019cb7c8-39eb-7fca-9e1f-1f3ccb30473a
2026-03-04 16:49:53 INFO  [69a7e4217e3cb7a13aa20dd256bad042] [http-nio-8081-exec-2] c.p.u.controller.FriendController : Get received requests: 019cb7c8-39eb-7fca-9e1f-1f3ccb30473a
2026-03-04 16:49:56 INFO  [69a7e424c9493cdcbc083303b5099a1c] [http-nio-8081-exec-3] c.p.u.controller.FriendController : Get friends: 019cb7c8-39eb-7fca-9e1f-1f3ccb30473a
2026-03-04 16:49:56 INFO  [69a7e42464dd38d6e5b2b42af5adf2a3] [http-nio-8081-exec-5] c.p.u.controller.FriendController : Get received requests: 019cb7c8-39eb-7fca-9e1f-1f3ccb30473a
2026-03-04 16:50:18 INFO  [69a7e43a3faf110556d2bcea9c30f821] [http-nio-8081-exec-1] c.p.u.controller.FriendController : Get friends: 019cb7c8-39eb-7fca-9e1f-1f3ccb30473a
2026-03-04 16:50:18 INFO  [69a7e43ae9985e6eb4c264ca17ca0e35] [http-nio-8081-exec-4] c.p.u.controller.FriendController : Get received requests: 019cb7c8-39eb-7fca-9e1f-1f3ccb30473a
2026-03-04 16:50:18 INFO  [69a7e43a77bf0bb4a97c0004a44c0132] [http-nio-8081-exec-9] c.p.u.controller.FriendController : Get friends: 019cb7cd-dabe-7b79-9cdb-72f9763015d8
2026-03-04 16:50:18 INFO  [69a7e43a04152693f398437ca3006aab] [http-nio-8081-exec-6] c.p.u.controller.FriendController : Get received requests: 019cb7cd-dabe-7b79-9cdb-72f9763015d8
2026-03-04 16:50:36 INFO  [69a7e44c13d3f7f9516bfb4f9ceb55c6] [http-nio-8081-exec-8] c.p.u.controller.FriendController : Get received requests: 019cb7c8-39eb-7fca-9e1f-1f3ccb30473a
2026-03-04 16:50:36 INFO  [69a7e44c4ab85de83bad98597e53429b] [http-nio-8081-exec-7] c.p.u.controller.FriendController : Get friends: 019cb7c8-39eb-7fca-9e1f-1f3ccb30473a
2026-03-04 16:50:37 INFO  [69a7e44d9ea7e8664e29384c1c6fc3c4] [http-nio-8081-exec-10] c.p.u.controller.FriendController : Get friends: 019cb7cd-dabe-7b79-9cdb-72f9763015d8
2026-03-04 16:50:37 INFO  [69a7e44d0a62349b6bc2a037310055dd] [http-nio-8081-exec-2] c.p.u.controller.FriendController : Get received requests: 019cb7cd-dabe-7b79-9cdb-72f9763015d8
2026-03-04 16:52:01 INFO  [69a7e4a13b8aef5f16abcde5ce043f0f] [http-nio-8081-exec-4] c.p.u.controller.FriendController : Get friends: 019cb7c8-39eb-7fca-9e1f-1f3ccb30473a
2026-03-04 16:52:01 INFO  [69a7e4a168fd45864acc44a62ebcf7a9] [http-nio-8081-exec-1] c.p.u.controller.FriendController : Get received requests: 019cb7c8-39eb-7fca-9e1f-1f3ccb30473a
2026-03-04 16:52:58 ERROR [69a7e4da53926f1332377f20d02cfe1e] [http-nio-8081-exec-2] c.p.userservice.security.JwtProvider : JWT validation failed: JWT expired 205 milliseconds ago at 2026-03-04T07:52:58.000Z. Current time: 2026-03-04T07:52:58.205Z. Allowed clock skew: 0 milliseconds.
2026-03-04 16:52:58 INFO  [69a7e4da53926f1332377f20d02cfe1e] [http-nio-8081-exec-2] c.p.u.controller.FriendController : Get received requests: anonymousUser
2026-03-04 16:52:59 ERROR [69a7e4db74308dc0d9fb3a049d90b866] [http-nio-8081-exec-9] c.p.userservice.security.JwtProvider : JWT validation failed: JWT expired 1299 milliseconds ago at 2026-03-04T07:52:58.000Z. Current time: 2026-03-04T07:52:59.299Z. Allowed clock skew: 0 milliseconds.
2026-03-04 16:52:59 INFO  [69a7e4db74308dc0d9fb3a049d90b866] [http-nio-8081-exec-9] c.p.u.controller.FriendController : Get friends: anonymousUser
2026-03-04 16:52:59 ERROR [69a7e4db08347e21b18f066bfe39244d] [http-nio-8081-exec-3] c.p.userservice.security.JwtProvider : JWT validation failed: JWT expired 1700 milliseconds ago at 2026-03-04T07:52:58.000Z. Current time: 2026-03-04T07:52:59.700Z. Allowed clock skew: 0 milliseconds.
2026-03-04 16:52:59 INFO  [69a7e4db08347e21b18f066bfe39244d] [http-nio-8081-exec-3] c.p.u.controller.FriendController : Get friends: anonymousUser
2026-03-04 16:55:52 INFO  [69a7e5888c5690a1ec64b4c80b23d2f4] [http-nio-8081-exec-10] c.p.u.controller.FriendController : Get friends: 019cb7cd-dabe-7b79-9cdb-72f9763015d8
2026-03-04 16:55:52 INFO  [69a7e588b7d544662e96e4647e446ab2] [http-nio-8081-exec-2] c.p.u.controller.FriendController : Get received requests: 019cb7cd-dabe-7b79-9cdb-72f9763015d8
2026-03-04 16:55:52 ERROR [69a7e5887982bc3141088773ae52ebf1] [http-nio-8081-exec-5] c.p.userservice.security.JwtProvider : JWT validation failed: JWT expired 174498 milliseconds ago at 2026-03-04T07:52:58.000Z. Current time: 2026-03-04T07:55:52.498Z. Allowed clock skew: 0 milliseconds.
2026-03-04 16:55:52 INFO  [69a7e5887982bc3141088773ae52ebf1] [http-nio-8081-exec-5] c.p.u.controller.FriendController : Get friends: anonymousUser
2026-03-04 16:55:52 ERROR [69a7e588e343030c278521927bcc32e2] [http-nio-8081-exec-3] c.p.userservice.security.JwtProvider : JWT validation failed: JWT expired 174499 milliseconds ago at 2026-03-04T07:52:58.000Z. Current time: 2026-03-04T07:55:52.499Z. Allowed clock skew: 0 milliseconds.
2026-03-04 16:55:52 INFO  [69a7e588e343030c278521927bcc32e2] [http-nio-8081-exec-3] c.p.u.controller.FriendController : Get received requests: anonymousUser
2026-03-04 16:55:58 INFO  [69a7e58e2df0cde17e11d6187bc9ede0] [http-nio-8081-exec-4] c.p.u.controller.FriendController : Get friends: 019cb7cd-dabe-7b79-9cdb-72f9763015d8
2026-03-04 16:55:58 INFO  [69a7e58ecf94bbb92ffcbfac9b393480] [http-nio-8081-exec-1] c.p.u.controller.FriendController : Get received requests: 019cb7cd-dabe-7b79-9cdb-72f9763015d8
2026-03-04 16:55:58 ERROR [69a7e58e09edf39ffaf2f3b3bf11bee2] [http-nio-8081-exec-9] c.p.userservice.security.JwtProvider : JWT validation failed: JWT expired 180533 milliseconds ago at 2026-03-04T07:52:58.000Z. Current time: 2026-03-04T07:55:58.533Z. Allowed clock skew: 0 milliseconds.
2026-03-04 16:55:58 INFO  [69a7e58e09edf39ffaf2f3b3bf11bee2] [http-nio-8081-exec-9] c.p.u.controller.FriendController : Get friends: anonymousUser
2026-03-04 16:55:58 ERROR [69a7e58e8eee50aac4231adc2b00ff46] [http-nio-8081-exec-10] c.p.userservice.security.JwtProvider : JWT validation failed: JWT expired 180537 milliseconds ago at 2026-03-04T07:52:58.000Z. Current time: 2026-03-04T07:55:58.537Z. Allowed clock skew: 0 milliseconds.
2026-03-04 16:55:58 INFO  [69a7e58e8eee50aac4231adc2b00ff46] [http-nio-8081-exec-10] c.p.u.controller.FriendController : Get received requests: anonymousUser
2026-03-04 16:57:19 INFO  [69a7e5dff6681725427f95681a6901b9] [http-nio-8081-exec-2] c.p.u.controller.FriendController : Get friends: 019cb7cd-dabe-7b79-9cdb-72f9763015d8
2026-03-04 16:57:19 INFO  [69a7e5dff2b5828110787c5b2ec9278f] [http-nio-8081-exec-1] c.p.u.controller.FriendController : Get received requests: 019cb7cd-dabe-7b79-9cdb-72f9763015d8
2026-03-04 16:57:19 ERROR [69a7e5df4ce4b3ad5c5d9d7f90f2cb7e] [http-nio-8081-exec-5] c.p.userservice.security.JwtProvider : JWT validation failed: JWT expired 261491 milliseconds ago at 2026-03-04T07:52:58.000Z. Current time: 2026-03-04T07:57:19.491Z. Allowed clock skew: 0 milliseconds.
2026-03-04 16:57:19 INFO  [69a7e5df4ce4b3ad5c5d9d7f90f2cb7e] [http-nio-8081-exec-5] c.p.u.controller.FriendController : Get friends: anonymousUser
2026-03-04 16:57:19 ERROR [69a7e5dfe7a672707f8ddae8920626cf] [http-nio-8081-exec-7] c.p.userservice.security.JwtProvider : JWT validation failed: JWT expired 261492 milliseconds ago at 2026-03-04T07:52:58.000Z. Current time: 2026-03-04T07:57:19.492Z. Allowed clock skew: 0 milliseconds.
2026-03-04 16:57:19 INFO  [69a7e5dfe7a672707f8ddae8920626cf] [http-nio-8081-exec-7] c.p.u.controller.FriendController : Get received requests: anonymousUser
2026-03-04 16:57:54 INFO  [69a7e602f92f6acb00246021ebcff1ff] [http-nio-8081-exec-4] c.p.u.controller.FriendController : Get received requests: 019cb7cd-dabe-7b79-9cdb-72f9763015d8
2026-03-04 16:57:54 INFO  [69a7e602b6f765883774250668b219f5] [http-nio-8081-exec-6] c.p.u.controller.FriendController : Get friends: 019cb7cd-dabe-7b79-9cdb-72f9763015d8
2026-03-04 16:57:54 ERROR [69a7e60240e6e6490f30e768ae8e67a3] [http-nio-8081-exec-9] c.p.userservice.security.JwtProvider : JWT validation failed: JWT expired 296508 milliseconds ago at 2026-03-04T07:52:58.000Z. Current time: 2026-03-04T07:57:54.508Z. Allowed clock skew: 0 milliseconds.
2026-03-04 16:57:54 INFO  [69a7e60240e6e6490f30e768ae8e67a3] [http-nio-8081-exec-9] c.p.u.controller.FriendController : Get friends: anonymousUser
2026-03-04 16:57:54 ERROR [69a7e602e0512ac7e30c8844cfd2658c] [http-nio-8081-exec-10] c.p.userservice.security.JwtProvider : JWT validation failed: JWT expired 296510 milliseconds ago at 2026-03-04T07:52:58.000Z. Current time: 2026-03-04T07:57:54.510Z. Allowed clock skew: 0 milliseconds.
2026-03-04 16:57:54 INFO  [69a7e602e0512ac7e30c8844cfd2658c] [http-nio-8081-exec-10] c.p.u.controller.FriendController : Get received requests: anonymousUser
2026-03-04 16:58:01 INFO  [69a7e6095dea4fc2384d1ac7277aed81] [http-nio-8081-exec-3] c.p.u.controller.FriendController : Get friends: 019cb7cd-dabe-7b79-9cdb-72f9763015d8
2026-03-04 16:58:01 INFO  [69a7e60927e5f9796e28f25d990e5c53] [http-nio-8081-exec-8] c.p.u.controller.FriendController : Get received requests: 019cb7cd-dabe-7b79-9cdb-72f9763015d8
2026-03-04 16:58:01 ERROR [69a7e609d01cd6d3dd1ee35946d220d0] [http-nio-8081-exec-4] c.p.userservice.security.JwtProvider : JWT validation failed: JWT expired 303510 milliseconds ago at 2026-03-04T07:52:58.000Z. Current time: 2026-03-04T07:58:01.510Z. Allowed clock skew: 0 milliseconds.
2026-03-04 16:58:01 INFO  [69a7e609d01cd6d3dd1ee35946d220d0] [http-nio-8081-exec-4] c.p.u.controller.FriendController : Get friends: anonymousUser
2026-03-04 16:58:01 ERROR [69a7e60975b67997385d8e2f40135cb7] [http-nio-8081-exec-6] c.p.userservice.security.JwtProvider : JWT validation failed: JWT expired 303511 milliseconds ago at 2026-03-04T07:52:58.000Z. Current time: 2026-03-04T07:58:01.511Z. Allowed clock skew: 0 milliseconds.
2026-03-04 16:58:01 INFO  [69a7e60975b67997385d8e2f40135cb7] [http-nio-8081-exec-6] c.p.u.controller.FriendController : Get received requests: anonymousUser
2026-03-04 16:58:35 ERROR [69a7e62b57e1e2b9d1248467f542417c] [http-nio-8081-exec-5] c.p.userservice.security.JwtProvider : JWT validation failed: JWT expired 337475 milliseconds ago at 2026-03-04T07:52:58.000Z. Current time: 2026-03-04T07:58:35.475Z. Allowed clock skew: 0 milliseconds.
2026-03-04 16:58:35 ERROR [69a7e62b13e626d20db38a3bff2b7220] [http-nio-8081-exec-7] c.p.userservice.security.JwtProvider : JWT validation failed: JWT expired 337475 milliseconds ago at 2026-03-04T07:52:58.000Z. Current time: 2026-03-04T07:58:35.475Z. Allowed clock skew: 0 milliseconds.
2026-03-04 16:58:35 INFO  [69a7e62b57e1e2b9d1248467f542417c] [http-nio-8081-exec-5] c.p.u.controller.FriendController : Get received requests: anonymousUser
2026-03-04 16:58:35 INFO  [69a7e62b13e626d20db38a3bff2b7220] [http-nio-8081-exec-7] c.p.u.controller.FriendController : Get friends: anonymousUser
2026-03-04 16:58:36 ERROR [69a7e62ce6ac60faaae81fd82bfd6058] [http-nio-8081-exec-1] c.p.userservice.security.JwtProvider : JWT validation failed: JWT expired 338604 milliseconds ago at 2026-03-04T07:52:58.000Z. Current time: 2026-03-04T07:58:36.604Z. Allowed clock skew: 0 milliseconds.
2026-03-04 16:58:36 INFO  [69a7e62ce6ac60faaae81fd82bfd6058] [http-nio-8081-exec-1] c.p.u.controller.FriendController : Get received requests: anonymousUser
2026-03-04 16:58:37 ERROR [69a7e62d49b8f6f524a3355a7cf11e43] [http-nio-8081-exec-8] c.p.userservice.security.JwtProvider : JWT validation failed: JWT expired 339074 milliseconds ago at 2026-03-04T07:52:58.000Z. Current time: 2026-03-04T07:58:37.074Z. Allowed clock skew: 0 milliseconds.
2026-03-04 16:58:37 INFO  [69a7e62d49b8f6f524a3355a7cf11e43] [http-nio-8081-exec-8] c.p.u.controller.FriendController : Get friends: anonymousUser
2026-03-04 16:58:38 ERROR [69a7e62ee59d8b8224c381db0195db6d] [http-nio-8081-exec-4] c.p.userservice.security.JwtProvider : JWT validation failed: JWT expired 340196 milliseconds ago at 2026-03-04T07:52:58.000Z. Current time: 2026-03-04T07:58:38.196Z. Allowed clock skew: 0 milliseconds.
2026-03-04 16:58:38 INFO  [69a7e62ee59d8b8224c381db0195db6d] [http-nio-8081-exec-4] c.p.u.controller.FriendController : Get friends: anonymousUser
2026-03-04 16:58:43 INFO  [69a7e633c39d70cd57436b0e88ac59a5] [http-nio-8081-exec-7] c.p.u.controller.FriendController : Get received requests: 019cb7cd-dabe-7b79-9cdb-72f9763015d8
2026-03-04 16:58:43 INFO  [69a7e633c3e8828b9648e985dcd74056] [http-nio-8081-exec-5] c.p.u.controller.FriendController : Get friends: 019cb7cd-dabe-7b79-9cdb-72f9763015d8
2026-03-04 16:58:47 INFO  [69a7e6372de8d607ec64241a0fbf9c3d] [http-nio-8081-exec-1] c.p.u.controller.FriendController : Get received requests: 019cb7cd-dabe-7b79-9cdb-72f9763015d8
2026-03-04 16:58:47 INFO  [69a7e6374c14ac6b5956793175352bf9] [http-nio-8081-exec-2] c.p.u.controller.FriendController : Get friends: 019cb7cd-dabe-7b79-9cdb-72f9763015d8
2026-03-04 16:58:49 INFO  [69a7e639675298ec521cd7b217098320] [http-nio-8081-exec-6] c.p.u.controller.FriendController : Get friends: 019cb7cd-dabe-7b79-9cdb-72f9763015d8
2026-03-04 16:58:49 INFO  [69a7e639b924528fa714e765b9beb853] [http-nio-8081-exec-4] c.p.u.controller.FriendController : Get received requests: 019cb7cd-dabe-7b79-9cdb-72f9763015d8
2026-03-04 16:58:50 ERROR [69a7e63ad194ad869948317e0c0be812] [http-nio-8081-exec-5] c.p.userservice.security.JwtProvider : JWT validation failed: JWT expired 352952 milliseconds ago at 2026-03-04T07:52:58.000Z. Current time: 2026-03-04T07:58:50.952Z. Allowed clock skew: 0 milliseconds.
2026-03-04 16:58:50 ERROR [69a7e63a539f7247ef1b34a9636bb0d5] [http-nio-8081-exec-7] c.p.userservice.security.JwtProvider : JWT validation failed: JWT expired 352952 milliseconds ago at 2026-03-04T07:52:58.000Z. Current time: 2026-03-04T07:58:50.952Z. Allowed clock skew: 0 milliseconds.
2026-03-04 16:58:50 INFO  [69a7e63a539f7247ef1b34a9636bb0d5] [http-nio-8081-exec-7] c.p.u.controller.FriendController : Get friends: anonymousUser
2026-03-04 16:58:50 INFO  [69a7e63ad194ad869948317e0c0be812] [http-nio-8081-exec-5] c.p.u.controller.FriendController : Get received requests: anonymousUser
2026-03-04 16:58:54 ERROR [69a7e63e3a42ea6fa4cc3e92881da4a6] [http-nio-8081-exec-2] c.p.userservice.security.JwtProvider : JWT validation failed: JWT expired 356148 milliseconds ago at 2026-03-04T07:52:58.000Z. Current time: 2026-03-04T07:58:54.148Z. Allowed clock skew: 0 milliseconds.
2026-03-04 16:58:54 INFO  [69a7e63e3a42ea6fa4cc3e92881da4a6] [http-nio-8081-exec-2] c.p.u.controller.FriendController : Get received requests: anonymousUser
2026-03-04 16:58:54 ERROR [69a7e63e3aa9ef5c9844c167f9d2dfac] [http-nio-8081-exec-3] c.p.userservice.security.JwtProvider : JWT validation failed: JWT expired 356500 milliseconds ago at 2026-03-04T07:52:58.000Z. Current time: 2026-03-04T07:58:54.500Z. Allowed clock skew: 0 milliseconds.
2026-03-04 16:58:54 INFO  [69a7e63e3aa9ef5c9844c167f9d2dfac] [http-nio-8081-exec-3] c.p.u.controller.FriendController : Get friends: anonymousUser
2026-03-04 16:58:55 INFO  [69a7e63f8d480b8d4d041d7a50ddd0aa] [http-nio-8081-exec-6] c.p.u.controller.FriendController : Get friends: 019cb7cd-dabe-7b79-9cdb-72f9763015d8
2026-03-04 16:59:00 INFO  [69a7e64400517a842472eb5666dc5b7d] [http-nio-8081-exec-10] c.p.u.controller.FriendController : Delete friend: 6 by 019cb7cd-dabe-7b79-9cdb-72f9763015d8
2026-03-04 16:59:00 INFO  [69a7e64400517a842472eb5666dc5b7d] [http-nio-8081-exec-10] c.p.u.service.FriendService : Friend deleted: 6
2026-03-04 16:59:00 INFO  [69a7e64497ba616b690d6cadd266bab5] [http-nio-8081-exec-7] c.p.u.controller.FriendController : Get friends: 019cb7cd-dabe-7b79-9cdb-72f9763015d8
2026-03-04 16:59:02 INFO  [69a7e646084fa46c8d312a42b9369781] [http-nio-8081-exec-2] c.p.u.controller.UserController : Search users request: 로그
2026-03-04 16:59:04 INFO  [69a7e64872d0351d4cf2e82552894978] [http-nio-8081-exec-3] c.p.u.controller.FriendController : Send friend request: 019cb7cd-dabe-7b79-9cdb-72f9763015d8 -> 019cb7c8-39eb-7fca-9e1f-1f3ccb30473a
2026-03-04 16:59:04 INFO  [69a7e64872d0351d4cf2e82552894978] [http-nio-8081-exec-3] c.p.u.service.FriendService : Friend request sent: 019cb7cd-dabe-7b79-9cdb-72f9763015d8 -> 019cb7c8-39eb-7fca-9e1f-1f3ccb30473a
2026-03-04 16:59:04 INFO  [69a7e648187eb445622b6c0821c05baf] [http-nio-8081-exec-6] c.p.u.controller.FriendController : Get received requests: 019cb7cd-dabe-7b79-9cdb-72f9763015d8
2026-03-04 16:59:05 ERROR [69a7e649ce804b3f5292689781ebd70f] [http-nio-8081-exec-10] c.p.userservice.security.JwtProvider : JWT validation failed: JWT expired 367943 milliseconds ago at 2026-03-04T07:52:58.000Z. Current time: 2026-03-04T07:59:05.943Z. Allowed clock skew: 0 milliseconds.
2026-03-04 16:59:05 INFO  [69a7e649ce804b3f5292689781ebd70f] [http-nio-8081-exec-10] c.p.u.controller.FriendController : Get received requests: anonymousUser
2026-03-04 16:59:07 ERROR [69a7e64bc4460fbab0a86db74234b61c] [http-nio-8081-exec-2] c.p.userservice.security.JwtProvider : JWT validation failed: JWT expired 369343 milliseconds ago at 2026-03-04T07:52:58.000Z. Current time: 2026-03-04T07:59:07.343Z. Allowed clock skew: 0 milliseconds.
2026-03-04 16:59:07 ERROR [69a7e64b653781515e769a381c3547c6] [http-nio-8081-exec-1] c.p.userservice.security.JwtProvider : JWT validation failed: JWT expired 369343 milliseconds ago at 2026-03-04T07:52:58.000Z. Current time: 2026-03-04T07:59:07.343Z. Allowed clock skew: 0 milliseconds.
2026-03-04 16:59:07 INFO  [69a7e64b653781515e769a381c3547c6] [http-nio-8081-exec-1] c.p.u.controller.FriendController : Get friends: anonymousUser
2026-03-04 16:59:07 INFO  [69a7e64bc4460fbab0a86db74234b61c] [http-nio-8081-exec-2] c.p.u.controller.FriendController : Get received requests: anonymousUser
2026-03-04 16:59:08 ERROR [69a7e64c3e37376822b741a4ddfa42fd] [http-nio-8081-exec-6] c.p.userservice.security.JwtProvider : JWT validation failed: JWT expired 370222 milliseconds ago at 2026-03-04T07:52:58.000Z. Current time: 2026-03-04T07:59:08.222Z. Allowed clock skew: 0 milliseconds.
2026-03-04 16:59:08 ERROR [69a7e64c044eb8374de667c3bc0e7b96] [http-nio-8081-exec-4] c.p.userservice.security.JwtProvider : JWT validation failed: JWT expired 370222 milliseconds ago at 2026-03-04T07:52:58.000Z. Current time: 2026-03-04T07:59:08.222Z. Allowed clock skew: 0 milliseconds.
2026-03-04 16:59:08 INFO  [69a7e64c3e37376822b741a4ddfa42fd] [http-nio-8081-exec-6] c.p.u.controller.FriendController : Get received requests: anonymousUser
2026-03-04 16:59:08 INFO  [69a7e64c044eb8374de667c3bc0e7b96] [http-nio-8081-exec-4] c.p.u.controller.FriendController : Get friends: anonymousUser
2026-03-04 16:59:08 ERROR [69a7e64c4db56c3d7947fb4f2d0f96aa] [http-nio-8081-exec-10] c.p.userservice.security.JwtProvider : JWT validation failed: JWT expired 370973 milliseconds ago at 2026-03-04T07:52:58.000Z. Current time: 2026-03-04T07:59:08.973Z. Allowed clock skew: 0 milliseconds.
2026-03-04 16:59:08 INFO  [69a7e64c4db56c3d7947fb4f2d0f96aa] [http-nio-8081-exec-10] c.p.u.controller.FriendController : Get received requests: anonymousUser
2026-03-04 16:59:09 ERROR [69a7e64dd7cf7bd723af30654dcdf72d] [http-nio-8081-exec-7] c.p.userservice.security.JwtProvider : JWT validation failed: JWT expired 371915 milliseconds ago at 2026-03-04T07:52:58.000Z. Current time: 2026-03-04T07:59:09.915Z. Allowed clock skew: 0 milliseconds.
2026-03-04 16:59:09 INFO  [69a7e64dd7cf7bd723af30654dcdf72d] [http-nio-8081-exec-7] c.p.u.controller.FriendController : Get received requests: anonymousUser
2026-03-04 16:59:10 ERROR [69a7e64e76f3993e6174166cf2266ac0] [http-nio-8081-exec-1] c.p.userservice.security.JwtProvider : JWT validation failed: JWT expired 372205 milliseconds ago at 2026-03-04T07:52:58.000Z. Current time: 2026-03-04T07:59:10.205Z. Allowed clock skew: 0 milliseconds.
2026-03-04 16:59:10 INFO  [69a7e64e76f3993e6174166cf2266ac0] [http-nio-8081-exec-1] c.p.u.controller.FriendController : Get friends: anonymousUser
2026-03-04 16:59:10 ERROR [69a7e64edca69dd71c962bfebfefea92] [http-nio-8081-exec-8] c.p.userservice.security.JwtProvider : JWT validation failed: JWT expired 372636 milliseconds ago at 2026-03-04T07:52:58.000Z. Current time: 2026-03-04T07:59:10.636Z. Allowed clock skew: 0 milliseconds.
2026-03-04 16:59:10 INFO  [69a7e64edca69dd71c962bfebfefea92] [http-nio-8081-exec-8] c.p.u.controller.FriendController : Get received requests: anonymousUser
2026-03-04 16:59:11 ERROR [69a7e64f9b09dbd00586ee1e23553ca3] [http-nio-8081-exec-10] c.p.userservice.security.JwtProvider : JWT validation failed: JWT expired 373877 milliseconds ago at 2026-03-04T07:52:58.000Z. Current time: 2026-03-04T07:59:11.877Z. Allowed clock skew: 0 milliseconds.
2026-03-04 16:59:11 ERROR [69a7e64fc889242ad16d33156561072e] [http-nio-8081-exec-9] c.p.userservice.security.JwtProvider : JWT validation failed: JWT expired 373877 milliseconds ago at 2026-03-04T07:52:58.000Z. Current time: 2026-03-04T07:59:11.877Z. Allowed clock skew: 0 milliseconds.
2026-03-04 16:59:11 INFO  [69a7e64fc889242ad16d33156561072e] [http-nio-8081-exec-9] c.p.u.controller.FriendController : Get received requests: anonymousUser
2026-03-04 16:59:11 INFO  [69a7e64f9b09dbd00586ee1e23553ca3] [http-nio-8081-exec-10] c.p.u.controller.FriendController : Get friends: anonymousUser
2026-03-04 16:59:51 ERROR [69a7e677041bcb412e081160272ec194] [http-nio-8081-exec-1] c.p.userservice.security.JwtProvider : JWT validation failed: JWT expired 413718 milliseconds ago at 2026-03-04T07:52:58.000Z. Current time: 2026-03-04T07:59:51.718Z. Allowed clock skew: 0 milliseconds.
2026-03-04 16:59:51 ERROR [69a7e677f13cdbc898b80d4bb28f54ac] [http-nio-8081-exec-3] c.p.userservice.security.JwtProvider : JWT validation failed: JWT expired 413718 milliseconds ago at 2026-03-04T07:52:58.000Z. Current time: 2026-03-04T07:59:51.718Z. Allowed clock skew: 0 milliseconds.
2026-03-04 16:59:51 INFO  [69a7e677041bcb412e081160272ec194] [http-nio-8081-exec-1] c.p.u.controller.FriendController : Get friends: anonymousUser
2026-03-04 16:59:51 INFO  [69a7e677f13cdbc898b80d4bb28f54ac] [http-nio-8081-exec-3] c.p.u.controller.FriendController : Get received requests: anonymousUser
2026-03-04 16:59:54 ERROR [69a7e67a47ecd401b08b3d5a6e0c53c7] [http-nio-8081-exec-9] c.p.userservice.security.JwtProvider : JWT validation failed: JWT expired 416074 milliseconds ago at 2026-03-04T07:52:58.000Z. Current time: 2026-03-04T07:59:54.074Z. Allowed clock skew: 0 milliseconds.
2026-03-04 16:59:54 ERROR [69a7e67a025ce82e073ca6f047229862] [http-nio-8081-exec-6] c.p.userservice.security.JwtProvider : JWT validation failed: JWT expired 416074 milliseconds ago at 2026-03-04T07:52:58.000Z. Current time: 2026-03-04T07:59:54.074Z. Allowed clock skew: 0 milliseconds.
2026-03-04 16:59:54 INFO  [69a7e67a47ecd401b08b3d5a6e0c53c7] [http-nio-8081-exec-9] c.p.u.controller.FriendController : Get received requests: anonymousUser
2026-03-04 16:59:54 INFO  [69a7e67a025ce82e073ca6f047229862] [http-nio-8081-exec-6] c.p.u.controller.FriendController : Get friends: anonymousUser
2026-03-04 16:59:57 ERROR [69a7e67dbe3fba4679d56c21f8f90fd2] [http-nio-8081-exec-5] c.p.userservice.security.JwtProvider : JWT validation failed: JWT expired 419503 milliseconds ago at 2026-03-04T07:52:58.000Z. Current time: 2026-03-04T07:59:57.503Z. Allowed clock skew: 0 milliseconds.
2026-03-04 16:59:57 INFO  [69a7e67dbe3fba4679d56c21f8f90fd2] [http-nio-8081-exec-5] c.p.u.controller.UserController : Search users request: 키로
2026-03-04 16:59:59 ERROR [69a7e67fdb9e983bb538fca8fdd8d559] [http-nio-8081-exec-3] c.p.userservice.security.JwtProvider : JWT validation failed: JWT expired 52328 milliseconds ago at 2026-03-04T07:59:07.000Z. Current time: 2026-03-04T07:59:59.328Z. Allowed clock skew: 0 milliseconds.
2026-03-04 16:59:59 ERROR [69a7e67f2164461a36f620fb5e560520] [http-nio-8081-exec-8] c.p.userservice.security.JwtProvider : JWT validation failed: JWT expired 52328 milliseconds ago at 2026-03-04T07:59:07.000Z. Current time: 2026-03-04T07:59:59.328Z. Allowed clock skew: 0 milliseconds.
2026-03-04 16:59:59 INFO  [69a7e67fdb9e983bb538fca8fdd8d559] [http-nio-8081-exec-3] c.p.u.controller.FriendController : Get friends: anonymousUser
2026-03-04 16:59:59 INFO  [69a7e67f2164461a36f620fb5e560520] [http-nio-8081-exec-8] c.p.u.controller.FriendController : Get received requests: anonymousUser
2026-03-04 16:59:59 ERROR [69a7e67f55e850ded8aa9eb7818132de] [http-nio-8081-exec-4] c.p.userservice.security.JwtProvider : JWT validation failed: JWT expired 52329 milliseconds ago at 2026-03-04T07:59:07.000Z. Current time: 2026-03-04T07:59:59.329Z. Allowed clock skew: 0 milliseconds.
2026-03-04 16:59:59 INFO  [69a7e67f55e850ded8aa9eb7818132de] [http-nio-8081-exec-4] c.p.u.controller.UserController : Search users request: 로그
2026-03-04 17:00:01 INFO  [69a7e681a79567912e4f124fafbfb74c] [http-nio-8081-exec-5] c.p.u.controller.CategoryController : Get categories request
2026-03-04 17:00:01 ERROR [69a7e681acf57a88e860d00a60bca853] [http-nio-8081-exec-10] c.p.userservice.security.JwtProvider : JWT validation failed: JWT expired 54980 milliseconds ago at 2026-03-04T07:59:07.000Z. Current time: 2026-03-04T08:00:01.980Z. Allowed clock skew: 0 milliseconds.
2026-03-04 17:00:01 INFO  [69a7e681acf57a88e860d00a60bca853] [http-nio-8081-exec-10] c.p.u.controller.UserController : Get profile request: anonymousUser
2026-03-04 17:00:01 INFO  [69a7e681a79567912e4f124fafbfb74c] [http-nio-8081-exec-5] c.p.u.service.CategoryService : Fetching categories from database
2026-03-04 17:00:04 ERROR [69a7e68421139e77994ca73b8b102f92] [http-nio-8081-exec-2] c.p.userservice.security.JwtProvider : JWT validation failed: JWT expired 426859 milliseconds ago at 2026-03-04T07:52:58.000Z. Current time: 2026-03-04T08:00:04.859Z. Allowed clock skew: 0 milliseconds.
2026-03-04 17:00:04 INFO  [69a7e68421139e77994ca73b8b102f92] [http-nio-8081-exec-2] c.p.u.controller.UserController : Search users request: 베이
2026-03-04 17:00:04 ERROR [69a7e68406f183b864c98cc0be73e18e] [http-nio-8081-exec-8] c.p.userservice.security.JwtProvider : JWT validation failed: JWT expired 426952 milliseconds ago at 2026-03-04T07:52:58.000Z. Current time: 2026-03-04T08:00:04.952Z. Allowed clock skew: 0 milliseconds.
2026-03-04 17:00:04 INFO  [69a7e68406f183b864c98cc0be73e18e] [http-nio-8081-exec-8] c.p.u.controller.UserController : Search users request: 베잌
2026-03-04 17:00:05 ERROR [69a7e685ab02d3d45e35264439d26043] [http-nio-8081-exec-4] c.p.userservice.security.JwtProvider : JWT validation failed: JWT expired 427055 milliseconds ago at 2026-03-04T07:52:58.000Z. Current time: 2026-03-04T08:00:05.055Z. Allowed clock skew: 0 milliseconds.
2026-03-04 17:00:05 INFO  [69a7e685ab02d3d45e35264439d26043] [http-nio-8081-exec-4] c.p.u.controller.UserController : Search users request: 베이커
2026-03-04 17:00:05 ERROR [69a7e685e0184d95727a064856a967a0] [http-nio-8081-exec-6] c.p.userservice.security.JwtProvider : JWT validation failed: JWT expired 427178 milliseconds ago at 2026-03-04T07:52:58.000Z. Current time: 2026-03-04T08:00:05.178Z. Allowed clock skew: 0 milliseconds.
2026-03-04 17:00:05 INFO  [69a7e685e0184d95727a064856a967a0] [http-nio-8081-exec-6] c.p.u.controller.UserController : Search users request: 베이컨
2026-03-04 17:00:07 ERROR [69a7e6878c002a3c026660a7f823d4a9] [http-nio-8081-exec-10] c.p.userservice.security.JwtProvider : JWT validation failed: JWT expired 429102 milliseconds ago at 2026-03-04T07:52:58.000Z. Current time: 2026-03-04T08:00:07.102Z. Allowed clock skew: 0 milliseconds.
2026-03-04 17:00:07 INFO  [69a7e6878c002a3c026660a7f823d4a9] [http-nio-8081-exec-10] c.p.u.controller.FriendController : Send friend request: anonymousUser -> 019cb7cd-dabe-7b79-9cdb-72f9763015d8
2026-03-04 17:00:07 ERROR [69a7e6872ebc4b47d17a5b63e88c352f] [http-nio-8081-exec-2] c.p.userservice.security.JwtProvider : JWT validation failed: JWT expired 429120 milliseconds ago at 2026-03-04T07:52:58.000Z. Current time: 2026-03-04T08:00:07.120Z. Allowed clock skew: 0 milliseconds.
2026-03-04 17:00:07 INFO  [69a7e6872ebc4b47d17a5b63e88c352f] [http-nio-8081-exec-2] c.p.u.controller.FriendController : Get received requests: anonymousUser
2026-03-04 17:00:09 ERROR [69a7e6890b134a117872f32e6f16b763] [http-nio-8081-exec-3] c.p.userservice.security.JwtProvider : JWT validation failed: JWT expired 62926 milliseconds ago at 2026-03-04T07:59:07.000Z. Current time: 2026-03-04T08:00:09.926Z. Allowed clock skew: 0 milliseconds.
2026-03-04 17:00:09 ERROR [69a7e689b5a2e78890e101703ea623ee] [http-nio-8081-exec-4] c.p.userservice.security.JwtProvider : JWT validation failed: JWT expired 62926 milliseconds ago at 2026-03-04T07:59:07.000Z. Current time: 2026-03-04T08:00:09.926Z. Allowed clock skew: 0 milliseconds.
2026-03-04 17:00:09 INFO  [69a7e6890b134a117872f32e6f16b763] [http-nio-8081-exec-3] c.p.u.controller.FriendController : Get friends: anonymousUser
2026-03-04 17:00:09 INFO  [69a7e689b5a2e78890e101703ea623ee] [http-nio-8081-exec-4] c.p.u.controller.FriendController : Get received requests: anonymousUser
2026-03-04 17:00:10 ERROR [69a7e68a4ed4842e2e64758405469a42] [http-nio-8081-exec-9] c.p.userservice.security.JwtProvider : JWT validation failed: JWT expired 63762 milliseconds ago at 2026-03-04T07:59:07.000Z. Current time: 2026-03-04T08:00:10.762Z. Allowed clock skew: 0 milliseconds.
2026-03-04 17:00:10 INFO  [69a7e68a4ed4842e2e64758405469a42] [http-nio-8081-exec-9] c.p.u.controller.FriendController : Get received requests: anonymousUser
2026-03-04 17:00:12 ERROR [69a7e68ca572c5bb2c946891a9ad0160] [http-nio-8081-exec-6] c.p.userservice.security.JwtProvider : JWT validation failed: JWT expired 65340 milliseconds ago at 2026-03-04T07:59:07.000Z. Current time: 2026-03-04T08:00:12.340Z. Allowed clock skew: 0 milliseconds.
2026-03-04 17:00:12 ERROR [69a7e68c87128931de274d2259a9c78e] [http-nio-8081-exec-5] c.p.userservice.security.JwtProvider : JWT validation failed: JWT expired 65341 milliseconds ago at 2026-03-04T07:59:07.000Z. Current time: 2026-03-04T08:00:12.341Z. Allowed clock skew: 0 milliseconds.
2026-03-04 17:00:12 INFO  [69a7e68ca572c5bb2c946891a9ad0160] [http-nio-8081-exec-6] c.p.u.controller.FriendController : Get friends: anonymousUser
2026-03-04 17:00:12 INFO  [69a7e68c87128931de274d2259a9c78e] [http-nio-8081-exec-5] c.p.u.controller.FriendController : Get received requests: anonymousUser
2026-03-04 17:00:15 INFO  [69a7e68f96f0fe23ece37ee9401384f8] [http-nio-8081-exec-10] c.p.u.controller.CategoryController : Get categories request
2026-03-04 17:00:15 INFO  [69a7e68f96f0fe23ece37ee9401384f8] [http-nio-8081-exec-10] c.p.u.service.CategoryService : Fetching categories from database
2026-03-04 17:00:18 INFO  [69a7e6922bbef5d2b1312b369e6d0409] [http-nio-8081-exec-7] c.p.u.controller.CategoryController : Get categories request
2026-03-04 17:00:18 INFO  [69a7e6922bbef5d2b1312b369e6d0409] [http-nio-8081-exec-7] c.p.u.service.CategoryService : Fetching categories from database
2026-03-04 17:00:31 INFO  [69a7e69f717bf7c62c1bd4be071caead] [http-nio-8081-exec-8] c.p.u.controller.AuthController : Signup request: 싸이버거
2026-03-04 17:00:31 INFO  [69a7e69f717bf7c62c1bd4be071caead] [http-nio-8081-exec-8] c.p.u.security.CognitoService : Local profile detected - skipping Cognito validation, returning dummy user
2026-03-04 17:00:31 WARN  [69a7e69f717bf7c62c1bd4be071caead] [http-nio-8081-exec-8] c.p.userservice.service.AuthService : Redis is not available, skipping refresh token storage: Unable to connect to Redis
2026-03-04 17:00:39 INFO  [69a7e6a7a471913f11b511c01b98506c] [http-nio-8081-exec-4] c.p.u.controller.AuthController : Signup request: 빅맥
2026-03-04 17:00:39 INFO  [69a7e6a7a471913f11b511c01b98506c] [http-nio-8081-exec-4] c.p.u.security.CognitoService : Local profile detected - skipping Cognito validation, returning dummy user
2026-03-04 17:00:39 WARN  [69a7e6a7a471913f11b511c01b98506c] [http-nio-8081-exec-4] c.p.userservice.service.AuthService : Redis is not available, skipping refresh token storage: Unable to connect to Redis
2026-03-04 17:00:41 INFO  [69a7e6a94f65234b35f57d59ef87ba57] [http-nio-8081-exec-6] c.p.u.controller.FriendController : Get friends: 019cb7dd-002b-78b0-b7d4-b2a3e66f82d6
2026-03-04 17:00:41 INFO  [69a7e6a9435ec720b587be51ec39a38c] [http-nio-8081-exec-5] c.p.u.controller.FriendController : Get received requests: 019cb7dd-002b-78b0-b7d4-b2a3e66f82d6
2026-03-04 17:00:43 INFO  [69a7e6abd74159b5cc33a2eafc7f65a0] [http-nio-8081-exec-7] c.p.u.controller.UserController : Search users request: 싸이
2026-03-04 17:00:44 INFO  [69a7e6ac0cfb9f81f29e194689c59bfb] [http-nio-8081-exec-8] c.p.u.controller.FriendController : Send friend request: 019cb7dd-002b-78b0-b7d4-b2a3e66f82d6 -> 019cb7dc-ddba-79e9-beea-39cba4453171
2026-03-04 17:00:44 INFO  [69a7e6ac0cfb9f81f29e194689c59bfb] [http-nio-8081-exec-8] c.p.u.service.FriendService : Friend request sent: 019cb7dd-002b-78b0-b7d4-b2a3e66f82d6 -> 019cb7dc-ddba-79e9-beea-39cba4453171
2026-03-04 17:00:44 INFO  [69a7e6ac1bb9a4a974d38883f8239274] [http-nio-8081-exec-1] c.p.u.controller.FriendController : Get received requests: 019cb7dd-002b-78b0-b7d4-b2a3e66f82d6
2026-03-04 17:00:46 INFO  [69a7e6ae96c14eefe2f20960edbc2d28] [http-nio-8081-exec-6] c.p.u.controller.FriendController : Get friends: 019cb7dc-ddba-79e9-beea-39cba4453171
2026-03-04 17:00:46 INFO  [69a7e6aeca6f16270c8964b8d317875a] [http-nio-8081-exec-9] c.p.u.controller.FriendController : Get received requests: 019cb7dc-ddba-79e9-beea-39cba4453171
2026-03-04 17:00:47 INFO  [69a7e6afd7fbd471714bf2eb1bf7db94] [http-nio-8081-exec-10] c.p.u.controller.FriendController : Get received requests: 019cb7dc-ddba-79e9-beea-39cba4453171
2026-03-04 17:00:47 INFO  [69a7e6af6ccc752b161efcbb90205775] [http-nio-8081-exec-2] c.p.u.controller.FriendController : Get received requests: 019cb7dc-ddba-79e9-beea-39cba4453171
2026-03-04 17:00:48 INFO  [69a7e6b07580566246368716be135f39] [http-nio-8081-exec-1] c.p.u.controller.FriendController : Process friend request: 8 by 019cb7dc-ddba-79e9-beea-39cba4453171
2026-03-04 17:00:48 INFO  [69a7e6b07580566246368716be135f39] [http-nio-8081-exec-1] c.p.u.service.FriendService : Friend request processed: 8 -> ACCEPTED
2026-03-04 17:00:48 INFO  [69a7e6b08803a65cc5dd261a7d6830ff] [http-nio-8081-exec-6] c.p.u.controller.FriendController : Get received requests: 019cb7dc-ddba-79e9-beea-39cba4453171
2026-03-04 17:00:48 INFO  [69a7e6b00c839b06ee8e4f29f374bfa3] [http-nio-8081-exec-9] c.p.u.controller.FriendController : Get friends: 019cb7dc-ddba-79e9-beea-39cba4453171
2026-03-04 17:00:50 INFO  [69a7e6b2c9c4ed37c7c3c325e089586a] [http-nio-8081-exec-10] c.p.u.controller.FriendController : Get friends: 019cb7dc-ddba-79e9-beea-39cba4453171
2026-03-04 17:00:51 INFO  [69a7e6b3c06e45489cb43dc5ae21a211] [http-nio-8081-exec-2] c.p.u.controller.FriendController : Get friends: 019cb7dd-002b-78b0-b7d4-b2a3e66f82d6
2026-03-04 17:00:52 INFO  [69a7e6b466c8a938ff59eabd76aeacec] [http-nio-8081-exec-8] c.p.u.controller.FriendController : Get friends: 019cb7dd-002b-78b0-b7d4-b2a3e66f82d6
2026-03-04 17:01:37 INFO  [69a7e6e1430a0edd8156f88db401e086] [http-nio-8081-exec-6] c.p.u.controller.FriendController : Get received requests: 019cb7dc-ddba-79e9-beea-39cba4453171
2026-03-04 17:01:37 INFO  [69a7e6e179d5bbb8b778924f1dadba04] [http-nio-8081-exec-9] c.p.u.controller.FriendController : Get friends: 019cb7dc-ddba-79e9-beea-39cba4453171
2026-03-04 17:05:16 INFO  [69a7e7bc5f2830869186af4dcf28a7d3] [http-nio-8081-exec-3] c.p.u.controller.FriendController : Get friends: 019cb7dc-ddba-79e9-beea-39cba4453171
2026-03-04 17:05:16 INFO  [69a7e7bccbabf9ddd35b6681b7865f7b] [http-nio-8081-exec-4] c.p.u.controller.FriendController : Get received requests: 019cb7dc-ddba-79e9-beea-39cba4453171
2026-03-04 17:05:29 INFO  [69a7e7c99881f044c781f496472e6b87] [http-nio-8081-exec-10] c.p.u.controller.FriendController : Get friends: 019cb7dd-002b-78b0-b7d4-b2a3e66f82d6
2026-03-04 17:05:29 INFO  [69a7e7c927ad5388d40629d1a65f8246] [http-nio-8081-exec-7] c.p.u.controller.FriendController : Get received requests: 019cb7dd-002b-78b0-b7d4-b2a3e66f82d6
2026-03-04 17:05:29 INFO  [69a7e7c90ac9741787a9b7c853685e78] [http-nio-8081-exec-2] c.p.u.controller.UserController : Search users request: 싸이
2026-03-04 17:05:32 INFO  [69a7e7cc1d249b10863b93b9aa18881a] [http-nio-8081-exec-1] c.p.u.controller.FriendController : Get received requests: 019cb7dd-002b-78b0-b7d4-b2a3e66f82d6
2026-03-04 17:05:32 INFO  [69a7e7cc9f7adf4a3f904d50c6538b6f] [http-nio-8081-exec-8] c.p.u.controller.FriendController : Get friends: 019cb7dd-002b-78b0-b7d4-b2a3e66f82d6
2026-03-04 17:07:36 INFO  [69a7e84862370b19cb45dbb8bf60803c] [http-nio-8081-exec-2] c.p.u.controller.FriendController : Get friends: 019cb7dc-ddba-79e9-beea-39cba4453171
2026-03-04 17:07:36 INFO  [69a7e8480882a66573dc7c0da3555c02] [http-nio-8081-exec-1] c.p.u.controller.FriendController : Get received requests: 019cb7dc-ddba-79e9-beea-39cba4453171
2026-03-04 17:07:43 INFO  [69a7e84fedc3000842ffbb3adc03d085] [http-nio-8081-exec-6] c.p.u.controller.FriendController : Get friends: 019cb7dc-ddba-79e9-beea-39cba4453171
2026-03-04 17:07:43 INFO  [69a7e84f2c5687f4de36b1216ba55fae] [http-nio-8081-exec-4] c.p.u.controller.FriendController : Get received requests: 019cb7dc-ddba-79e9-beea-39cba4453171
2026-03-04 17:07:44 INFO  [69a7e8509856947653047da267da1fcb] [http-nio-8081-exec-10] c.p.u.controller.FriendController : Get received requests: 019cb7dc-ddba-79e9-beea-39cba4453171
2026-03-04 17:07:44 INFO  [69a7e850ca35a9ba193b79be211f460d] [http-nio-8081-exec-7] c.p.u.controller.FriendController : Get friends: 019cb7dc-ddba-79e9-beea-39cba4453171
2026-03-04 17:08:04 INFO  [69a7e864af296d800394b52866448285] [http-nio-8081-exec-3] c.p.u.controller.FriendController : Get friends: 019cb7dc-ddba-79e9-beea-39cba4453171
2026-03-04 17:08:04 INFO  [69a7e8644a7516c691d0a97be1057a33] [http-nio-8081-exec-8] c.p.u.controller.FriendController : Get received requests: 019cb7dc-ddba-79e9-beea-39cba4453171
2026-03-04 17:08:24 INFO  [69a7e878c3255be2c93f98ab3c3499d1] [http-nio-8081-exec-9] c.p.u.controller.FriendController : Get friends: 019cb7dc-ddba-79e9-beea-39cba4453171
2026-03-04 17:08:24 INFO  [69a7e878d483a3b986bf3ed09b66568b] [http-nio-8081-exec-5] c.p.u.controller.FriendController : Get received requests: 019cb7dc-ddba-79e9-beea-39cba4453171
2026-03-04 17:09:34 INFO  [69a7e8be41f56cf353c011d50958533e] [http-nio-8081-exec-3] c.p.u.controller.FriendController : Get received requests: 019cb7dc-ddba-79e9-beea-39cba4453171
2026-03-04 17:09:34 INFO  [69a7e8bedd0826c97acda3a640653247] [http-nio-8081-exec-8] c.p.u.controller.FriendController : Get friends: 019cb7dc-ddba-79e9-beea-39cba4453171
2026-03-04 17:10:51 INFO  [69a7e90b056d833c03fba73cbcc83523] [http-nio-8081-exec-10] c.p.u.controller.FriendController : Get received requests: 019cb7dc-ddba-79e9-beea-39cba4453171
2026-03-04 17:10:51 INFO  [69a7e90b1049e5bdac0fa078cbf34b79] [http-nio-8081-exec-7] c.p.u.controller.FriendController : Get friends: 019cb7dc-ddba-79e9-beea-39cba4453171
2026-03-04 17:11:37 INFO  [69a7e939c4e8d31aecfa4cedc6d002bd] [http-nio-8081-exec-3] c.p.u.controller.FriendController : Get received requests: 019cb7dc-ddba-79e9-beea-39cba4453171
2026-03-04 17:11:37 INFO  [69a7e9397208a8be0d57e9fc4b230b30] [http-nio-8081-exec-8] c.p.u.controller.FriendController : Get friends: 019cb7dc-ddba-79e9-beea-39cba4453171
2026-03-04 17:12:02 INFO  [69a7e9523f7e741d4134ef1ba5555fc7] [http-nio-8081-exec-5] c.p.u.controller.FriendController : Get friends: 019cb7dc-ddba-79e9-beea-39cba4453171
2026-03-04 17:12:02 INFO  [69a7e952bc68a282327092b0f8a7ac51] [http-nio-8081-exec-9] c.p.u.controller.FriendController : Get received requests: 019cb7dc-ddba-79e9-beea-39cba4453171
2026-03-04 17:12:29 INFO  [69a7e96d8ae791edfdc7221512899e99] [http-nio-8081-exec-1] c.p.u.controller.FriendController : Get friends: 019cb7dc-ddba-79e9-beea-39cba4453171
2026-03-04 17:12:29 INFO  [69a7e96da83b8ea21a0103cd3e92ca3b] [http-nio-8081-exec-2] c.p.u.controller.FriendController : Get received requests: 019cb7dc-ddba-79e9-beea-39cba4453171
2026-03-04 17:13:16 INFO  [] [background-preinit] o.h.validator.internal.util.Version : HV000001: Hibernate Validator 8.0.2.Final
2026-03-04 17:13:16 INFO  [] [main] c.p.b.PlanitBaseTemplateApplication : Starting PlanitBaseTemplateApplication using Java 17.0.18 with PID 26556 (C:\barumi\PlanIt-User-svc\build\classes\java\main started by DS23 in C:\barumi\PlanIt-User-svc)
2026-03-04 17:13:16 INFO  [] [main] c.p.b.PlanitBaseTemplateApplication : The following 1 profile is active: "local-no-redis"
2026-03-04 17:13:17 INFO  [] [main] o.s.d.r.c.RepositoryConfigurationDelegate : Multiple Spring Data modules found, entering strict repository configuration mode
2026-03-04 17:13:17 INFO  [] [main] o.s.d.r.c.RepositoryConfigurationDelegate : Bootstrapping Spring Data JPA repositories in DEFAULT mode.
2026-03-04 17:13:17 INFO  [] [main] o.s.d.r.c.RepositoryConfigurationDelegate : Finished Spring Data repository scanning in 152 ms. Found 6 JPA repository interfaces.
2026-03-04 17:13:17 INFO  [] [main] o.s.d.r.c.RepositoryConfigurationDelegate : Multiple Spring Data modules found, entering strict repository configuration mode
2026-03-04 17:13:17 INFO  [] [main] o.s.d.r.c.RepositoryConfigurationDelegate : Bootstrapping Spring Data Redis repositories in DEFAULT mode.
2026-03-04 17:13:17 INFO  [] [main] o.s.d.r.c.RepositoryConfigurationDelegate : Finished Spring Data repository scanning in 3 ms. Found 0 Redis repository interfaces.
2026-03-04 17:13:18 INFO  [] [main] o.s.b.w.e.tomcat.TomcatWebServer : Tomcat initialized with port 8081 (http)
2026-03-04 17:13:18 INFO  [] [main] o.a.coyote.http11.Http11NioProtocol : Initializing ProtocolHandler ["http-nio-8081"]
2026-03-04 17:13:18 INFO  [] [main] o.a.catalina.core.StandardService : Starting service [Tomcat]
2026-03-04 17:13:18 INFO  [] [main] o.a.catalina.core.StandardEngine : Starting Servlet engine: [Apache Tomcat/10.1.36]
2026-03-04 17:13:18 INFO  [] [main] o.a.c.c.C.[Tomcat].[localhost].[/] : Initializing Spring embedded WebApplicationContext
2026-03-04 17:13:18 INFO  [] [main] o.s.b.w.s.c.ServletWebServerApplicationContext : Root WebApplicationContext: initialization completed in 2393 ms
2026-03-04 17:13:19 INFO  [] [main] o.h.jpa.internal.util.LogHelper : HHH000204: Processing PersistenceUnitInfo [name: default]
2026-03-04 17:13:19 INFO  [] [main] org.hibernate.Version : HHH000412: Hibernate ORM core version 6.6.8.Final
2026-03-04 17:13:19 INFO  [] [main] o.h.c.i.RegionFactoryInitiator : HHH000026: Second-level cache disabled
2026-03-04 17:13:19 INFO  [] [main] o.s.o.j.p.SpringPersistenceUnitInfo : No LoadTimeWeaver setup: ignoring JPA class transformer
2026-03-04 17:13:19 INFO  [] [main] com.zaxxer.hikari.HikariDataSource : HikariPool-1 - Starting...
2026-03-04 17:13:19 INFO  [] [main] com.zaxxer.hikari.pool.HikariPool : HikariPool-1 - Added connection org.mariadb.jdbc.Connection@3fc4038f
2026-03-04 17:13:19 INFO  [] [main] com.zaxxer.hikari.HikariDataSource : HikariPool-1 - Start completed.
2026-03-04 17:13:19 INFO  [] [main] o.hibernate.orm.connections.pooling : HHH10001005: Database info:
	Database JDBC URL [Connecting through datasource 'HikariDataSource (HikariPool-1)']
	Database driver: undefined/unknown
	Database version: 11.8.3
	Autocommit mode: undefined/unknown
	Isolation level: undefined/unknown
	Minimum pool size: undefined/unknown
	Maximum pool size: undefined/unknown
2026-03-04 17:13:20 INFO  [] [main] o.h.e.t.j.p.i.JtaPlatformInitiator : HHH000489: No JTA platform available (set 'hibernate.transaction.jta.platform' to enable JTA platform integration)
2026-03-04 17:13:21 INFO  [] [main] o.s.o.j.LocalContainerEntityManagerFactoryBean : Initialized JPA EntityManagerFactory for persistence unit 'default'
2026-03-04 17:13:21 INFO  [] [main] o.s.d.j.r.query.QueryEnhancerFactory : Hibernate is in classpath; If applicable, HQL parser will be used.
2026-03-04 17:13:23 WARN  [] [main] o.s.b.a.o.j.JpaBaseConfiguration$JpaWebConfiguration : spring.jpa.open-in-view is enabled by default. Therefore, database queries may be performed during view rendering. Explicitly configure spring.jpa.open-in-view to disable this warning
2026-03-04 17:13:23 INFO  [] [main] o.s.s.c.a.a.c.InitializeUserDetailsBeanManagerConfigurer$InitializeUserDetailsManagerConfigurer : Global AuthenticationManager configured with UserDetailsService bean with name inMemoryUserDetailsManager
2026-03-04 17:13:23 INFO  [] [main] n.d.b.g.c.a.GrpcClientAutoConfiguration : Detected grpc-netty-shaded: Creating ShadedNettyChannelFactory + InProcessChannelFactory
2026-03-04 17:13:24 INFO  [] [main] o.s.b.a.e.web.EndpointLinksResolver : Exposing 2 endpoints beneath base path '/api/v1/users/actuator'
2026-03-04 17:13:24 INFO  [] [main] n.d.b.g.s.a.GrpcServerFactoryAutoConfiguration : Detected grpc-netty-shaded: Creating ShadedNettyGrpcServerFactory
2026-03-04 17:13:24 INFO  [] [main] o.a.coyote.http11.Http11NioProtocol : Starting ProtocolHandler ["http-nio-8081"]
2026-03-04 17:13:24 INFO  [] [main] o.s.b.w.e.tomcat.TomcatWebServer : Tomcat started on port 8081 (http) with context path '/'
2026-03-04 17:13:24 INFO  [] [main] n.d.b.g.s.s.AbstractGrpcServerFactory : Registered gRPC service: BaseTestGrpcService, bean: baseGrpcController, class: com.planit.basetemplate.grpc.BaseGrpcController
2026-03-04 17:13:24 INFO  [] [main] n.d.b.g.s.s.AbstractGrpcServerFactory : Registered gRPC service: grpc.health.v1.Health, bean: grpcHealthService, class: io.grpc.protobuf.services.HealthServiceImpl
2026-03-04 17:13:24 INFO  [] [main] n.d.b.g.s.s.AbstractGrpcServerFactory : Registered gRPC service: grpc.reflection.v1alpha.ServerReflection, bean: protoReflectionService, class: io.grpc.protobuf.services.ProtoReflectionService
2026-03-04 17:13:25 INFO  [] [main] n.d.b.g.s.s.GrpcServerLifecycle : gRPC Server started, listening on address: *, port: 9090
2026-03-04 17:13:25 INFO  [] [main] c.p.b.PlanitBaseTemplateApplication : Started PlanitBaseTemplateApplication in 9.166 seconds (process running for 9.623)
2026-03-04 17:13:36 INFO  [] [http-nio-8081-exec-3] o.a.c.c.C.[Tomcat].[localhost].[/] : Initializing Spring DispatcherServlet 'dispatcherServlet'
2026-03-04 17:13:36 INFO  [] [http-nio-8081-exec-3] o.s.web.servlet.DispatcherServlet : Initializing Servlet 'dispatcherServlet'
2026-03-04 17:13:36 INFO  [] [http-nio-8081-exec-3] o.s.web.servlet.DispatcherServlet : Completed initialization in 4 ms
2026-03-04 17:13:37 INFO  [69a7e9b0f4d45a864a23f5ac46e4e683] [http-nio-8081-exec-9] c.p.u.controller.FriendController : Get friends: 019cb7dc-ddba-79e9-beea-39cba4453171
2026-03-04 17:13:37 INFO  [69a7e9b00e0241437c28db9c74dfa6d3] [http-nio-8081-exec-4] c.p.u.controller.FriendController : Get received requests: 019cb7dc-ddba-79e9-beea-39cba4453171
2026-03-04 17:13:37 WARN  [69a7e9b00e0241437c28db9c74dfa6d3] [http-nio-8081-exec-4] o.s.d.w.c.SpringDataJacksonConfiguration$PageModule$WarningLoggingModifier : Serializing PageImpl instances as-is is not supported, meaning that there is no guarantee about the stability of the resulting JSON structure!
	For a stable JSON structure, please use Spring Data's PagedModel (globally via @EnableSpringDataWebSupport(pageSerializationMode = VIA_DTO))
	or Spring HATEOAS and Spring Data's PagedResourcesAssembler as documented in https://docs.spring.io/spring-data/commons/reference/repositories/core-extensions.html#core.web.pageables.

2026-03-04 17:13:42 INFO  [69a7e9b6212e7dff4ed77740771a0a28] [http-nio-8081-exec-6] c.p.u.controller.FriendController : Get friends: 019cb7dc-ddba-79e9-beea-39cba4453171
2026-03-04 17:13:44 INFO  [69a7e9b8b4a14253d969556f2fd3b1d6] [http-nio-8081-exec-5] c.p.u.controller.FriendController : Get friends: 019cb7dc-ddba-79e9-beea-39cba4453171
2026-03-04 17:13:44 INFO  [69a7e9b8e2c399db037010793268b8bd] [http-nio-8081-exec-1] c.p.u.controller.FriendController : Get received requests: 019cb7dc-ddba-79e9-beea-39cba4453171
2026-03-04 17:13:45 INFO  [69a7e9b9e1418cd03229fd7d8e154f33] [http-nio-8081-exec-4] c.p.u.controller.FriendController : Get received requests: 019cb7dc-ddba-79e9-beea-39cba4453171
2026-03-04 17:13:45 INFO  [69a7e9b9312e50bb9cfeca6050357c39] [http-nio-8081-exec-9] c.p.u.controller.FriendController : Get friends: 019cb7dc-ddba-79e9-beea-39cba4453171
2026-03-04 17:13:48 INFO  [69a7e9bc05a45b03961d8badfa0d8d26] [http-nio-8081-exec-7] c.p.u.controller.FriendController : Get friends: 019cb7dd-002b-78b0-b7d4-b2a3e66f82d6
2026-03-04 17:13:48 INFO  [69a7e9bcd7c9ac03bc17be6e8af42918] [http-nio-8081-exec-8] c.p.u.controller.FriendController : Get received requests: 019cb7dd-002b-78b0-b7d4-b2a3e66f82d6
2026-03-04 17:13:49 INFO  [69a7e9bd925e2c0dcaf9cb316082759b] [http-nio-8081-exec-1] c.p.u.controller.FriendController : Get friends: 019cb7dd-002b-78b0-b7d4-b2a3e66f82d6
2026-03-04 17:13:49 INFO  [69a7e9bd51bf4b078b53328a1ae3d09b] [http-nio-8081-exec-5] c.p.u.controller.FriendController : Get received requests: 019cb7dd-002b-78b0-b7d4-b2a3e66f82d6
2026-03-04 17:14:01 INFO  [69a7e9c9b86db8c1173ade6bb811c9e0] [http-nio-8081-exec-2] c.p.u.controller.FriendController : Delete friend: 8 by 019cb7dc-ddba-79e9-beea-39cba4453171
2026-03-04 17:14:01 INFO  [69a7e9c9b86db8c1173ade6bb811c9e0] [http-nio-8081-exec-2] c.p.u.service.FriendService : Friend deleted: 8
2026-03-04 17:14:01 INFO  [69a7e9c94fe795e5bdfe4d567cf8291e] [http-nio-8081-exec-9] c.p.u.controller.FriendController : Get friends: 019cb7dc-ddba-79e9-beea-39cba4453171
2026-03-04 17:14:05 INFO  [69a7e9cd441225879a907fddd25c8be5] [http-nio-8081-exec-7] c.p.u.controller.FriendController : Get friends: 019cb7dd-002b-78b0-b7d4-b2a3e66f82d6
2026-03-04 17:14:05 INFO  [69a7e9cd3f98852c6c47706bf72c2715] [http-nio-8081-exec-8] c.p.u.controller.FriendController : Get received requests: 019cb7dd-002b-78b0-b7d4-b2a3e66f82d6
2026-03-04 17:14:06 INFO  [69a7e9cee8de2d4b0aa5fedbcc5d722f] [http-nio-8081-exec-3] c.p.u.controller.FriendController : Get friends: 019cb7dc-ddba-79e9-beea-39cba4453171
2026-03-04 17:14:06 INFO  [69a7e9ce3bf6e866960b8b4b3f37ad12] [http-nio-8081-exec-2] c.p.u.controller.FriendController : Get received requests: 019cb7dc-ddba-79e9-beea-39cba4453171
2026-03-04 17:14:09 INFO  [69a7e9d11633c9160b3847a8145a824b] [http-nio-8081-exec-9] c.p.u.controller.UserController : Search users request: 싸이
2026-03-04 17:14:10 INFO  [69a7e9d2bebbe0d4e5bcec8f1917fcfb] [http-nio-8081-exec-10] c.p.u.controller.FriendController : Send friend request: 019cb7dd-002b-78b0-b7d4-b2a3e66f82d6 -> 019cb7dc-ddba-79e9-beea-39cba4453171
2026-03-04 17:14:10 INFO  [69a7e9d2bebbe0d4e5bcec8f1917fcfb] [http-nio-8081-exec-10] c.p.u.service.FriendService : Friend request sent: 019cb7dd-002b-78b0-b7d4-b2a3e66f82d6 -> 019cb7dc-ddba-79e9-beea-39cba4453171
2026-03-04 17:14:10 INFO  [69a7e9d26cc25c390ac3cd2d8bd5c801] [http-nio-8081-exec-8] c.p.u.controller.FriendController : Get received requests: 019cb7dd-002b-78b0-b7d4-b2a3e66f82d6
2026-03-04 17:14:12 INFO  [69a7e9d4b1dde69bb8356f37efeaca79] [http-nio-8081-exec-5] c.p.u.controller.FriendController : Get received requests: 019cb7dc-ddba-79e9-beea-39cba4453171
2026-03-04 17:14:13 INFO  [69a7e9d5557ae58a60b50c9add3e9585] [http-nio-8081-exec-2] c.p.u.controller.FriendController : Process friend request: 9 by 019cb7dc-ddba-79e9-beea-39cba4453171
2026-03-04 17:14:13 INFO  [69a7e9d5557ae58a60b50c9add3e9585] [http-nio-8081-exec-2] c.p.u.service.FriendService : Friend request processed: 9 -> ACCEPTED
2026-03-04 17:14:13 INFO  [69a7e9d53ff5cc6a99eb95b9426565fb] [http-nio-8081-exec-10] c.p.u.controller.FriendController : Get received requests: 019cb7dc-ddba-79e9-beea-39cba4453171
2026-03-04 17:14:13 INFO  [69a7e9d59a6d3d10c32a443c9d6f8fd5] [http-nio-8081-exec-6] c.p.u.controller.FriendController : Get friends: 019cb7dc-ddba-79e9-beea-39cba4453171
2026-03-04 17:14:15 INFO  [69a7e9d72fb6132396e3665d4667e169] [http-nio-8081-exec-8] c.p.u.controller.FriendController : Get friends: 019cb7dc-ddba-79e9-beea-39cba4453171
2026-03-04 17:15:02 INFO  [69a7ea06632b57e090d1b2fad239367f] [http-nio-8081-exec-9] c.p.u.controller.FriendController : Get received requests: 019cb7dd-002b-78b0-b7d4-b2a3e66f82d6
2026-03-04 17:15:02 INFO  [69a7ea06d1cb268030870b47f6d321ee] [http-nio-8081-exec-2] c.p.u.controller.FriendController : Get friends: 019cb7dd-002b-78b0-b7d4-b2a3e66f82d6
2026-03-04 17:15:02 INFO  [69a7ea06767ecf819612a3e27c8ec0a7] [http-nio-8081-exec-4] c.p.u.controller.UserController : Search users request: 싸이
2026-03-04 17:15:14 INFO  [69a7ea12b2881ddb1d78b9ee499fe7d2] [http-nio-8081-exec-8] c.p.u.controller.FriendController : Get friends: 019cb7dd-002b-78b0-b7d4-b2a3e66f82d6
2026-03-04 17:15:14 INFO  [69a7ea12584c5c5dcbd5f3bad21557e0] [http-nio-8081-exec-7] c.p.u.controller.FriendController : Get received requests: 019cb7dd-002b-78b0-b7d4-b2a3e66f82d6
2026-03-04 17:15:14 INFO  [69a7ea12ee6f4584dfc7775fc6a31bc2] [http-nio-8081-exec-5] c.p.u.controller.FriendController : Get friends: 019cb7dc-ddba-79e9-beea-39cba4453171
2026-03-04 17:15:14 INFO  [69a7ea12efb520c2de6c6769489c68f0] [http-nio-8081-exec-9] c.p.u.controller.FriendController : Get received requests: 019cb7dc-ddba-79e9-beea-39cba4453171
2026-03-04 17:15:27 INFO  [69a7ea1f3e08792453ae2eb620fca6d3] [http-nio-8081-exec-10] c.p.u.controller.FriendController : Get friends: 019cb7dd-002b-78b0-b7d4-b2a3e66f82d6
2026-03-04 17:15:27 INFO  [69a7ea1f808c4eebf24dfbe1bc4ce62e] [http-nio-8081-exec-8] c.p.u.controller.FriendController : Get received requests: 019cb7dd-002b-78b0-b7d4-b2a3e66f82d6
2026-03-04 17:15:27 INFO  [69a7ea1f7e2f3799280446c459af8377] [http-nio-8081-exec-5] c.p.u.controller.FriendController : Get friends: 019cb7dc-ddba-79e9-beea-39cba4453171
2026-03-04 17:15:27 INFO  [69a7ea1f44a8e56b16cfa22417b4692d] [http-nio-8081-exec-3] c.p.u.controller.FriendController : Get received requests: 019cb7dc-ddba-79e9-beea-39cba4453171
2026-03-04 17:16:54 ERROR [69a7ea765ef7edce7ab1d7c3a7309182] [http-nio-8081-exec-1] c.p.userservice.security.JwtProvider : JWT validation failed: JWT expired 75500 milliseconds ago at 2026-03-04T08:15:39.000Z. Current time: 2026-03-04T08:16:54.500Z. Allowed clock skew: 0 milliseconds.
2026-03-04 17:16:54 ERROR [69a7ea76519cf4279af20a89e86a00d4] [http-nio-8081-exec-5] c.p.userservice.security.JwtProvider : JWT validation failed: JWT expired 75500 milliseconds ago at 2026-03-04T08:15:39.000Z. Current time: 2026-03-04T08:16:54.500Z. Allowed clock skew: 0 milliseconds.
2026-03-04 17:16:54 INFO  [69a7ea765ef7edce7ab1d7c3a7309182] [http-nio-8081-exec-1] c.p.u.controller.FriendController : Get friends: anonymousUser
2026-03-04 17:16:54 INFO  [69a7ea76519cf4279af20a89e86a00d4] [http-nio-8081-exec-5] c.p.u.controller.FriendController : Get received requests: anonymousUser
2026-03-04 17:16:54 ERROR [69a7ea76b7a5c7c2303ef9ccf0bef891] [http-nio-8081-exec-2] c.p.userservice.security.JwtProvider : JWT validation failed: JWT expired 83526 milliseconds ago at 2026-03-04T08:15:31.000Z. Current time: 2026-03-04T08:16:54.526Z. Allowed clock skew: 0 milliseconds.
2026-03-04 17:16:54 ERROR [69a7ea7679506a5b970fa20adb03455e] [http-nio-8081-exec-4] c.p.userservice.security.JwtProvider : JWT validation failed: JWT expired 83526 milliseconds ago at 2026-03-04T08:15:31.000Z. Current time: 2026-03-04T08:16:54.526Z. Allowed clock skew: 0 milliseconds.
2026-03-04 17:16:54 INFO  [69a7ea7679506a5b970fa20adb03455e] [http-nio-8081-exec-4] c.p.u.controller.FriendController : Get received requests: anonymousUser
2026-03-04 17:16:54 INFO  [69a7ea76b7a5c7c2303ef9ccf0bef891] [http-nio-8081-exec-2] c.p.u.controller.FriendController : Get friends: anonymousUser
2026-03-04 17:17:29 ERROR [69a7ea99222e97b203be43977c6eb418] [http-nio-8081-exec-7] c.p.userservice.security.JwtProvider : JWT validation failed: JWT expired 118077 milliseconds ago at 2026-03-04T08:15:31.000Z. Current time: 2026-03-04T08:17:29.077Z. Allowed clock skew: 0 milliseconds.
2026-03-04 17:17:29 ERROR [69a7ea99f3c6507b0b609176aaf13ebb] [http-nio-8081-exec-10] c.p.userservice.security.JwtProvider : JWT validation failed: JWT expired 118077 milliseconds ago at 2026-03-04T08:15:31.000Z. Current time: 2026-03-04T08:17:29.077Z. Allowed clock skew: 0 milliseconds.
2026-03-04 17:17:29 INFO  [69a7ea99f3c6507b0b609176aaf13ebb] [http-nio-8081-exec-10] c.p.u.controller.FriendController : Get friends: anonymousUser
2026-03-04 17:17:29 INFO  [69a7ea99222e97b203be43977c6eb418] [http-nio-8081-exec-7] c.p.u.controller.FriendController : Get received requests: anonymousUser
2026-03-04 17:17:30 ERROR [69a7ea9aa2ac2924e6d18aea7131d546] [http-nio-8081-exec-5] c.p.userservice.security.JwtProvider : JWT validation failed: JWT expired 119343 milliseconds ago at 2026-03-04T08:15:31.000Z. Current time: 2026-03-04T08:17:30.343Z. Allowed clock skew: 0 milliseconds.
2026-03-04 17:17:30 INFO  [69a7ea9aa2ac2924e6d18aea7131d546] [http-nio-8081-exec-5] c.p.u.controller.FriendController : Get received requests: anonymousUser
2026-03-04 17:17:30 ERROR [69a7ea9a29b4bf3833fab91cdb847105] [http-nio-8081-exec-9] c.p.userservice.security.JwtProvider : JWT validation failed: JWT expired 119901 milliseconds ago at 2026-03-04T08:15:31.000Z. Current time: 2026-03-04T08:17:30.901Z. Allowed clock skew: 0 milliseconds.
2026-03-04 17:17:30 INFO  [69a7ea9a29b4bf3833fab91cdb847105] [http-nio-8081-exec-9] c.p.u.controller.FriendController : Get friends: anonymousUser
2026-03-04 17:17:33 ERROR [69a7ea9d9443aba1d7dc7f1c04b07c2a] [http-nio-8081-exec-6] c.p.userservice.security.JwtProvider : JWT validation failed: JWT expired 122189 milliseconds ago at 2026-03-04T08:15:31.000Z. Current time: 2026-03-04T08:17:33.189Z. Allowed clock skew: 0 milliseconds.
2026-03-04 17:17:33 ERROR [69a7ea9d94a1cfc4ea7f9fbacb86c43d] [http-nio-8081-exec-8] c.p.userservice.security.JwtProvider : JWT validation failed: JWT expired 122189 milliseconds ago at 2026-03-04T08:15:31.000Z. Current time: 2026-03-04T08:17:33.189Z. Allowed clock skew: 0 milliseconds.
2026-03-04 17:17:33 INFO  [69a7ea9d94a1cfc4ea7f9fbacb86c43d] [http-nio-8081-exec-8] c.p.u.controller.FriendController : Get received requests: anonymousUser
2026-03-04 17:17:33 INFO  [69a7ea9d9443aba1d7dc7f1c04b07c2a] [http-nio-8081-exec-6] c.p.u.controller.FriendController : Get friends: anonymousUser
2026-03-04 17:17:35 ERROR [69a7ea9f64c3aab08541501f1587072a] [http-nio-8081-exec-5] c.p.userservice.security.JwtProvider : JWT validation failed: JWT expired 116552 milliseconds ago at 2026-03-04T08:15:39.000Z. Current time: 2026-03-04T08:17:35.552Z. Allowed clock skew: 0 milliseconds.
2026-03-04 17:17:35 ERROR [69a7ea9ff2ea8a8df065204d4d808bb0] [http-nio-8081-exec-3] c.p.userservice.security.JwtProvider : JWT validation failed: JWT expired 116552 milliseconds ago at 2026-03-04T08:15:39.000Z. Current time: 2026-03-04T08:17:35.552Z. Allowed clock skew: 0 milliseconds.
2026-03-04 17:17:35 INFO  [69a7ea9f64c3aab08541501f1587072a] [http-nio-8081-exec-5] c.p.u.controller.FriendController : Get received requests: anonymousUser
2026-03-04 17:17:35 INFO  [69a7ea9ff2ea8a8df065204d4d808bb0] [http-nio-8081-exec-3] c.p.u.controller.FriendController : Get friends: anonymousUser
2026-03-04 17:17:36 ERROR [69a7eaa0a8d87da264ce0e41af0561b1] [http-nio-8081-exec-9] c.p.userservice.security.JwtProvider : JWT validation failed: JWT expired 117345 milliseconds ago at 2026-03-04T08:15:39.000Z. Current time: 2026-03-04T08:17:36.345Z. Allowed clock skew: 0 milliseconds.
2026-03-04 17:17:36 ERROR [69a7eaa0a4b1a077c3c12230c5b422f8] [http-nio-8081-exec-1] c.p.userservice.security.JwtProvider : JWT validation failed: JWT expired 117345 milliseconds ago at 2026-03-04T08:15:39.000Z. Current time: 2026-03-04T08:17:36.345Z. Allowed clock skew: 0 milliseconds.
2026-03-04 17:17:36 INFO  [69a7eaa0a8d87da264ce0e41af0561b1] [http-nio-8081-exec-9] c.p.u.controller.FriendController : Get received requests: anonymousUser
2026-03-04 17:17:36 INFO  [69a7eaa0a4b1a077c3c12230c5b422f8] [http-nio-8081-exec-1] c.p.u.controller.FriendController : Get friends: anonymousUser
2026-03-04 17:17:38 ERROR [69a7eaa2992113d714d582f6c13bf099] [http-nio-8081-exec-4] c.p.userservice.security.JwtProvider : JWT validation failed: JWT expired 119174 milliseconds ago at 2026-03-04T08:15:39.000Z. Current time: 2026-03-04T08:17:38.174Z. Allowed clock skew: 0 milliseconds.
2026-03-04 17:17:38 INFO  [69a7eaa2992113d714d582f6c13bf099] [http-nio-8081-exec-4] c.p.u.controller.UserController : Search users request: 싸이
2026-03-04 17:17:39 ERROR [69a7eaa3f90f54316db5ceac4fca401c] [http-nio-8081-exec-8] c.p.userservice.security.JwtProvider : JWT validation failed: JWT expired 120270 milliseconds ago at 2026-03-04T08:15:39.000Z. Current time: 2026-03-04T08:17:39.270Z. Allowed clock skew: 0 milliseconds.
2026-03-04 17:17:39 INFO  [69a7eaa3f90f54316db5ceac4fca401c] [http-nio-8081-exec-8] c.p.u.controller.FriendController : Send friend request: anonymousUser -> 019cb7dc-ddba-79e9-beea-39cba4453171
2026-03-04 17:17:39 ERROR [69a7eaa3ed3f158c566a58e628999c72] [http-nio-8081-exec-10] c.p.userservice.security.JwtProvider : JWT validation failed: JWT expired 120298 milliseconds ago at 2026-03-04T08:15:39.000Z. Current time: 2026-03-04T08:17:39.298Z. Allowed clock skew: 0 milliseconds.
2026-03-04 17:17:39 INFO  [69a7eaa3ed3f158c566a58e628999c72] [http-nio-8081-exec-10] c.p.u.controller.FriendController : Get received requests: anonymousUser
2026-03-04 17:17:41 ERROR [69a7eaa50ffbd33facea845c61dded20] [http-nio-8081-exec-5] c.p.userservice.security.JwtProvider : JWT validation failed: JWT expired 130324 milliseconds ago at 2026-03-04T08:15:31.000Z. Current time: 2026-03-04T08:17:41.324Z. Allowed clock skew: 0 milliseconds.
2026-03-04 17:17:41 INFO  [69a7eaa50ffbd33facea845c61dded20] [http-nio-8081-exec-5] c.p.u.controller.FriendController : Get received requests: anonymousUser
2026-03-04 17:17:43 ERROR [69a7eaa727a31f8f2a9d59c6b57efa03] [http-nio-8081-exec-9] c.p.userservice.security.JwtProvider : JWT validation failed: JWT expired 132108 milliseconds ago at 2026-03-04T08:15:31.000Z. Current time: 2026-03-04T08:17:43.108Z. Allowed clock skew: 0 milliseconds.
2026-03-04 17:17:43 ERROR [69a7eaa7e0dafe20a2fa89dfad2e2cea] [http-nio-8081-exec-2] c.p.userservice.security.JwtProvider : JWT validation failed: JWT expired 132108 milliseconds ago at 2026-03-04T08:15:31.000Z. Current time: 2026-03-04T08:17:43.108Z. Allowed clock skew: 0 milliseconds.
2026-03-04 17:17:43 INFO  [69a7eaa727a31f8f2a9d59c6b57efa03] [http-nio-8081-exec-9] c.p.u.controller.FriendController : Get friends: anonymousUser
2026-03-04 17:17:43 INFO  [69a7eaa7e0dafe20a2fa89dfad2e2cea] [http-nio-8081-exec-2] c.p.u.controller.FriendController : Get received requests: anonymousUser
2026-03-04 17:17:44 ERROR [69a7eaa8046c79f914b110d16dec6af4] [http-nio-8081-exec-6] c.p.userservice.security.JwtProvider : JWT validation failed: JWT expired 125256 milliseconds ago at 2026-03-04T08:15:39.000Z. Current time: 2026-03-04T08:17:44.256Z. Allowed clock skew: 0 milliseconds.
2026-03-04 17:17:44 INFO  [69a7eaa8046c79f914b110d16dec6af4] [http-nio-8081-exec-6] c.p.u.controller.FriendController : Get received requests: anonymousUser
2026-03-04 17:17:44 ERROR [69a7eaa810a4b407c1c07a6635bb3031] [http-nio-8081-exec-10] c.p.userservice.security.JwtProvider : JWT validation failed: JWT expired 125924 milliseconds ago at 2026-03-04T08:15:39.000Z. Current time: 2026-03-04T08:17:44.924Z. Allowed clock skew: 0 milliseconds.
2026-03-04 17:17:44 INFO  [69a7eaa810a4b407c1c07a6635bb3031] [http-nio-8081-exec-10] c.p.u.controller.FriendController : Get received requests: anonymousUser
2026-03-04 17:17:44 ERROR [69a7eaa8d04bcc026a2ceffeaebb0a2f] [http-nio-8081-exec-7] c.p.userservice.security.JwtProvider : JWT validation failed: JWT expired 125934 milliseconds ago at 2026-03-04T08:15:39.000Z. Current time: 2026-03-04T08:17:44.934Z. Allowed clock skew: 0 milliseconds.
2026-03-04 17:17:44 INFO  [69a7eaa8d04bcc026a2ceffeaebb0a2f] [http-nio-8081-exec-7] c.p.u.controller.FriendController : Get friends: anonymousUser
2026-03-04 17:17:45 ERROR [69a7eaa971432d56a434a9fa4a52bd91] [http-nio-8081-exec-5] c.p.userservice.security.JwtProvider : JWT validation failed: JWT expired 126416 milliseconds ago at 2026-03-04T08:15:39.000Z. Current time: 2026-03-04T08:17:45.416Z. Allowed clock skew: 0 milliseconds.
2026-03-04 17:17:45 INFO  [69a7eaa971432d56a434a9fa4a52bd91] [http-nio-8081-exec-5] c.p.u.controller.FriendController : Get received requests: anonymousUser
2026-03-04 17:17:46 ERROR [69a7eaaa16103dfde98a7020e094f2a9] [http-nio-8081-exec-3] c.p.userservice.security.JwtProvider : JWT validation failed: JWT expired 127144 milliseconds ago at 2026-03-04T08:15:39.000Z. Current time: 2026-03-04T08:17:46.144Z. Allowed clock skew: 0 milliseconds.
2026-03-04 17:17:46 ERROR [69a7eaaa61464749424fd5e049df530b] [http-nio-8081-exec-1] c.p.userservice.security.JwtProvider : JWT validation failed: JWT expired 127144 milliseconds ago at 2026-03-04T08:15:39.000Z. Current time: 2026-03-04T08:17:46.144Z. Allowed clock skew: 0 milliseconds.
2026-03-04 17:17:46 INFO  [69a7eaaa16103dfde98a7020e094f2a9] [http-nio-8081-exec-3] c.p.u.controller.FriendController : Get received requests: anonymousUser
2026-03-04 17:17:46 INFO  [69a7eaaa61464749424fd5e049df530b] [http-nio-8081-exec-1] c.p.u.controller.FriendController : Get friends: anonymousUser
2026-03-04 17:17:50 INFO  [69a7eaae0ceb567a703791a3056deea8] [http-nio-8081-exec-9] c.p.u.controller.CategoryController : Get categories request
2026-03-04 17:17:50 INFO  [69a7eaae0ceb567a703791a3056deea8] [http-nio-8081-exec-9] c.p.u.service.CategoryService : Fetching categories from database
2026-03-04 17:17:52 INFO  [69a7eab0107aff6152c4b9b530ef7fe1] [http-nio-8081-exec-2] c.p.u.controller.CategoryController : Get categories request
2026-03-04 17:17:52 INFO  [69a7eab0107aff6152c4b9b530ef7fe1] [http-nio-8081-exec-2] c.p.u.service.CategoryService : Fetching categories from database
2026-03-04 17:18:02 INFO  [69a7eaba5af68bb471d6ec6cbd83c5c8] [http-nio-8081-exec-6] c.p.u.controller.AuthController : Signup request: 위스키
2026-03-04 17:18:02 INFO  [69a7eaba5af68bb471d6ec6cbd83c5c8] [http-nio-8081-exec-6] c.p.u.security.CognitoService : Local profile detected - skipping Cognito validation, returning dummy user
2026-03-04 17:18:03 WARN  [69a7eaba5af68bb471d6ec6cbd83c5c8] [http-nio-8081-exec-6] c.p.userservice.service.AuthService : Redis is not available, skipping refresh token storage: Unable to connect to Redis
2026-03-04 17:18:12 INFO  [69a7eac4422ef49b293d36426d8da38e] [http-nio-8081-exec-10] c.p.u.controller.AuthController : Signup request: 고량주
2026-03-04 17:18:12 INFO  [69a7eac4422ef49b293d36426d8da38e] [http-nio-8081-exec-10] c.p.u.security.CognitoService : Local profile detected - skipping Cognito validation, returning dummy user
2026-03-04 17:18:13 WARN  [69a7eac4422ef49b293d36426d8da38e] [http-nio-8081-exec-10] c.p.userservice.service.AuthService : Redis is not available, skipping refresh token storage: Unable to connect to Redis
2026-03-04 17:18:14 INFO  [69a7eac660a7e62732b73c1637673e6d] [http-nio-8081-exec-1] c.p.u.controller.FriendController : Get friends: 019cb7ec-e87a-7c01-a3a1-ef7731342513
2026-03-04 17:18:14 INFO  [69a7eac6e431079dfa508e8ad2a413c5] [http-nio-8081-exec-3] c.p.u.controller.FriendController : Get received requests: 019cb7ec-e87a-7c01-a3a1-ef7731342513
2026-03-04 17:18:17 INFO  [69a7eac9a373fce22697db1447b78e8e] [http-nio-8081-exec-2] c.p.u.controller.UserController : Search users request: 고랴
2026-03-04 17:18:17 INFO  [69a7eac9ee5ada0efaed65e21e3c7346] [http-nio-8081-exec-6] c.p.u.controller.UserController : Search users request: 고량
2026-03-04 17:18:18 INFO  [69a7eaca114dc68836ef20aacdf7fad2] [http-nio-8081-exec-10] c.p.u.controller.FriendController : Send friend request: 019cb7ec-e87a-7c01-a3a1-ef7731342513 -> 019cb7ed-115e-7f9a-93b5-5a0dd832ccd2
2026-03-04 17:18:18 INFO  [69a7eaca114dc68836ef20aacdf7fad2] [http-nio-8081-exec-10] c.p.u.service.FriendService : Friend request sent: 019cb7ec-e87a-7c01-a3a1-ef7731342513 -> 019cb7ed-115e-7f9a-93b5-5a0dd832ccd2
2026-03-04 17:18:18 INFO  [69a7eaca7b59063acba7d23ff546e7ab] [http-nio-8081-exec-5] c.p.u.controller.FriendController : Get received requests: 019cb7ec-e87a-7c01-a3a1-ef7731342513
2026-03-04 17:18:19 INFO  [69a7eacb3613a6e54fd7b195a58090a7] [http-nio-8081-exec-9] c.p.u.controller.FriendController : Get received requests: 019cb7ed-115e-7f9a-93b5-5a0dd832ccd2
2026-03-04 17:18:19 INFO  [69a7eacb9f3251bcb66179bc337b771a] [http-nio-8081-exec-2] c.p.u.controller.FriendController : Get friends: 019cb7ed-115e-7f9a-93b5-5a0dd832ccd2
2026-03-04 17:18:21 INFO  [69a7eacd83b4f6226f502c7cafa53e82] [http-nio-8081-exec-4] c.p.u.controller.FriendController : Get received requests: 019cb7ed-115e-7f9a-93b5-5a0dd832ccd2
2026-03-04 17:18:22 INFO  [69a7eace867b511816eecf75ff90a0fb] [http-nio-8081-exec-8] c.p.u.controller.FriendController : Process friend request: 10 by 019cb7ed-115e-7f9a-93b5-5a0dd832ccd2
2026-03-04 17:18:22 INFO  [69a7eace867b511816eecf75ff90a0fb] [http-nio-8081-exec-8] c.p.u.service.FriendService : Friend request processed: 10 -> ACCEPTED
2026-03-04 17:18:22 INFO  [69a7eacea6f7cf48f5f2034156f31e36] [http-nio-8081-exec-10] c.p.u.controller.FriendController : Get received requests: 019cb7ed-115e-7f9a-93b5-5a0dd832ccd2
2026-03-04 17:18:22 INFO  [69a7eace8303cf087e8acb3833ff35ea] [http-nio-8081-exec-7] c.p.u.controller.FriendController : Get friends: 019cb7ed-115e-7f9a-93b5-5a0dd832ccd2
2026-03-04 17:18:23 INFO  [69a7eacf0543ff3bd2a339505c6bd4d9] [http-nio-8081-exec-5] c.p.u.controller.FriendController : Get friends: 019cb7ed-115e-7f9a-93b5-5a0dd832ccd2
2026-03-04 17:18:24 INFO  [69a7ead0329c626f1f8932958c844c26] [http-nio-8081-exec-1] c.p.u.controller.FriendController : Get friends: 019cb7ec-e87a-7c01-a3a1-ef7731342513
2026-03-04 17:21:34 INFO  [69a7eb8e946629a93c3fd18dae579eaf] [http-nio-8081-exec-7] c.p.u.controller.UserController : Get profile request: 019cb7ec-e87a-7c01-a3a1-ef7731342513
2026-03-04 17:21:37 INFO  [69a7eb91c0463dcdf8e0386d12a0e570] [http-nio-8081-exec-5] c.p.u.controller.UserController : Get profile request: 019cb7ed-115e-7f9a-93b5-5a0dd832ccd2
2026-03-04 17:26:35 INFO  [69a7ecbb65c296c46984a77f79af1a55] [http-nio-8081-exec-9] c.p.u.controller.UserController : Get profile request: 019cb7ec-e87a-7c01-a3a1-ef7731342513
2026-03-04 17:26:37 INFO  [69a7ecbdebe3e086d0039cfdc4455b15] [http-nio-8081-exec-6] c.p.u.controller.UserController : Get profile request: 019cb7ed-115e-7f9a-93b5-5a0dd832ccd2
2026-03-04 17:40:05 INFO  [69a7efe5f2507d93e215c8f715b650ee] [http-nio-8081-exec-1] c.p.u.controller.CategoryController : Get categories request
2026-03-04 17:40:05 ERROR [69a7efe56e51b9d50710dfd2658fc55d] [http-nio-8081-exec-3] c.p.userservice.security.JwtProvider : JWT validation failed: JWT expired 423295 milliseconds ago at 2026-03-04T08:33:02.000Z. Current time: 2026-03-04T08:40:05.295Z. Allowed clock skew: 0 milliseconds.
2026-03-04 17:40:05 INFO  [69a7efe56e51b9d50710dfd2658fc55d] [http-nio-8081-exec-3] c.p.u.controller.UserController : Get profile request: anonymousUser
2026-03-04 17:40:05 INFO  [69a7efe5f2507d93e215c8f715b650ee] [http-nio-8081-exec-1] c.p.u.service.CategoryService : Fetching categories from database
2026-03-04 17:40:05 ERROR [69a7efe5aa6a4c2c1127f013a7cf0a7c] [http-nio-8081-exec-4] c.p.userservice.security.JwtProvider : JWT validation failed: JWT expired 413480 milliseconds ago at 2026-03-04T08:33:12.000Z. Current time: 2026-03-04T08:40:05.480Z. Allowed clock skew: 0 milliseconds.
2026-03-04 17:40:05 INFO  [69a7efe5aa6a4c2c1127f013a7cf0a7c] [http-nio-8081-exec-4] c.p.u.controller.UserController : Get profile request: anonymousUser
2026-03-04 17:40:05 INFO  [69a7efe540cba6ba592d18d0b2be4c0c] [http-nio-8081-exec-6] c.p.u.controller.CategoryController : Get categories request
2026-03-04 17:40:05 INFO  [69a7efe540cba6ba592d18d0b2be4c0c] [http-nio-8081-exec-6] c.p.u.service.CategoryService : Fetching categories from database
2026-03-04 17:42:01 INFO  [69a7f059efe934cce11f18c55efea127] [http-nio-8081-exec-9] c.p.u.controller.CategoryController : Get categories request
2026-03-04 17:42:01 ERROR [69a7f0592675503cf3dbf990c23e12cc] [http-nio-8081-exec-2] c.p.userservice.security.JwtProvider : JWT validation failed: JWT expired 529475 milliseconds ago at 2026-03-04T08:33:12.000Z. Current time: 2026-03-04T08:42:01.475Z. Allowed clock skew: 0 milliseconds.
2026-03-04 17:42:01 INFO  [69a7f0592675503cf3dbf990c23e12cc] [http-nio-8081-exec-2] c.p.u.controller.UserController : Get profile request: anonymousUser
2026-03-04 17:42:01 INFO  [69a7f059efe934cce11f18c55efea127] [http-nio-8081-exec-9] c.p.u.service.CategoryService : Fetching categories from database
2026-03-04 17:42:01 ERROR [69a7f0590f6a0a5916ac23872e197765] [http-nio-8081-exec-7] c.p.userservice.security.JwtProvider : JWT validation failed: JWT expired 539707 milliseconds ago at 2026-03-04T08:33:02.000Z. Current time: 2026-03-04T08:42:01.707Z. Allowed clock skew: 0 milliseconds.
2026-03-04 17:42:01 INFO  [69a7f0590f6a0a5916ac23872e197765] [http-nio-8081-exec-7] c.p.u.controller.UserController : Get profile request: anonymousUser
2026-03-04 17:42:01 INFO  [69a7f0593d8ba7f80154ecfff7c80393] [http-nio-8081-exec-8] c.p.u.controller.CategoryController : Get categories request
2026-03-04 17:42:01 INFO  [69a7f0593d8ba7f80154ecfff7c80393] [http-nio-8081-exec-8] c.p.u.service.CategoryService : Fetching categories from database
2026-03-04 17:46:15 ERROR [69a7f157f02dd397558fa377fff1fc63] [http-nio-8081-exec-4] c.p.userservice.security.JwtProvider : JWT validation failed: JWT expired 783929 milliseconds ago at 2026-03-04T08:33:12.000Z. Current time: 2026-03-04T08:46:15.929Z. Allowed clock skew: 0 milliseconds.
2026-03-04 17:46:15 INFO  [69a7f1573d84386edca0d5a698477824] [http-nio-8081-exec-6] c.p.u.controller.CategoryController : Get categories request
2026-03-04 17:46:15 INFO  [69a7f157f02dd397558fa377fff1fc63] [http-nio-8081-exec-4] c.p.u.controller.UserController : Get profile request: anonymousUser
2026-03-04 17:46:15 INFO  [69a7f1573d84386edca0d5a698477824] [http-nio-8081-exec-6] c.p.u.service.CategoryService : Fetching categories from database
2026-03-04 17:46:16 ERROR [69a7f1586a88420e9df34d38a0e8a04d] [http-nio-8081-exec-3] c.p.userservice.security.JwtProvider : JWT validation failed: JWT expired 794094 milliseconds ago at 2026-03-04T08:33:02.000Z. Current time: 2026-03-04T08:46:16.094Z. Allowed clock skew: 0 milliseconds.
2026-03-04 17:46:16 INFO  [69a7f1586a88420e9df34d38a0e8a04d] [http-nio-8081-exec-3] c.p.u.controller.UserController : Get profile request: anonymousUser
2026-03-04 17:46:16 INFO  [69a7f158b61c234e72ec9a42620f2d6d] [http-nio-8081-exec-5] c.p.u.controller.CategoryController : Get categories request
2026-03-04 17:46:16 INFO  [69a7f158b61c234e72ec9a42620f2d6d] [http-nio-8081-exec-5] c.p.u.service.CategoryService : Fetching categories from database
2026-03-04 17:52:00 ERROR [69a7f2b0dff40b0fafaac6b1e627853c] [http-nio-8081-exec-7] c.p.userservice.security.JwtProvider : JWT validation failed: JWT expired 1128249 milliseconds ago at 2026-03-04T08:33:12.000Z. Current time: 2026-03-04T08:52:00.249Z. Allowed clock skew: 0 milliseconds.
2026-03-04 17:52:00 INFO  [69a7f2b0dff40b0fafaac6b1e627853c] [http-nio-8081-exec-7] c.p.u.controller.UserController : Get profile request: anonymousUser
2026-03-04 17:52:00 INFO  [69a7f2b013506a883f483ab9fb5610a4] [http-nio-8081-exec-8] c.p.u.controller.CategoryController : Get categories request
2026-03-04 17:52:00 INFO  [69a7f2b013506a883f483ab9fb5610a4] [http-nio-8081-exec-8] c.p.u.service.CategoryService : Fetching categories from database
2026-03-04 17:52:00 INFO  [69a7f2b0f380b4113ae549155bc98ecd] [http-nio-8081-exec-10] c.p.u.controller.CategoryController : Get categories request
2026-03-04 17:52:00 ERROR [69a7f2b0d2e5ef213bda545cad033767] [http-nio-8081-exec-1] c.p.userservice.security.JwtProvider : JWT validation failed: JWT expired 1138556 milliseconds ago at 2026-03-04T08:33:02.000Z. Current time: 2026-03-04T08:52:00.556Z. Allowed clock skew: 0 milliseconds.
2026-03-04 17:52:00 INFO  [69a7f2b0f380b4113ae549155bc98ecd] [http-nio-8081-exec-10] c.p.u.service.CategoryService : Fetching categories from database
2026-03-04 17:52:00 INFO  [69a7f2b0d2e5ef213bda545cad033767] [http-nio-8081-exec-1] c.p.u.controller.UserController : Get profile request: anonymousUser
2026-03-04 17:55:10 ERROR [69a7f36efab53c4a1ea822930e82656d] [http-nio-8081-exec-3] c.p.userservice.security.JwtProvider : JWT validation failed: JWT expired 1318507 milliseconds ago at 2026-03-04T08:33:12.000Z. Current time: 2026-03-04T08:55:10.507Z. Allowed clock skew: 0 milliseconds.
2026-03-04 17:55:10 INFO  [69a7f36efab53c4a1ea822930e82656d] [http-nio-8081-exec-3] c.p.u.controller.UserController : Get profile request: anonymousUser
2026-03-04 17:55:10 INFO  [69a7f36e7cb94345c4786c0c168af043] [http-nio-8081-exec-5] c.p.u.controller.CategoryController : Get categories request
2026-03-04 17:55:10 INFO  [69a7f36e7cb94345c4786c0c168af043] [http-nio-8081-exec-5] c.p.u.service.CategoryService : Fetching categories from database
2026-03-04 17:55:10 ERROR [69a7f36eb853898bd68a1efb669cf600] [http-nio-8081-exec-6] c.p.userservice.security.JwtProvider : JWT validation failed: JWT expired 1328684 milliseconds ago at 2026-03-04T08:33:02.000Z. Current time: 2026-03-04T08:55:10.684Z. Allowed clock skew: 0 milliseconds.
2026-03-04 17:55:10 INFO  [69a7f36eb853898bd68a1efb669cf600] [http-nio-8081-exec-6] c.p.u.controller.UserController : Get profile request: anonymousUser
2026-03-04 17:55:10 INFO  [69a7f36e4bd3ab8374d8a8185bce0ac3] [http-nio-8081-exec-9] c.p.u.controller.CategoryController : Get categories request
2026-03-04 17:55:10 INFO  [69a7f36e4bd3ab8374d8a8185bce0ac3] [http-nio-8081-exec-9] c.p.u.service.CategoryService : Fetching categories from database
2026-03-04 17:55:33 INFO  [69a7f38501ff3036baeef4b74c89ed08] [http-nio-8081-exec-8] c.p.u.controller.CategoryController : Get categories request
2026-03-04 17:55:33 ERROR [69a7f38519716094ae3a2a4afb52c431] [http-nio-8081-exec-7] c.p.userservice.security.JwtProvider : JWT validation failed: JWT expired 1341812 milliseconds ago at 2026-03-04T08:33:12.000Z. Current time: 2026-03-04T08:55:33.812Z. Allowed clock skew: 0 milliseconds.
2026-03-04 17:55:33 INFO  [69a7f38519716094ae3a2a4afb52c431] [http-nio-8081-exec-7] c.p.u.controller.UserController : Get profile request: anonymousUser
2026-03-04 17:55:33 INFO  [69a7f38501ff3036baeef4b74c89ed08] [http-nio-8081-exec-8] c.p.u.service.CategoryService : Fetching categories from database
2026-03-04 17:55:33 ERROR [69a7f3858b150a37d7bebd56397c1b74] [http-nio-8081-exec-10] c.p.userservice.security.JwtProvider : JWT validation failed: JWT expired 1351955 milliseconds ago at 2026-03-04T08:33:02.000Z. Current time: 2026-03-04T08:55:33.955Z. Allowed clock skew: 0 milliseconds.
2026-03-04 17:55:33 INFO  [69a7f38520fb70d2ff530957bdb909ce] [http-nio-8081-exec-1] c.p.u.controller.CategoryController : Get categories request
2026-03-04 17:55:33 INFO  [69a7f3858b150a37d7bebd56397c1b74] [http-nio-8081-exec-10] c.p.u.controller.UserController : Get profile request: anonymousUser
2026-03-04 17:55:33 INFO  [69a7f38520fb70d2ff530957bdb909ce] [http-nio-8081-exec-1] c.p.u.service.CategoryService : Fetching categories from database
2026-03-04 18:05:23 ERROR [69a7f5d3430cdd3536b64fad30bf2c3e] [http-nio-8081-exec-7] c.p.userservice.security.JwtProvider : JWT validation failed: JWT expired 1931940 milliseconds ago at 2026-03-04T08:33:12.000Z. Current time: 2026-03-04T09:05:23.940Z. Allowed clock skew: 0 milliseconds.
2026-03-04 18:05:23 INFO  [69a7f5d3430cdd3536b64fad30bf2c3e] [http-nio-8081-exec-7] c.p.u.controller.UserController : Get profile request: anonymousUser
2026-03-04 18:05:26 ERROR [69a7f5d6ee95893c6fe716395998335b] [http-nio-8081-exec-3] c.p.userservice.security.JwtProvider : JWT validation failed: JWT expired 1934817 milliseconds ago at 2026-03-04T08:33:12.000Z. Current time: 2026-03-04T09:05:26.817Z. Allowed clock skew: 0 milliseconds.
2026-03-04 18:05:26 INFO  [69a7f5d6ee95893c6fe716395998335b] [http-nio-8081-exec-3] c.p.u.controller.UserController : Get profile request: anonymousUser
2026-03-04 18:05:26 INFO  [69a7f5d6cd8d82ebc5689a2e50fc3364] [http-nio-8081-exec-10] c.p.u.controller.CategoryController : Get categories request
2026-03-04 18:05:26 INFO  [69a7f5d6cd8d82ebc5689a2e50fc3364] [http-nio-8081-exec-10] c.p.u.service.CategoryService : Fetching categories from database
2026-03-04 18:05:30 INFO  [69a7f5da11593eec195bac6394d707b5] [http-nio-8081-exec-1] c.p.u.controller.CategoryController : Get categories request
2026-03-04 18:05:30 INFO  [69a7f5da11593eec195bac6394d707b5] [http-nio-8081-exec-1] c.p.u.service.CategoryService : Fetching categories from database
2026-03-04 18:05:33 INFO  [69a7f5dd4376511728a76897c3808196] [http-nio-8081-exec-6] c.p.u.controller.CategoryController : Get categories request
2026-03-04 18:05:33 INFO  [69a7f5dd4376511728a76897c3808196] [http-nio-8081-exec-6] c.p.u.service.CategoryService : Fetching categories from database
2026-03-04 18:05:36 INFO  [69a7f5e04abb65e748f72f9d04e2a66e] [http-nio-8081-exec-2] c.p.u.controller.CategoryController : Get categories request
2026-03-04 18:05:36 INFO  [69a7f5e04abb65e748f72f9d04e2a66e] [http-nio-8081-exec-2] c.p.u.service.CategoryService : Fetching categories from database
2026-03-04 18:05:57 INFO  [69a7f5f5894bb875a280109abd6c1c85] [http-nio-8081-exec-9] c.p.u.controller.CategoryController : Get categories request
2026-03-04 18:05:57 INFO  [69a7f5f5894bb875a280109abd6c1c85] [http-nio-8081-exec-9] c.p.u.service.CategoryService : Fetching categories from database
2026-03-04 18:06:45 INFO  [69a7f625bd763d085612b0c36ae21039] [http-nio-8081-exec-8] c.p.u.controller.CategoryController : Get categories request
2026-03-04 18:06:45 INFO  [69a7f625bd763d085612b0c36ae21039] [http-nio-8081-exec-8] c.p.u.service.CategoryService : Fetching categories from database
2026-03-04 18:06:52 INFO  [69a7f62c0892e7a959faea0517f3daed] [http-nio-8081-exec-7] c.p.u.controller.CategoryController : Get categories request
2026-03-04 18:06:52 INFO  [69a7f62c0892e7a959faea0517f3daed] [http-nio-8081-exec-7] c.p.u.service.CategoryService : Fetching categories from database
2026-03-04 18:07:50 INFO  [69a7f6665154494ebefede344a6171dd] [http-nio-8081-exec-5] c.p.u.controller.CategoryController : Get categories request
2026-03-04 18:07:50 INFO  [69a7f6665154494ebefede344a6171dd] [http-nio-8081-exec-5] c.p.u.service.CategoryService : Fetching categories from database
2026-03-04 18:08:30 INFO  [69a7f68ea1e4f936edd568e431ffb434] [http-nio-8081-exec-3] c.p.u.controller.CategoryController : Get categories request
2026-03-04 18:08:30 INFO  [69a7f68ea1e4f936edd568e431ffb434] [http-nio-8081-exec-3] c.p.u.service.CategoryService : Fetching categories from database
2026-03-04 18:09:12 INFO  [69a7f6b88257c4ccbd9cded95e96ddc2] [http-nio-8081-exec-10] c.p.u.controller.CategoryController : Get categories request
2026-03-04 18:09:12 INFO  [69a7f6b88257c4ccbd9cded95e96ddc2] [http-nio-8081-exec-10] c.p.u.service.CategoryService : Fetching categories from database
2026-03-04 18:15:27 INFO  [69a7f82f561678a6b6ddc1de09142def] [http-nio-8081-exec-6] c.p.u.controller.CategoryController : Get categories request
2026-03-04 18:15:27 INFO  [69a7f82f561678a6b6ddc1de09142def] [http-nio-8081-exec-6] c.p.u.service.CategoryService : Fetching categories from database
2026-03-04 18:15:29 INFO  [69a7f8310915d1c9e2639f467851bf7f] [http-nio-8081-exec-2] c.p.u.controller.CategoryController : Get categories request
2026-03-04 18:15:29 INFO  [69a7f8310915d1c9e2639f467851bf7f] [http-nio-8081-exec-2] c.p.u.service.CategoryService : Fetching categories from database
2026-03-04 18:16:30 ERROR [69a7f86e69bbea38b0fa6250605a4dc7] [http-nio-8081-exec-4] c.p.userservice.security.JwtProvider : JWT validation failed: JWT expired 2608053 milliseconds ago at 2026-03-04T08:33:02.000Z. Current time: 2026-03-04T09:16:30.053Z. Allowed clock skew: 0 milliseconds.
2026-03-04 18:16:30 INFO  [69a7f86e69bbea38b0fa6250605a4dc7] [http-nio-8081-exec-4] c.p.u.controller.UserController : Get profile request: anonymousUser
2026-03-04 18:16:33 ERROR [69a7f871532495659c246a5619457627] [http-nio-8081-exec-3] c.p.userservice.security.JwtProvider : JWT validation failed: JWT expired 2611655 milliseconds ago at 2026-03-04T08:33:02.000Z. Current time: 2026-03-04T09:16:33.655Z. Allowed clock skew: 0 milliseconds.
2026-03-04 18:16:33 INFO  [69a7f871532495659c246a5619457627] [http-nio-8081-exec-3] c.p.u.controller.UserController : Get profile request: anonymousUser
2026-03-04 18:16:33 INFO  [69a7f871153cb6bd9c184794a6a47df5] [http-nio-8081-exec-10] c.p.u.controller.CategoryController : Get categories request
2026-03-04 18:16:33 INFO  [69a7f871153cb6bd9c184794a6a47df5] [http-nio-8081-exec-10] c.p.u.service.CategoryService : Fetching categories from database
2026-03-04 18:26:46 INFO  [69a7fad691c47cdbe699bdb9313873fe] [http-nio-8081-exec-2] c.p.u.controller.CategoryController : Get categories request
2026-03-04 18:26:46 INFO  [69a7fad691c47cdbe699bdb9313873fe] [http-nio-8081-exec-2] c.p.u.service.CategoryService : Fetching categories from database
2026-03-04 18:26:48 INFO  [69a7fad8ad8d3a7b7f4136a59b157adb] [http-nio-8081-exec-9] c.p.u.controller.CategoryController : Get categories request
2026-03-04 18:26:48 INFO  [69a7fad8ad8d3a7b7f4136a59b157adb] [http-nio-8081-exec-9] c.p.u.service.CategoryService : Fetching categories from database
2026-03-04 18:26:51 INFO  [69a7fadb42607fc170ce6e715c7d4a64] [http-nio-8081-exec-4] c.p.u.controller.CategoryController : Get categories request
2026-03-04 18:26:51 INFO  [69a7fadb42607fc170ce6e715c7d4a64] [http-nio-8081-exec-4] c.p.u.service.CategoryService : Fetching categories from database
2026-03-04 18:27:06 INFO  [69a7faeaf0a0ceb9c565ab4d1b105e21] [http-nio-8081-exec-8] c.p.u.controller.CategoryController : Get categories request
2026-03-04 18:27:06 INFO  [69a7faeaf0a0ceb9c565ab4d1b105e21] [http-nio-8081-exec-8] c.p.u.service.CategoryService : Fetching categories from database
2026-03-04 18:27:09 INFO  [69a7faeda64576f2d05d4b29176214f5] [http-nio-8081-exec-7] c.p.u.controller.CategoryController : Get categories request
2026-03-04 18:27:09 INFO  [69a7faeda64576f2d05d4b29176214f5] [http-nio-8081-exec-7] c.p.u.service.CategoryService : Fetching categories from database
2026-03-04 18:27:12 INFO  [69a7faf0b30e91164818468dca8b3554] [http-nio-8081-exec-5] c.p.u.controller.CategoryController : Get categories request
2026-03-04 18:27:12 INFO  [69a7faf0b30e91164818468dca8b3554] [http-nio-8081-exec-5] c.p.u.service.CategoryService : Fetching categories from database
2026-03-04 18:27:46 INFO  [69a7fb12c0309b3b7d5fe128b4afe65f] [http-nio-8081-exec-3] c.p.u.controller.CategoryController : Get categories request
2026-03-04 18:27:46 INFO  [69a7fb12c0309b3b7d5fe128b4afe65f] [http-nio-8081-exec-3] c.p.u.service.CategoryService : Fetching categories from database
2026-03-04 18:27:49 INFO  [69a7fb15b3df5d169dc6436007a6b0a0] [http-nio-8081-exec-10] c.p.u.controller.CategoryController : Get categories request
2026-03-04 18:27:49 INFO  [69a7fb15b3df5d169dc6436007a6b0a0] [http-nio-8081-exec-10] c.p.u.service.CategoryService : Fetching categories from database
2026-03-04 18:28:01 INFO  [69a7fb2161a0f7542f2f58906e2c33a4] [http-nio-8081-exec-1] c.p.u.controller.CategoryController : Get categories request
2026-03-04 18:28:01 INFO  [69a7fb2161a0f7542f2f58906e2c33a4] [http-nio-8081-exec-1] c.p.u.service.CategoryService : Fetching categories from database
2026-03-04 18:28:04 INFO  [69a7fb24bca7d6fe91c4e3b8602d638f] [http-nio-8081-exec-6] c.p.u.controller.CategoryController : Get categories request
2026-03-04 18:28:04 INFO  [69a7fb24bca7d6fe91c4e3b8602d638f] [http-nio-8081-exec-6] c.p.u.service.CategoryService : Fetching categories from database
2026-03-04 18:34:14 INFO  [69a7fc9627c19d19aeb934a2125c92c9] [http-nio-8081-exec-9] c.p.u.controller.CategoryController : Get categories request
2026-03-04 18:34:14 INFO  [69a7fc9627c19d19aeb934a2125c92c9] [http-nio-8081-exec-9] c.p.u.service.CategoryService : Fetching categories from database
2026-03-04 18:35:05 INFO  [69a7fcc919b878f760e4cbe230a409c6] [http-nio-8081-exec-4] c.p.u.controller.CategoryController : Get categories request
2026-03-04 18:35:05 INFO  [69a7fcc919b878f760e4cbe230a409c6] [http-nio-8081-exec-4] c.p.u.service.CategoryService : Fetching categories from database
2026-03-04 18:36:01 ERROR [69a7fd01ee757cebcde1a88d90fcb51f] [http-nio-8081-exec-7] c.p.userservice.security.JwtProvider : JWT validation failed: JWT expired 3779270 milliseconds ago at 2026-03-04T08:33:02.000Z. Current time: 2026-03-04T09:36:01.270Z. Allowed clock skew: 0 milliseconds.
2026-03-04 18:36:01 INFO  [69a7fd01ee757cebcde1a88d90fcb51f] [http-nio-8081-exec-7] c.p.u.controller.UserController : Get profile request: anonymousUser
2026-03-04 18:36:05 ERROR [69a7fd05cab9dc312eeb8ea44dfef962] [http-nio-8081-exec-10] c.p.userservice.security.JwtProvider : JWT validation failed: JWT expired 3783077 milliseconds ago at 2026-03-04T08:33:02.000Z. Current time: 2026-03-04T09:36:05.077Z. Allowed clock skew: 0 milliseconds.
2026-03-04 18:36:05 INFO  [69a7fd05cab9dc312eeb8ea44dfef962] [http-nio-8081-exec-10] c.p.u.controller.UserController : Get profile request: anonymousUser
2026-03-04 18:36:05 INFO  [69a7fd0531c7fd095cd84124f5c45d79] [http-nio-8081-exec-1] c.p.u.controller.CategoryController : Get categories request
2026-03-04 18:36:05 INFO  [69a7fd0531c7fd095cd84124f5c45d79] [http-nio-8081-exec-1] c.p.u.service.CategoryService : Fetching categories from database
2026-03-04 18:37:25 INFO  [69a7fd55cd3524369b0ef4d839bc0ac9] [http-nio-8081-exec-4] c.p.u.controller.CategoryController : Get categories request
2026-03-04 18:37:25 INFO  [69a7fd55cd3524369b0ef4d839bc0ac9] [http-nio-8081-exec-4] c.p.u.service.CategoryService : Fetching categories from database
2026-03-04 18:37:26 ERROR [69a7fd561a1dcc1f3f223c9735b3ffa3] [http-nio-8081-exec-5] c.p.userservice.security.JwtProvider : JWT validation failed: JWT expired 3864385 milliseconds ago at 2026-03-04T08:33:02.000Z. Current time: 2026-03-04T09:37:26.385Z. Allowed clock skew: 0 milliseconds.
2026-03-04 18:37:26 INFO  [69a7fd5664de0359accfee9df4306fb5] [http-nio-8081-exec-3] c.p.u.controller.CategoryController : Get categories request
2026-03-04 18:37:26 INFO  [69a7fd561a1dcc1f3f223c9735b3ffa3] [http-nio-8081-exec-5] c.p.u.controller.UserController : Get profile request: anonymousUser
2026-03-04 18:37:26 INFO  [69a7fd5664de0359accfee9df4306fb5] [http-nio-8081-exec-3] c.p.u.service.CategoryService : Fetching categories from database
2026-03-04 18:37:37 INFO  [69a7fd619f4a21e0bf5ea8b665e3a6e2] [http-nio-8081-exec-1] c.p.u.controller.CategoryController : Get categories request
2026-03-04 18:37:37 INFO  [69a7fd619f4a21e0bf5ea8b665e3a6e2] [http-nio-8081-exec-1] c.p.u.service.CategoryService : Fetching categories from database
2026-03-04 18:37:37 INFO  [69a7fd619fb27ac16ba1241a0cb0588e] [http-nio-8081-exec-9] c.p.u.controller.CategoryController : Get categories request
2026-03-04 18:37:37 INFO  [69a7fd619fb27ac16ba1241a0cb0588e] [http-nio-8081-exec-9] c.p.u.service.CategoryService : Fetching categories from database
2026-03-04 18:37:37 ERROR [69a7fd6171beb387ab938ee7fa3f0fcd] [http-nio-8081-exec-2] c.p.userservice.security.JwtProvider : JWT validation failed: JWT expired 3875911 milliseconds ago at 2026-03-04T08:33:02.000Z. Current time: 2026-03-04T09:37:37.911Z. Allowed clock skew: 0 milliseconds.
2026-03-04 18:37:37 INFO  [69a7fd6171beb387ab938ee7fa3f0fcd] [http-nio-8081-exec-2] c.p.u.controller.UserController : Get profile request: anonymousUser
2026-03-04 18:38:16 INFO  [] [background-preinit] o.h.validator.internal.util.Version : HV000001: Hibernate Validator 8.0.2.Final
2026-03-04 18:38:17 INFO  [] [main] c.p.b.PlanitBaseTemplateApplication : Starting PlanitBaseTemplateApplication using Java 17.0.18 with PID 3400 (C:\barumi\PlanIt-User-svc\build\classes\java\main started by DS23 in C:\barumi\PlanIt-User-svc)
2026-03-04 18:38:17 INFO  [] [main] c.p.b.PlanitBaseTemplateApplication : The following 1 profile is active: "local-no-redis"
2026-03-04 18:38:18 INFO  [] [main] o.s.d.r.c.RepositoryConfigurationDelegate : Multiple Spring Data modules found, entering strict repository configuration mode
2026-03-04 18:38:18 INFO  [] [main] o.s.d.r.c.RepositoryConfigurationDelegate : Bootstrapping Spring Data JPA repositories in DEFAULT mode.
2026-03-04 18:38:18 INFO  [] [main] o.s.d.r.c.RepositoryConfigurationDelegate : Finished Spring Data repository scanning in 224 ms. Found 6 JPA repository interfaces.
2026-03-04 18:38:19 INFO  [] [main] o.s.d.r.c.RepositoryConfigurationDelegate : Multiple Spring Data modules found, entering strict repository configuration mode
2026-03-04 18:38:19 INFO  [] [main] o.s.d.r.c.RepositoryConfigurationDelegate : Bootstrapping Spring Data Redis repositories in DEFAULT mode.
2026-03-04 18:38:19 INFO  [] [main] o.s.d.r.c.RepositoryConfigurationDelegate : Finished Spring Data repository scanning in 20 ms. Found 0 Redis repository interfaces.
2026-03-04 18:38:20 INFO  [] [main] o.s.b.w.e.tomcat.TomcatWebServer : Tomcat initialized with port 8081 (http)
2026-03-04 18:38:20 INFO  [] [main] o.a.coyote.http11.Http11NioProtocol : Initializing ProtocolHandler ["http-nio-8081"]
2026-03-04 18:38:20 INFO  [] [main] o.a.catalina.core.StandardService : Starting service [Tomcat]
2026-03-04 18:38:20 INFO  [] [main] o.a.catalina.core.StandardEngine : Starting Servlet engine: [Apache Tomcat/10.1.36]
2026-03-04 18:38:20 INFO  [] [main] o.a.c.c.C.[Tomcat].[localhost].[/] : Initializing Spring embedded WebApplicationContext
2026-03-04 18:38:20 INFO  [] [main] o.s.b.w.s.c.ServletWebServerApplicationContext : Root WebApplicationContext: initialization completed in 3560 ms
2026-03-04 18:38:21 INFO  [] [main] o.h.jpa.internal.util.LogHelper : HHH000204: Processing PersistenceUnitInfo [name: default]
2026-03-04 18:38:21 INFO  [] [main] org.hibernate.Version : HHH000412: Hibernate ORM core version 6.6.8.Final
2026-03-04 18:38:21 INFO  [] [main] o.h.c.i.RegionFactoryInitiator : HHH000026: Second-level cache disabled
2026-03-04 18:38:21 INFO  [] [main] o.s.o.j.p.SpringPersistenceUnitInfo : No LoadTimeWeaver setup: ignoring JPA class transformer
2026-03-04 18:38:21 INFO  [] [main] com.zaxxer.hikari.HikariDataSource : HikariPool-1 - Starting...
2026-03-04 18:38:22 INFO  [] [main] com.zaxxer.hikari.pool.HikariPool : HikariPool-1 - Added connection org.mariadb.jdbc.Connection@71b32407
2026-03-04 18:38:22 INFO  [] [main] com.zaxxer.hikari.HikariDataSource : HikariPool-1 - Start completed.
2026-03-04 18:38:22 INFO  [] [main] o.hibernate.orm.connections.pooling : HHH10001005: Database info:
	Database JDBC URL [Connecting through datasource 'HikariDataSource (HikariPool-1)']
	Database driver: undefined/unknown
	Database version: 11.8.3
	Autocommit mode: undefined/unknown
	Isolation level: undefined/unknown
	Minimum pool size: undefined/unknown
	Maximum pool size: undefined/unknown
2026-03-04 18:38:25 INFO  [] [main] o.h.e.t.j.p.i.JtaPlatformInitiator : HHH000489: No JTA platform available (set 'hibernate.transaction.jta.platform' to enable JTA platform integration)
2026-03-04 18:38:25 INFO  [] [main] o.s.o.j.LocalContainerEntityManagerFactoryBean : Initialized JPA EntityManagerFactory for persistence unit 'default'
2026-03-04 18:38:27 INFO  [] [main] o.s.d.j.r.query.QueryEnhancerFactory : Hibernate is in classpath; If applicable, HQL parser will be used.
2026-03-04 18:38:33 WARN  [] [main] o.s.b.a.o.j.JpaBaseConfiguration$JpaWebConfiguration : spring.jpa.open-in-view is enabled by default. Therefore, database queries may be performed during view rendering. Explicitly configure spring.jpa.open-in-view to disable this warning
2026-03-04 18:38:33 INFO  [] [main] o.s.s.c.a.a.c.InitializeUserDetailsBeanManagerConfigurer$InitializeUserDetailsManagerConfigurer : Global AuthenticationManager configured with UserDetailsService bean with name inMemoryUserDetailsManager
2026-03-04 18:38:34 INFO  [] [main] n.d.b.g.c.a.GrpcClientAutoConfiguration : Detected grpc-netty-shaded: Creating ShadedNettyChannelFactory + InProcessChannelFactory
2026-03-04 18:38:35 INFO  [] [main] o.s.b.a.e.web.EndpointLinksResolver : Exposing 2 endpoints beneath base path '/api/v1/users/actuator'
2026-03-04 18:38:36 INFO  [] [main] n.d.b.g.s.a.GrpcServerFactoryAutoConfiguration : Detected grpc-netty-shaded: Creating ShadedNettyGrpcServerFactory
2026-03-04 18:38:37 INFO  [] [main] o.a.coyote.http11.Http11NioProtocol : Starting ProtocolHandler ["http-nio-8081"]
2026-03-04 18:38:37 INFO  [] [main] o.s.b.w.e.tomcat.TomcatWebServer : Tomcat started on port 8081 (http) with context path '/'
2026-03-04 18:38:38 INFO  [] [main] n.d.b.g.s.s.AbstractGrpcServerFactory : Registered gRPC service: BaseTestGrpcService, bean: baseGrpcController, class: com.planit.basetemplate.grpc.BaseGrpcController
2026-03-04 18:38:38 INFO  [] [main] n.d.b.g.s.s.AbstractGrpcServerFactory : Registered gRPC service: grpc.health.v1.Health, bean: grpcHealthService, class: io.grpc.protobuf.services.HealthServiceImpl
2026-03-04 18:38:38 INFO  [] [main] n.d.b.g.s.s.AbstractGrpcServerFactory : Registered gRPC service: grpc.reflection.v1alpha.ServerReflection, bean: protoReflectionService, class: io.grpc.protobuf.services.ProtoReflectionService
2026-03-04 18:38:38 INFO  [] [http-nio-8081-exec-1] o.a.c.c.C.[Tomcat].[localhost].[/] : Initializing Spring DispatcherServlet 'dispatcherServlet'
2026-03-04 18:38:38 INFO  [] [http-nio-8081-exec-1] o.s.web.servlet.DispatcherServlet : Initializing Servlet 'dispatcherServlet'
2026-03-04 18:38:38 INFO  [] [http-nio-8081-exec-1] o.s.web.servlet.DispatcherServlet : Completed initialization in 6 ms
2026-03-04 18:38:38 INFO  [69a7fd9e3810119e246e476cd7e9594c] [http-nio-8081-exec-1] c.p.u.controller.CategoryController : Get categories request
2026-03-04 18:38:38 INFO  [69a7fd9e3810119e246e476cd7e9594c] [http-nio-8081-exec-1] c.p.u.service.CategoryService : Fetching categories from database
2026-03-04 18:38:38 INFO  [] [main] n.d.b.g.s.s.GrpcServerLifecycle : gRPC Server started, listening on address: *, port: 9090
2026-03-04 18:38:38 INFO  [] [main] c.p.b.PlanitBaseTemplateApplication : Started PlanitBaseTemplateApplication in 22.731 seconds (process running for 23.403)
2026-03-04 18:38:48 INFO  [69a7fda8efed84c92439493a0664204b] [http-nio-8081-exec-2] c.p.u.controller.CategoryController : Get categories request
2026-03-04 18:38:48 INFO  [69a7fda8efed84c92439493a0664204b] [http-nio-8081-exec-2] c.p.u.service.CategoryService : Fetching categories from database
2026-03-04 18:39:33 INFO  [69a7fdd5ae93e5bad5af03f760817bed] [http-nio-8081-exec-3] c.p.u.controller.CategoryController : Get categories request
2026-03-04 18:39:33 INFO  [69a7fdd5ae93e5bad5af03f760817bed] [http-nio-8081-exec-3] c.p.u.service.CategoryService : Fetching categories from database
2026-03-04 18:39:36 INFO  [69a7fdd88ae6a82f35b3c2efab8b737d] [http-nio-8081-exec-4] c.p.u.controller.CategoryController : Get categories request
2026-03-04 18:39:36 INFO  [69a7fdd88ae6a82f35b3c2efab8b737d] [http-nio-8081-exec-4] c.p.u.service.CategoryService : Fetching categories from database
2026-03-04 18:40:59 ERROR [69a7fe2b59c322e3ecadd84e8e86ff1f] [http-nio-8081-exec-10] c.p.userservice.security.JwtProvider : JWT validation failed: JWT expired 4077713 milliseconds ago at 2026-03-04T08:33:02.000Z. Current time: 2026-03-04T09:40:59.713Z. Allowed clock skew: 0 milliseconds.
2026-03-04 18:40:59 ERROR [69a7fe2b33e55f028609f26f72e6cbe0] [http-nio-8081-exec-9] c.p.userservice.security.JwtProvider : JWT validation failed: JWT expired 4077713 milliseconds ago at 2026-03-04T08:33:02.000Z. Current time: 2026-03-04T09:40:59.713Z. Allowed clock skew: 0 milliseconds.
2026-03-04 18:40:59 INFO  [69a7fe2b59c322e3ecadd84e8e86ff1f] [http-nio-8081-exec-10] c.p.u.controller.FriendController : Get received requests: anonymousUser
2026-03-04 18:40:59 INFO  [69a7fe2b33e55f028609f26f72e6cbe0] [http-nio-8081-exec-9] c.p.u.controller.FriendController : Get friends: anonymousUser
2026-03-04 18:40:59 WARN  [69a7fe2b59c322e3ecadd84e8e86ff1f] [http-nio-8081-exec-10] o.s.d.w.c.SpringDataJacksonConfiguration$PageModule$WarningLoggingModifier : Serializing PageImpl instances as-is is not supported, meaning that there is no guarantee about the stability of the resulting JSON structure!
	For a stable JSON structure, please use Spring Data's PagedModel (globally via @EnableSpringDataWebSupport(pageSerializationMode = VIA_DTO))
	or Spring HATEOAS and Spring Data's PagedResourcesAssembler as documented in https://docs.spring.io/spring-data/commons/reference/repositories/core-extensions.html#core.web.pageables.

2026-03-04 18:41:00 INFO  [69a7fe2ca9823d31029255bd2aed6374] [http-nio-8081-exec-4] c.p.u.controller.CategoryController : Get categories request
2026-03-04 18:41:00 ERROR [69a7fe2c92bfea8c7ecd2b707401b6ff] [http-nio-8081-exec-3] c.p.userservice.security.JwtProvider : JWT validation failed: JWT expired 4078335 milliseconds ago at 2026-03-04T08:33:02.000Z. Current time: 2026-03-04T09:41:00.335Z. Allowed clock skew: 0 milliseconds.
2026-03-04 18:41:00 INFO  [69a7fe2ca9823d31029255bd2aed6374] [http-nio-8081-exec-4] c.p.u.service.CategoryService : Fetching categories from database
2026-03-04 18:41:00 INFO  [69a7fe2c92bfea8c7ecd2b707401b6ff] [http-nio-8081-exec-3] c.p.u.controller.UserController : Get profile request: anonymousUser
2026-03-04 18:41:16 INFO  [69a7fe3cf753249aaa119b4ecfc8d83d] [http-nio-8081-exec-5] c.p.u.controller.CategoryController : Get categories request
2026-03-04 18:41:16 INFO  [69a7fe3cf753249aaa119b4ecfc8d83d] [http-nio-8081-exec-5] c.p.u.service.CategoryService : Fetching categories from database
2026-03-04 18:41:23 INFO  [69a7fe4317756b3c2c996f1d3f59bfda] [http-nio-8081-exec-6] c.p.u.controller.CategoryController : Get categories request
2026-03-04 18:41:23 INFO  [69a7fe4317756b3c2c996f1d3f59bfda] [http-nio-8081-exec-6] c.p.u.service.CategoryService : Fetching categories from database
2026-03-04 18:41:27 INFO  [69a7fe4745f434a4e15c7d323971c147] [http-nio-8081-exec-7] c.p.u.controller.CategoryController : Get categories request
2026-03-04 18:41:27 INFO  [69a7fe4745f434a4e15c7d323971c147] [http-nio-8081-exec-7] c.p.u.service.CategoryService : Fetching categories from database
2026-03-04 18:41:28 INFO  [69a7fe48e599eb4f9a6204e830bcb278] [http-nio-8081-exec-8] c.p.u.controller.CategoryController : Get categories request
2026-03-04 18:41:28 INFO  [69a7fe48e599eb4f9a6204e830bcb278] [http-nio-8081-exec-8] c.p.u.service.CategoryService : Fetching categories from database
2026-03-04 18:41:37 INFO  [69a7fe51e47df27d27d8cf30789e3f27] [http-nio-8081-exec-10] c.p.u.controller.CategoryController : Get categories request
2026-03-04 18:41:37 INFO  [69a7fe51e47df27d27d8cf30789e3f27] [http-nio-8081-exec-10] c.p.u.service.CategoryService : Fetching categories from database
2026-03-04 18:42:23 INFO  [69a7fe7f01f5d03baeb4a4d12b4e2862] [http-nio-8081-exec-1] c.p.u.controller.CategoryController : Get categories request
2026-03-04 18:42:23 INFO  [69a7fe7f01f5d03baeb4a4d12b4e2862] [http-nio-8081-exec-1] c.p.u.service.CategoryService : Fetching categories from database
2026-03-04 18:42:27 INFO  [69a7fe832d33f09d7c4e47342688b660] [http-nio-8081-exec-2] c.p.u.controller.CategoryController : Get categories request
2026-03-04 18:42:27 INFO  [69a7fe832d33f09d7c4e47342688b660] [http-nio-8081-exec-2] c.p.u.service.CategoryService : Fetching categories from database
2026-03-04 18:42:49 INFO  [69a7fe998e5115e53bf14823fffc3117] [http-nio-8081-exec-4] c.p.u.controller.CategoryController : Get categories request
2026-03-04 18:42:49 INFO  [69a7fe998e5115e53bf14823fffc3117] [http-nio-8081-exec-4] c.p.u.service.CategoryService : Fetching categories from database
2026-03-04 18:42:52 INFO  [69a7fe9cc73249bd1c7fbdf548c731dd] [http-nio-8081-exec-3] c.p.u.controller.CategoryController : Get categories request
2026-03-04 18:42:52 INFO  [69a7fe9cc73249bd1c7fbdf548c731dd] [http-nio-8081-exec-3] c.p.u.service.CategoryService : Fetching categories from database
2026-03-04 18:42:56 INFO  [69a7fea0492dd44ef7b8545258d51468] [http-nio-8081-exec-5] c.p.u.controller.CategoryController : Get categories request
2026-03-04 18:42:56 INFO  [69a7fea0492dd44ef7b8545258d51468] [http-nio-8081-exec-5] c.p.u.service.CategoryService : Fetching categories from database
2026-03-04 18:43:29 INFO  [69a7fec1eb45ebe9f6c9fbb16b8ef84d] [http-nio-8081-exec-7] c.p.u.controller.CategoryController : Get categories request
2026-03-04 18:43:29 INFO  [69a7fec1eb45ebe9f6c9fbb16b8ef84d] [http-nio-8081-exec-7] c.p.u.service.CategoryService : Fetching categories from database
2026-03-04 18:43:34 INFO  [69a7fec6312c67f91bf6341a1e2ae32a] [http-nio-8081-exec-8] c.p.u.controller.CategoryController : Get categories request
2026-03-04 18:43:34 INFO  [69a7fec6312c67f91bf6341a1e2ae32a] [http-nio-8081-exec-8] c.p.u.service.CategoryService : Fetching categories from database
2026-03-04 18:43:38 INFO  [69a7feca20abd49a808e8d5c79d5346b] [http-nio-8081-exec-10] c.p.u.controller.CategoryController : Get categories request
2026-03-04 18:43:38 INFO  [69a7feca20abd49a808e8d5c79d5346b] [http-nio-8081-exec-10] c.p.u.service.CategoryService : Fetching categories from database
2026-03-04 18:43:42 INFO  [69a7fece5abf2503284d5c221910b468] [http-nio-8081-exec-9] c.p.u.controller.CategoryController : Get categories request
2026-03-04 18:43:42 INFO  [69a7fece5abf2503284d5c221910b468] [http-nio-8081-exec-9] c.p.u.service.CategoryService : Fetching categories from database
2026-03-04 18:46:28 INFO  [69a7ff7410bf7ca58cff806a1aec5b3b] [http-nio-8081-exec-2] c.p.u.controller.CategoryController : Get categories request
2026-03-04 18:46:28 INFO  [69a7ff7410bf7ca58cff806a1aec5b3b] [http-nio-8081-exec-2] c.p.u.service.CategoryService : Fetching categories from database
2026-03-04 18:46:34 INFO  [69a7ff7abed958b66a13e84cc1ecec9d] [http-nio-8081-exec-4] c.p.u.controller.CategoryController : Get categories request
2026-03-04 18:46:34 INFO  [69a7ff7abed958b66a13e84cc1ecec9d] [http-nio-8081-exec-4] c.p.u.service.CategoryService : Fetching categories from database
2026-03-04 18:48:23 INFO  [69a7ffe778c61c0947c2f9cb6574f55f] [http-nio-8081-exec-5] c.p.u.controller.CategoryController : Get categories request
2026-03-04 18:48:23 INFO  [69a7ffe778c61c0947c2f9cb6574f55f] [http-nio-8081-exec-5] c.p.u.service.CategoryService : Fetching categories from database
2026-03-04 18:48:39 INFO  [69a7fff7d8888f5d5df9f8589f8a6fc9] [http-nio-8081-exec-6] c.p.u.controller.CategoryController : Get categories request
2026-03-04 18:48:39 INFO  [69a7fff7d8888f5d5df9f8589f8a6fc9] [http-nio-8081-exec-6] c.p.u.service.CategoryService : Fetching categories from database
2026-03-04 18:48:59 INFO  [69a8000b051f4843e4a0d7393fd7d451] [http-nio-8081-exec-7] c.p.u.controller.CategoryController : Get categories request
2026-03-04 18:48:59 INFO  [69a8000b051f4843e4a0d7393fd7d451] [http-nio-8081-exec-7] c.p.u.service.CategoryService : Fetching categories from database
2026-03-04 18:49:04 INFO  [69a80010fc5d342b1b6876ce33a9ca38] [http-nio-8081-exec-8] c.p.u.controller.CategoryController : Get categories request
2026-03-04 18:49:04 INFO  [69a80010fc5d342b1b6876ce33a9ca38] [http-nio-8081-exec-8] c.p.u.service.CategoryService : Fetching categories from database
2026-03-04 18:49:22 INFO  [69a80022bb30e291f5a9e40e92e89267] [http-nio-8081-exec-10] c.p.u.controller.CategoryController : Get categories request
2026-03-04 18:49:22 INFO  [69a80022bb30e291f5a9e40e92e89267] [http-nio-8081-exec-10] c.p.u.service.CategoryService : Fetching categories from database
2026-03-04 18:50:55 INFO  [69a8007f91d61cf7c231b169415a73dc] [http-nio-8081-exec-1] c.p.u.controller.CategoryController : Get categories request
2026-03-04 18:50:55 INFO  [69a8007f91d61cf7c231b169415a73dc] [http-nio-8081-exec-1] c.p.u.service.CategoryService : Fetching categories from database
2026-03-04 18:50:56 INFO  [69a80080a78b8cad033014598c0c5187] [http-nio-8081-exec-2] c.p.u.controller.CategoryController : Get categories request
2026-03-04 18:50:56 INFO  [69a80080a78b8cad033014598c0c5187] [http-nio-8081-exec-2] c.p.u.service.CategoryService : Fetching categories from database
2026-03-04 18:50:58 INFO  [69a800822190f0967d46647fe781afb8] [http-nio-8081-exec-4] c.p.u.controller.CategoryController : Get categories request
2026-03-04 18:50:58 INFO  [69a800822190f0967d46647fe781afb8] [http-nio-8081-exec-4] c.p.u.service.CategoryService : Fetching categories from database
2026-03-04 18:50:59 INFO  [69a8008373800de472ca9c89fbfba02b] [http-nio-8081-exec-3] c.p.u.controller.CategoryController : Get categories request
2026-03-04 18:50:59 INFO  [69a8008373800de472ca9c89fbfba02b] [http-nio-8081-exec-3] c.p.u.service.CategoryService : Fetching categories from database
2026-03-04 18:51:02 INFO  [69a80086bbaa53d66bab4a538b4035de] [http-nio-8081-exec-5] c.p.u.controller.CategoryController : Get categories request
2026-03-04 18:51:02 INFO  [69a80086bbaa53d66bab4a538b4035de] [http-nio-8081-exec-5] c.p.u.service.CategoryService : Fetching categories from database
2026-03-04 18:51:07 INFO  [69a8008b74ea55c1a95b411561aa384f] [http-nio-8081-exec-6] c.p.u.controller.CategoryController : Get categories request
2026-03-04 18:51:08 INFO  [69a8008b74ea55c1a95b411561aa384f] [http-nio-8081-exec-6] c.p.u.service.CategoryService : Fetching categories from database
2026-03-04 18:51:40 INFO  [69a800ac19079812fd2cc1fc8ebeca80] [http-nio-8081-exec-7] c.p.u.controller.CategoryController : Get categories request
2026-03-04 18:51:40 INFO  [69a800ac19079812fd2cc1fc8ebeca80] [http-nio-8081-exec-7] c.p.u.service.CategoryService : Fetching categories from database
2026-03-04 18:51:48 INFO  [69a800b4481b29434848f604cd26b761] [http-nio-8081-exec-8] c.p.u.controller.CategoryController : Get categories request
2026-03-04 18:51:48 INFO  [69a800b4481b29434848f604cd26b761] [http-nio-8081-exec-8] c.p.u.service.CategoryService : Fetching categories from database
2026-03-04 18:52:14 INFO  [69a800ce6e4e7d4f41ce762b2f078e85] [http-nio-8081-exec-10] c.p.u.controller.CategoryController : Get categories request
2026-03-04 18:52:14 INFO  [69a800ce6e4e7d4f41ce762b2f078e85] [http-nio-8081-exec-10] c.p.u.service.CategoryService : Fetching categories from database
2026-03-04 18:52:15 INFO  [69a800cfc283762a54e5b58e73099a32] [http-nio-8081-exec-9] c.p.u.controller.CategoryController : Get categories request
2026-03-04 18:52:15 INFO  [69a800cfc283762a54e5b58e73099a32] [http-nio-8081-exec-9] c.p.u.service.CategoryService : Fetching categories from database
2026-03-04 18:52:18 INFO  [69a800d2d0d15000ff709b45f35dc94f] [http-nio-8081-exec-1] c.p.u.controller.CategoryController : Get categories request
2026-03-04 18:52:18 INFO  [69a800d2d0d15000ff709b45f35dc94f] [http-nio-8081-exec-1] c.p.u.service.CategoryService : Fetching categories from database
2026-03-04 18:52:24 INFO  [69a800d8122730d56ee1651d70475f10] [http-nio-8081-exec-2] c.p.u.controller.CategoryController : Get categories request
2026-03-04 18:52:24 INFO  [69a800d8122730d56ee1651d70475f10] [http-nio-8081-exec-2] c.p.u.service.CategoryService : Fetching categories from database
2026-03-04 18:53:51 INFO  [69a8012fcf1870586e11d53d1412e13a] [http-nio-8081-exec-3] c.p.u.controller.CategoryController : Get categories request
2026-03-04 18:53:51 INFO  [69a8012fcf1870586e11d53d1412e13a] [http-nio-8081-exec-3] c.p.u.service.CategoryService : Fetching categories from database
2026-03-04 18:53:54 INFO  [69a80132b693a61c6a74d1be4ca97230] [http-nio-8081-exec-5] c.p.u.controller.CategoryController : Get categories request
2026-03-04 18:53:54 INFO  [69a80132b693a61c6a74d1be4ca97230] [http-nio-8081-exec-5] c.p.u.service.CategoryService : Fetching categories from database
2026-03-04 18:53:55 INFO  [69a801333e01f63b5070f76c11ae5676] [http-nio-8081-exec-6] c.p.u.controller.CategoryController : Get categories request
2026-03-04 18:53:55 INFO  [69a801333e01f63b5070f76c11ae5676] [http-nio-8081-exec-6] c.p.u.service.CategoryService : Fetching categories from database
2026-03-04 18:53:59 INFO  [69a80137684938fa02002a401e4c9d55] [http-nio-8081-exec-7] c.p.u.controller.CategoryController : Get categories request
2026-03-04 18:53:59 INFO  [69a80137684938fa02002a401e4c9d55] [http-nio-8081-exec-7] c.p.u.service.CategoryService : Fetching categories from database
2026-03-04 18:54:02 INFO  [69a8013a2d57de549b80abe57a7d8d65] [http-nio-8081-exec-8] c.p.u.controller.CategoryController : Get categories request
2026-03-04 18:54:02 INFO  [69a8013a2d57de549b80abe57a7d8d65] [http-nio-8081-exec-8] c.p.u.service.CategoryService : Fetching categories from database
2026-03-04 18:54:40 INFO  [69a80160eea7ce79a6b5fc28f4c03f64] [http-nio-8081-exec-10] c.p.u.controller.CategoryController : Get categories request
2026-03-04 18:54:40 INFO  [69a80160eea7ce79a6b5fc28f4c03f64] [http-nio-8081-exec-10] c.p.u.service.CategoryService : Fetching categories from database
2026-03-04 18:56:34 INFO  [69a801d254fea7458413366d62583682] [http-nio-8081-exec-1] c.p.u.controller.CategoryController : Get categories request
2026-03-04 18:56:34 INFO  [69a801d254fea7458413366d62583682] [http-nio-8081-exec-1] c.p.u.service.CategoryService : Fetching categories from database
2026-03-04 18:58:44 INFO  [69a80254bc4ac31d9bd21d7a02236e1c] [http-nio-8081-exec-4] c.p.u.controller.CategoryController : Get categories request
2026-03-04 18:58:44 INFO  [69a80254bc4ac31d9bd21d7a02236e1c] [http-nio-8081-exec-4] c.p.u.service.CategoryService : Fetching categories from database
2026-03-04 18:58:47 INFO  [69a8025738877628209b1a8a02f21610] [http-nio-8081-exec-3] c.p.u.controller.CategoryController : Get categories request
2026-03-04 18:58:47 INFO  [69a8025738877628209b1a8a02f21610] [http-nio-8081-exec-3] c.p.u.service.CategoryService : Fetching categories from database
2026-03-04 18:58:50 INFO  [69a8025a3d15db24c0037cff8e0a124d] [http-nio-8081-exec-5] c.p.u.controller.CategoryController : Get categories request
2026-03-04 18:58:50 INFO  [69a8025a3d15db24c0037cff8e0a124d] [http-nio-8081-exec-5] c.p.u.service.CategoryService : Fetching categories from database
2026-03-04 18:58:54 INFO  [69a8025ee7ab18b4cb8fb91b0ad46018] [http-nio-8081-exec-6] c.p.u.controller.CategoryController : Get categories request
2026-03-04 18:58:54 INFO  [69a8025ee7ab18b4cb8fb91b0ad46018] [http-nio-8081-exec-6] c.p.u.service.CategoryService : Fetching categories from database
2026-03-04 18:58:59 INFO  [69a80263a9810915689a3ac3acc75797] [http-nio-8081-exec-7] c.p.u.controller.CategoryController : Get categories request
2026-03-04 18:58:59 INFO  [69a80263a9810915689a3ac3acc75797] [http-nio-8081-exec-7] c.p.u.service.CategoryService : Fetching categories from database
2026-03-04 18:59:02 INFO  [69a80266974a73e9ada7775cd42f83b3] [http-nio-8081-exec-8] c.p.u.controller.CategoryController : Get categories request
2026-03-04 18:59:02 INFO  [69a80266974a73e9ada7775cd42f83b3] [http-nio-8081-exec-8] c.p.u.service.CategoryService : Fetching categories from database
2026-03-04 18:59:05 INFO  [69a802690248ce921aef54f1ef80c8c8] [http-nio-8081-exec-10] c.p.u.controller.CategoryController : Get categories request
2026-03-04 18:59:05 INFO  [69a802690248ce921aef54f1ef80c8c8] [http-nio-8081-exec-10] c.p.u.service.CategoryService : Fetching categories from database
2026-03-04 18:59:09 INFO  [69a8026d6ecb1a573891db3a301751ab] [http-nio-8081-exec-9] c.p.u.controller.CategoryController : Get categories request
2026-03-04 18:59:09 INFO  [69a8026d6ecb1a573891db3a301751ab] [http-nio-8081-exec-9] c.p.u.service.CategoryService : Fetching categories from database
2026-03-04 18:59:18 INFO  [69a802760b2f3de2526935b2b03c0321] [http-nio-8081-exec-1] c.p.u.controller.CategoryController : Get categories request
2026-03-04 18:59:18 INFO  [69a802760b2f3de2526935b2b03c0321] [http-nio-8081-exec-1] c.p.u.service.CategoryService : Fetching categories from database
2026-03-04 19:00:30 INFO  [69a802be8fb80ae20ab44eb450003ac1] [http-nio-8081-exec-4] c.p.u.controller.CategoryController : Get categories request
2026-03-04 19:00:30 INFO  [69a802be8fb80ae20ab44eb450003ac1] [http-nio-8081-exec-4] c.p.u.service.CategoryService : Fetching categories from database
2026-03-04 19:00:32 INFO  [69a802c019993c769508a46952785a4b] [http-nio-8081-exec-3] c.p.u.controller.CategoryController : Get categories request
2026-03-04 19:00:32 INFO  [69a802c019993c769508a46952785a4b] [http-nio-8081-exec-3] c.p.u.service.CategoryService : Fetching categories from database
2026-03-04 19:00:34 INFO  [69a802c2170b95311981859b93144982] [http-nio-8081-exec-5] c.p.u.controller.CategoryController : Get categories request
2026-03-04 19:00:34 INFO  [69a802c2170b95311981859b93144982] [http-nio-8081-exec-5] c.p.u.service.CategoryService : Fetching categories from database
2026-03-04 19:00:36 INFO  [69a802c4ab46d2acd921b9536bec409a] [http-nio-8081-exec-6] c.p.u.controller.CategoryController : Get categories request
2026-03-04 19:00:36 INFO  [69a802c4ab46d2acd921b9536bec409a] [http-nio-8081-exec-6] c.p.u.service.CategoryService : Fetching categories from database
2026-03-04 19:01:08 INFO  [69a802e46f81e2a23425165a02eb8478] [http-nio-8081-exec-7] c.p.u.controller.CategoryController : Get categories request
2026-03-04 19:01:08 INFO  [69a802e46f81e2a23425165a02eb8478] [http-nio-8081-exec-7] c.p.u.service.CategoryService : Fetching categories from database
2026-03-04 19:01:15 INFO  [69a802ebbc9e6f984736c538214c3813] [http-nio-8081-exec-8] c.p.u.controller.CategoryController : Get categories request
2026-03-04 19:01:15 INFO  [69a802ebbc9e6f984736c538214c3813] [http-nio-8081-exec-8] c.p.u.service.CategoryService : Fetching categories from database
2026-03-04 19:01:39 INFO  [69a80303904827130e9c976b9ec272ba] [http-nio-8081-exec-10] c.p.u.controller.CategoryController : Get categories request
2026-03-04 19:01:39 INFO  [69a80303904827130e9c976b9ec272ba] [http-nio-8081-exec-10] c.p.u.service.CategoryService : Fetching categories from database
2026-03-04 19:01:42 INFO  [69a803067ce5acabf1f5445f50675331] [http-nio-8081-exec-9] c.p.u.controller.CategoryController : Get categories request
2026-03-04 19:01:42 INFO  [69a803067ce5acabf1f5445f50675331] [http-nio-8081-exec-9] c.p.u.service.CategoryService : Fetching categories from database
2026-03-04 19:01:45 INFO  [69a803098ffaf1c54529967bb525429c] [http-nio-8081-exec-1] c.p.u.controller.CategoryController : Get categories request
2026-03-04 19:01:45 INFO  [69a803098ffaf1c54529967bb525429c] [http-nio-8081-exec-1] c.p.u.service.CategoryService : Fetching categories from database
2026-03-04 19:01:49 INFO  [69a8030dba57651073af2b36b90cd815] [http-nio-8081-exec-2] c.p.u.controller.CategoryController : Get categories request
2026-03-04 19:01:49 INFO  [69a8030dba57651073af2b36b90cd815] [http-nio-8081-exec-2] c.p.u.service.CategoryService : Fetching categories from database
2026-03-04 19:01:52 INFO  [69a803105a243d872fffd20adbefe219] [http-nio-8081-exec-4] c.p.u.controller.CategoryController : Get categories request
2026-03-04 19:01:52 INFO  [69a803105a243d872fffd20adbefe219] [http-nio-8081-exec-4] c.p.u.service.CategoryService : Fetching categories from database
2026-03-04 19:01:55 INFO  [69a80313de0e7499c30590073ccb1166] [http-nio-8081-exec-3] c.p.u.controller.CategoryController : Get categories request
2026-03-04 19:01:55 INFO  [69a80313de0e7499c30590073ccb1166] [http-nio-8081-exec-3] c.p.u.service.CategoryService : Fetching categories from database
2026-03-04 19:03:54 INFO  [69a8038a39160dfc5a59cedbf670363d] [http-nio-8081-exec-6] c.p.u.controller.CategoryController : Get categories request
2026-03-04 19:03:54 INFO  [69a8038a39160dfc5a59cedbf670363d] [http-nio-8081-exec-6] c.p.u.service.CategoryService : Fetching categories from database
2026-03-04 19:03:57 INFO  [69a8038db899a81eae7521a9aef6a470] [http-nio-8081-exec-7] c.p.u.controller.CategoryController : Get categories request
2026-03-04 19:03:57 INFO  [69a8038db899a81eae7521a9aef6a470] [http-nio-8081-exec-7] c.p.u.service.CategoryService : Fetching categories from database
2026-03-04 19:04:00 INFO  [69a80390e555721dfcb97815805c907a] [http-nio-8081-exec-8] c.p.u.controller.CategoryController : Get categories request
2026-03-04 19:04:00 INFO  [69a80390e555721dfcb97815805c907a] [http-nio-8081-exec-8] c.p.u.service.CategoryService : Fetching categories from database
2026-03-04 19:04:02 INFO  [69a80392bb6d09f95e38033947378f86] [http-nio-8081-exec-10] c.p.u.controller.CategoryController : Get categories request
2026-03-04 19:04:02 INFO  [69a80392bb6d09f95e38033947378f86] [http-nio-8081-exec-10] c.p.u.service.CategoryService : Fetching categories from database
2026-03-04 19:09:28 INFO  [69a804d84326423908b7e7058c17bfff] [http-nio-8081-exec-1] c.p.u.controller.CategoryController : Get categories request
2026-03-04 19:09:28 INFO  [69a804d84326423908b7e7058c17bfff] [http-nio-8081-exec-1] c.p.u.service.CategoryService : Fetching categories from database
2026-03-04 19:09:46 INFO  [69a804ea3decbd5ef8015b2fd692bd15] [http-nio-8081-exec-2] c.p.u.controller.CategoryController : Get categories request
2026-03-04 19:09:46 INFO  [69a804ea3decbd5ef8015b2fd692bd15] [http-nio-8081-exec-2] c.p.u.service.CategoryService : Fetching categories from database
2026-03-04 19:13:28 INFO  [69a805c8747f25478abf2cba67596f1d] [http-nio-8081-exec-3] c.p.u.controller.UserController : Get profile request: anonymousUser
2026-03-04 19:13:30 INFO  [69a805ca49affb46c70752d524e9dddb] [http-nio-8081-exec-5] c.p.u.controller.CategoryController : Get categories request
2026-03-04 19:13:30 INFO  [69a805ca49affb46c70752d524e9dddb] [http-nio-8081-exec-5] c.p.u.service.CategoryService : Fetching categories from database
2026-03-04 19:25:27 INFO  [69a80897c240bff58efeb96c487e6cf6] [http-nio-8081-exec-7] c.p.u.controller.CategoryController : Get categories request
2026-03-04 19:25:27 INFO  [69a80897c240bff58efeb96c487e6cf6] [http-nio-8081-exec-7] c.p.u.service.CategoryService : Fetching categories from database
2026-03-04 19:28:37 INFO  [69a80955ae62d24144ce86ea9accba90] [http-nio-8081-exec-10] c.p.u.controller.CategoryController : Get categories request
2026-03-04 19:28:37 INFO  [69a80955ae62d24144ce86ea9accba90] [http-nio-8081-exec-10] c.p.u.service.CategoryService : Fetching categories from database
2026-03-04 19:31:03 INFO  [69a809e72fe15436e51ee3da4d45e00d] [http-nio-8081-exec-1] c.p.u.controller.CategoryController : Get categories request
2026-03-04 19:31:03 INFO  [69a809e72fe15436e51ee3da4d45e00d] [http-nio-8081-exec-1] c.p.u.service.CategoryService : Fetching categories from database
2026-03-04 19:31:07 INFO  [69a809eb7aac0a50fe6d0350392ae40d] [http-nio-8081-exec-2] c.p.u.controller.CategoryController : Get categories request
2026-03-04 19:31:07 INFO  [69a809eb7aac0a50fe6d0350392ae40d] [http-nio-8081-exec-2] c.p.u.service.CategoryService : Fetching categories from database
2026-03-04 19:35:00 INFO  [69a80ad400c2695f3d35d616dfe0b70a] [http-nio-8081-exec-3] c.p.u.controller.CategoryController : Get categories request
2026-03-04 19:35:00 INFO  [69a80ad400c2695f3d35d616dfe0b70a] [http-nio-8081-exec-3] c.p.u.service.CategoryService : Fetching categories from database
2026-03-04 19:35:15 INFO  [69a80ae3341c9853c40bd18877d990db] [http-nio-8081-exec-5] c.p.u.controller.CategoryController : Get categories request
2026-03-04 19:35:15 INFO  [69a80ae3341c9853c40bd18877d990db] [http-nio-8081-exec-5] c.p.u.service.CategoryService : Fetching categories from database
2026-03-04 19:38:13 INFO  [69a80b95b872181ca1f8732da466211c] [http-nio-8081-exec-7] c.p.u.controller.CategoryController : Get categories request
2026-03-04 19:38:13 INFO  [69a80b95b872181ca1f8732da466211c] [http-nio-8081-exec-7] c.p.u.service.CategoryService : Fetching categories from database
2026-03-04 19:38:40 INFO  [69a80bb0b11de4c4cb54df8855348964] [http-nio-8081-exec-8] c.p.u.controller.CategoryController : Get categories request
2026-03-04 19:38:40 INFO  [69a80bb0b11de4c4cb54df8855348964] [http-nio-8081-exec-8] c.p.u.service.CategoryService : Fetching categories from database
2026-03-04 19:39:54 INFO  [69a80bfaeef708c852fa78bf5b5fe17c] [http-nio-8081-exec-4] c.p.u.controller.AuthController : Login request
2026-03-04 19:39:54 INFO  [69a80bfa46e25f7399a75686c9752a6e] [http-nio-8081-exec-2] c.p.u.controller.AuthController : Login request
2026-03-04 19:39:54 INFO  [69a80bfaeef708c852fa78bf5b5fe17c] [http-nio-8081-exec-4] c.p.u.security.CognitoService : Local profile detected - skipping Cognito validation, returning dummy user
2026-03-04 19:39:54 INFO  [69a80bfa46e25f7399a75686c9752a6e] [http-nio-8081-exec-2] c.p.u.security.CognitoService : Local profile detected - skipping Cognito validation, returning dummy user
2026-03-04 19:39:55 INFO  [69a80bfbbd0420e9296375f26312531e] [http-nio-8081-exec-3] c.p.u.controller.CategoryController : Get categories request
2026-03-04 19:39:55 INFO  [69a80bfbbd0420e9296375f26312531e] [http-nio-8081-exec-3] c.p.u.service.CategoryService : Fetching categories from database
2026-03-04 19:40:01 INFO  [69a80c0197a570defbd01bd0d03e9930] [http-nio-8081-exec-5] c.p.u.controller.CategoryController : Get categories request
2026-03-04 19:40:01 INFO  [69a80c0197a570defbd01bd0d03e9930] [http-nio-8081-exec-5] c.p.u.service.CategoryService : Fetching categories from database
2026-03-04 19:40:04 INFO  [69a80c04caaa46a399eb0e0c1412e1e8] [http-nio-8081-exec-10] c.p.u.controller.AuthController : Login request
2026-03-04 19:40:04 INFO  [69a80c04bdcf9ae3c8079f435488c86c] [http-nio-8081-exec-8] c.p.u.controller.AuthController : Login request
2026-03-04 19:40:04 INFO  [69a80c04caaa46a399eb0e0c1412e1e8] [http-nio-8081-exec-10] c.p.u.security.CognitoService : Local profile detected - skipping Cognito validation, returning dummy user
2026-03-04 19:40:04 INFO  [69a80c04bdcf9ae3c8079f435488c86c] [http-nio-8081-exec-8] c.p.u.security.CognitoService : Local profile detected - skipping Cognito validation, returning dummy user
2026-03-04 19:40:04 INFO  [69a80c04ff5bf33e21a2c440d7477ef9] [http-nio-8081-exec-1] c.p.u.controller.CategoryController : Get categories request
2026-03-04 19:40:04 INFO  [69a80c04ff5bf33e21a2c440d7477ef9] [http-nio-8081-exec-1] c.p.u.service.CategoryService : Fetching categories from database
2026-03-04 19:40:08 INFO  [69a80c0848491436d0629301053fdc38] [http-nio-8081-exec-9] c.p.u.controller.CategoryController : Get categories request
2026-03-04 19:40:08 INFO  [69a80c0848491436d0629301053fdc38] [http-nio-8081-exec-9] c.p.u.service.CategoryService : Fetching categories from database
2026-03-04 19:40:10 INFO  [69a80c0acce927ea798a3b61bc343817] [http-nio-8081-exec-5] c.p.u.controller.AuthController : Login request
2026-03-04 19:40:10 INFO  [69a80c0aad41f58c02bc100608f0cbce] [http-nio-8081-exec-3] c.p.u.controller.AuthController : Login request
2026-03-04 19:40:10 INFO  [69a80c0acce927ea798a3b61bc343817] [http-nio-8081-exec-5] c.p.u.security.CognitoService : Local profile detected - skipping Cognito validation, returning dummy user
2026-03-04 19:40:10 INFO  [69a80c0aad41f58c02bc100608f0cbce] [http-nio-8081-exec-3] c.p.u.security.CognitoService : Local profile detected - skipping Cognito validation, returning dummy user
2026-03-04 19:40:10 INFO  [69a80c0a903432b8a9f9e52b5d08bf04] [http-nio-8081-exec-6] c.p.u.controller.CategoryController : Get categories request
2026-03-04 19:40:10 INFO  [69a80c0a903432b8a9f9e52b5d08bf04] [http-nio-8081-exec-6] c.p.u.service.CategoryService : Fetching categories from database
2026-03-04 19:42:00 INFO  [69a80c783377d154c6b2260212ee0d57] [http-nio-8081-exec-8] c.p.u.controller.CategoryController : Get categories request
2026-03-04 19:42:00 INFO  [69a80c783377d154c6b2260212ee0d57] [http-nio-8081-exec-8] c.p.u.service.CategoryService : Fetching categories from database
2026-03-04 19:42:06 INFO  [69a80c7e37fa78999df5e0f184f97802] [http-nio-8081-exec-4] c.p.u.controller.AuthController : Login request
2026-03-04 19:42:06 INFO  [69a80c7e37fa78999df5e0f184f97802] [http-nio-8081-exec-4] c.p.u.security.CognitoService : Local profile detected - skipping Cognito validation, returning dummy user
2026-03-04 19:42:06 INFO  [69a80c7e0f253fea7f9b1e2ec29eaab1] [http-nio-8081-exec-3] c.p.u.controller.AuthController : Login request
2026-03-04 19:42:06 INFO  [69a80c7e0f253fea7f9b1e2ec29eaab1] [http-nio-8081-exec-3] c.p.u.security.CognitoService : Local profile detected - skipping Cognito validation, returning dummy user
2026-03-04 19:42:06 INFO  [69a80c7e6b6e63819f84452af3c2c7cb] [http-nio-8081-exec-5] c.p.u.controller.AuthController : Login request
2026-03-04 19:42:06 INFO  [69a80c7e6b6e63819f84452af3c2c7cb] [http-nio-8081-exec-5] c.p.u.security.CognitoService : Local profile detected - skipping Cognito validation, returning dummy user
2026-03-04 19:42:07 INFO  [69a80c7f7defefe0d8dca9d96e9d9764] [http-nio-8081-exec-6] c.p.u.controller.CategoryController : Get categories request
2026-03-04 19:42:07 INFO  [69a80c7f7defefe0d8dca9d96e9d9764] [http-nio-8081-exec-6] c.p.u.service.CategoryService : Fetching categories from database
2026-03-04 19:47:48 INFO  [] [background-preinit] o.h.validator.internal.util.Version : HV000001: Hibernate Validator 8.0.2.Final
2026-03-04 19:47:48 INFO  [] [main] c.p.b.PlanitBaseTemplateApplication : Starting PlanitBaseTemplateApplication using Java 17.0.18 with PID 17420 (C:\barumi\PlanIt-User-svc\build\classes\java\main started by DS23 in C:\barumi\PlanIt-User-svc)
2026-03-04 19:47:48 INFO  [] [main] c.p.b.PlanitBaseTemplateApplication : The following 1 profile is active: "local-no-redis"
2026-03-04 19:47:48 INFO  [] [main] o.s.d.r.c.RepositoryConfigurationDelegate : Multiple Spring Data modules found, entering strict repository configuration mode
2026-03-04 19:47:48 INFO  [] [main] o.s.d.r.c.RepositoryConfigurationDelegate : Bootstrapping Spring Data JPA repositories in DEFAULT mode.
2026-03-04 19:47:49 INFO  [] [main] o.s.d.r.c.RepositoryConfigurationDelegate : Finished Spring Data repository scanning in 139 ms. Found 6 JPA repository interfaces.
2026-03-04 19:47:49 INFO  [] [main] o.s.d.r.c.RepositoryConfigurationDelegate : Multiple Spring Data modules found, entering strict repository configuration mode
2026-03-04 19:47:49 INFO  [] [main] o.s.d.r.c.RepositoryConfigurationDelegate : Bootstrapping Spring Data Redis repositories in DEFAULT mode.
2026-03-04 19:47:49 INFO  [] [main] o.s.d.r.c.RepositoryConfigurationDelegate : Finished Spring Data repository scanning in 2 ms. Found 0 Redis repository interfaces.
2026-03-04 19:47:50 INFO  [] [main] o.s.b.w.e.tomcat.TomcatWebServer : Tomcat initialized with port 8081 (http)
2026-03-04 19:47:50 INFO  [] [main] o.a.coyote.http11.Http11NioProtocol : Initializing ProtocolHandler ["http-nio-8081"]
2026-03-04 19:47:50 INFO  [] [main] o.a.catalina.core.StandardService : Starting service [Tomcat]
2026-03-04 19:47:50 INFO  [] [main] o.a.catalina.core.StandardEngine : Starting Servlet engine: [Apache Tomcat/10.1.36]
2026-03-04 19:47:50 INFO  [] [main] o.a.c.c.C.[Tomcat].[localhost].[/] : Initializing Spring embedded WebApplicationContext
2026-03-04 19:47:50 INFO  [] [main] o.s.b.w.s.c.ServletWebServerApplicationContext : Root WebApplicationContext: initialization completed in 2031 ms
2026-03-04 19:47:50 INFO  [] [main] o.h.jpa.internal.util.LogHelper : HHH000204: Processing PersistenceUnitInfo [name: default]
2026-03-04 19:47:50 INFO  [] [main] org.hibernate.Version : HHH000412: Hibernate ORM core version 6.6.8.Final
2026-03-04 19:47:50 INFO  [] [main] o.h.c.i.RegionFactoryInitiator : HHH000026: Second-level cache disabled
2026-03-04 19:47:50 INFO  [] [main] o.s.o.j.p.SpringPersistenceUnitInfo : No LoadTimeWeaver setup: ignoring JPA class transformer
2026-03-04 19:47:50 INFO  [] [main] com.zaxxer.hikari.HikariDataSource : HikariPool-1 - Starting...
2026-03-04 19:47:50 INFO  [] [main] com.zaxxer.hikari.pool.HikariPool : HikariPool-1 - Added connection org.mariadb.jdbc.Connection@6ffa8126
2026-03-04 19:47:50 INFO  [] [main] com.zaxxer.hikari.HikariDataSource : HikariPool-1 - Start completed.
2026-03-04 19:47:50 INFO  [] [main] o.hibernate.orm.connections.pooling : HHH10001005: Database info:
	Database JDBC URL [Connecting through datasource 'HikariDataSource (HikariPool-1)']
	Database driver: undefined/unknown
	Database version: 11.8.3
	Autocommit mode: undefined/unknown
	Isolation level: undefined/unknown
	Minimum pool size: undefined/unknown
	Maximum pool size: undefined/unknown
2026-03-04 19:47:51 INFO  [] [main] o.h.e.t.j.p.i.JtaPlatformInitiator : HHH000489: No JTA platform available (set 'hibernate.transaction.jta.platform' to enable JTA platform integration)
2026-03-04 19:47:51 INFO  [] [main] o.s.o.j.LocalContainerEntityManagerFactoryBean : Initialized JPA EntityManagerFactory for persistence unit 'default'
2026-03-04 19:47:52 INFO  [] [main] o.s.d.j.r.query.QueryEnhancerFactory : Hibernate is in classpath; If applicable, HQL parser will be used.
2026-03-04 19:47:53 WARN  [] [main] o.s.b.a.o.j.JpaBaseConfiguration$JpaWebConfiguration : spring.jpa.open-in-view is enabled by default. Therefore, database queries may be performed during view rendering. Explicitly configure spring.jpa.open-in-view to disable this warning
2026-03-04 19:47:53 INFO  [] [main] o.s.s.c.a.a.c.InitializeUserDetailsBeanManagerConfigurer$InitializeUserDetailsManagerConfigurer : Global AuthenticationManager configured with UserDetailsService bean with name inMemoryUserDetailsManager
2026-03-04 19:47:53 INFO  [] [main] n.d.b.g.c.a.GrpcClientAutoConfiguration : Detected grpc-netty-shaded: Creating ShadedNettyChannelFactory + InProcessChannelFactory
2026-03-04 19:47:54 INFO  [] [main] o.s.b.a.e.web.EndpointLinksResolver : Exposing 2 endpoints beneath base path '/api/v1/users/actuator'
2026-03-04 19:47:54 INFO  [] [main] n.d.b.g.s.a.GrpcServerFactoryAutoConfiguration : Detected grpc-netty-shaded: Creating ShadedNettyGrpcServerFactory
2026-03-04 19:47:54 INFO  [] [main] o.a.coyote.http11.Http11NioProtocol : Starting ProtocolHandler ["http-nio-8081"]
2026-03-04 19:47:54 INFO  [] [main] o.s.b.w.e.tomcat.TomcatWebServer : Tomcat started on port 8081 (http) with context path '/'
2026-03-04 19:47:54 INFO  [] [main] n.d.b.g.s.s.AbstractGrpcServerFactory : Registered gRPC service: BaseTestGrpcService, bean: baseGrpcController, class: com.planit.basetemplate.grpc.BaseGrpcController
2026-03-04 19:47:54 INFO  [] [main] n.d.b.g.s.s.AbstractGrpcServerFactory : Registered gRPC service: grpc.health.v1.Health, bean: grpcHealthService, class: io.grpc.protobuf.services.HealthServiceImpl
2026-03-04 19:47:54 INFO  [] [main] n.d.b.g.s.s.AbstractGrpcServerFactory : Registered gRPC service: grpc.reflection.v1alpha.ServerReflection, bean: protoReflectionService, class: io.grpc.protobuf.services.ProtoReflectionService
2026-03-04 19:47:54 INFO  [] [main] n.d.b.g.s.s.GrpcServerLifecycle : gRPC Server started, listening on address: *, port: 9090
2026-03-04 19:47:54 INFO  [] [main] c.p.b.PlanitBaseTemplateApplication : Started PlanitBaseTemplateApplication in 7.345 seconds (process running for 7.9)
2026-03-04 19:52:19 INFO  [] [http-nio-8081-exec-1] o.a.c.c.C.[Tomcat].[localhost].[/] : Initializing Spring DispatcherServlet 'dispatcherServlet'
2026-03-04 19:52:19 INFO  [] [http-nio-8081-exec-1] o.s.web.servlet.DispatcherServlet : Initializing Servlet 'dispatcherServlet'
2026-03-04 19:52:19 INFO  [] [http-nio-8081-exec-1] o.s.web.servlet.DispatcherServlet : Completed initialization in 2 ms
2026-03-04 19:52:19 INFO  [69a80ee316814fb67226801066e22a0a] [http-nio-8081-exec-1] c.p.u.controller.AuthController : Login request
2026-03-04 19:52:19 INFO  [69a80ee316814fb67226801066e22a0a] [http-nio-8081-exec-1] c.p.u.security.CognitoService : Local profile detected - skipping Cognito validation, returning dummy user
2026-03-04 19:55:16 INFO  [69a80f94d319c60f0bd0ca184588c9d9] [http-nio-8081-exec-2] c.p.u.controller.CategoryController : Get categories request
2026-03-04 19:55:16 INFO  [69a80f94d319c60f0bd0ca184588c9d9] [http-nio-8081-exec-2] c.p.u.service.CategoryService : Fetching categories from database
2026-03-04 19:55:19 INFO  [69a80f97d37768392191ddcd11305dae] [http-nio-8081-exec-8] c.p.u.controller.AuthController : Login request
2026-03-04 19:55:19 INFO  [69a80f97a6aa98ee42c25a42be4f80e9] [http-nio-8081-exec-6] c.p.u.controller.AuthController : Login request
2026-03-04 19:55:19 INFO  [69a80f97a6aa98ee42c25a42be4f80e9] [http-nio-8081-exec-6] c.p.u.security.CognitoService : Local profile detected - skipping Cognito validation, returning dummy user
2026-03-04 19:55:19 INFO  [69a80f97d37768392191ddcd11305dae] [http-nio-8081-exec-8] c.p.u.security.CognitoService : Local profile detected - skipping Cognito validation, returning dummy user
2026-03-04 19:55:19 INFO  [69a80f97d8d237acc9fc72a077b19d22] [http-nio-8081-exec-7] c.p.u.controller.CategoryController : Get categories request
2026-03-04 19:55:19 INFO  [69a80f97d8d237acc9fc72a077b19d22] [http-nio-8081-exec-7] c.p.u.service.CategoryService : Fetching categories from database
2026-03-04 19:55:23 INFO  [69a80f9b18406a0d6c5dd73cc2b5d09b] [http-nio-8081-exec-1] c.p.u.controller.AuthController : Login request
2026-03-04 19:55:23 INFO  [69a80f9bc9f455ea0cdfa55b501cdb5b] [http-nio-8081-exec-3] c.p.u.controller.AuthController : Login request
2026-03-04 19:55:23 INFO  [69a80f9b18406a0d6c5dd73cc2b5d09b] [http-nio-8081-exec-1] c.p.u.security.CognitoService : Local profile detected - skipping Cognito validation, returning dummy user
2026-03-04 19:55:23 INFO  [69a80f9bc9f455ea0cdfa55b501cdb5b] [http-nio-8081-exec-3] c.p.u.security.CognitoService : Local profile detected - skipping Cognito validation, returning dummy user
2026-03-04 19:55:24 INFO  [69a80f9c89eb31b1b7c6d03e60bc5eea] [http-nio-8081-exec-2] c.p.u.controller.CategoryController : Get categories request
2026-03-04 19:55:24 INFO  [69a80f9c89eb31b1b7c6d03e60bc5eea] [http-nio-8081-exec-2] c.p.u.service.CategoryService : Fetching categories from database
2026-03-04 19:58:07 INFO  [69a8103f532d45b4d7ce05e939413757] [http-nio-8081-exec-6] c.p.u.controller.CategoryController : Get categories request
2026-03-04 19:58:07 INFO  [69a8103f532d45b4d7ce05e939413757] [http-nio-8081-exec-6] c.p.u.service.CategoryService : Fetching categories from database
2026-03-04 19:58:12 INFO  [69a81044c5a2043ead71f40498e1fd7c] [http-nio-8081-exec-8] c.p.u.controller.CategoryController : Get categories request
2026-03-04 19:58:12 INFO  [69a81044c5a2043ead71f40498e1fd7c] [http-nio-8081-exec-8] c.p.u.service.CategoryService : Fetching categories from database
2026-03-04 19:58:18 INFO  [69a8104a998c252e637fd9e2f2bd2550] [http-nio-8081-exec-3] c.p.u.controller.AuthController : Login request
2026-03-04 19:58:18 INFO  [69a8104a998c252e637fd9e2f2bd2550] [http-nio-8081-exec-3] c.p.u.security.CognitoService : Local profile detected - skipping Cognito validation, returning dummy user
2026-03-04 19:58:18 INFO  [69a8104a2a399c636f3dd244ba5fc3b8] [http-nio-8081-exec-10] c.p.u.controller.AuthController : Login request
2026-03-04 19:58:18 INFO  [69a8104a2a399c636f3dd244ba5fc3b8] [http-nio-8081-exec-10] c.p.u.security.CognitoService : Local profile detected - skipping Cognito validation, returning dummy user
2026-03-04 19:58:18 INFO  [69a8104a0319df76dbb99d07c1086ff1] [http-nio-8081-exec-1] c.p.u.controller.CategoryController : Get categories request
2026-03-04 19:58:18 INFO  [69a8104a0319df76dbb99d07c1086ff1] [http-nio-8081-exec-1] c.p.u.service.CategoryService : Fetching categories from database
2026-03-04 19:58:29 INFO  [69a810557d29254a7b356e0f4184d26a] [http-nio-8081-exec-4] c.p.u.controller.AuthController : Signup request: 자허블
2026-03-04 19:58:29 INFO  [69a810557d29254a7b356e0f4184d26a] [http-nio-8081-exec-4] c.p.u.security.CognitoService : Local profile detected - skipping Cognito validation, returning dummy user
2026-03-04 19:58:30 WARN  [69a810557d29254a7b356e0f4184d26a] [http-nio-8081-exec-4] c.p.userservice.service.AuthService : Redis is not available, skipping refresh token storage: Unable to connect to Redis
2026-03-04 19:58:33 INFO  [69a81059ab5f4b02cc6fdf3b66c6cdd0] [http-nio-8081-exec-7] c.p.u.controller.FriendController : Get received requests: 019cb87f-ce3b-7912-8677-4025ef24d7b4
2026-03-04 19:58:33 INFO  [69a8105925ebf56bb706baa1ff52b6d3] [http-nio-8081-exec-8] c.p.u.controller.FriendController : Get friends: 019cb87f-ce3b-7912-8677-4025ef24d7b4
2026-03-04 19:58:33 WARN  [69a81059ab5f4b02cc6fdf3b66c6cdd0] [http-nio-8081-exec-7] o.s.d.w.c.SpringDataJacksonConfiguration$PageModule$WarningLoggingModifier : Serializing PageImpl instances as-is is not supported, meaning that there is no guarantee about the stability of the resulting JSON structure!
	For a stable JSON structure, please use Spring Data's PagedModel (globally via @EnableSpringDataWebSupport(pageSerializationMode = VIA_DTO))
	or Spring HATEOAS and Spring Data's PagedResourcesAssembler as documented in https://docs.spring.io/spring-data/commons/reference/repositories/core-extensions.html#core.web.pageables.

2026-03-04 19:58:36 INFO  [69a8105c7a7d403983cafbacb724a177] [http-nio-8081-exec-3] c.p.u.controller.UserController : Search users request: 싸이
2026-03-04 19:58:40 INFO  [69a8106062bed704b471e9dad07121c2] [http-nio-8081-exec-1] c.p.u.controller.UserController : Get profile request: 019cb87f-ce3b-7912-8677-4025ef24d7b4
2026-03-04 19:58:49 INFO  [69a81069b8d1d31204eb10d03e015b32] [http-nio-8081-exec-4] c.p.u.controller.AuthController : Withdraw request: 019cb87f-ce3b-7912-8677-4025ef24d7b4
2026-03-04 19:58:50 WARN  [69a81069b8d1d31204eb10d03e015b32] [http-nio-8081-exec-4] c.p.userservice.service.AuthService : Redis is not available, skipping refresh token deletion: Unable to connect to Redis
2026-03-04 19:58:50 INFO  [69a81069b8d1d31204eb10d03e015b32] [http-nio-8081-exec-4] c.p.u.security.CognitoService : Local profile detected - skipping Cognito user deletion
2026-03-04 19:58:50 INFO  [69a81069b8d1d31204eb10d03e015b32] [http-nio-8081-exec-4] c.p.userservice.service.AuthService : User withdrawn: 019cb87f-ce3b-7912-8677-4025ef24d7b4
2026-03-04 19:58:50 INFO  [69a8106a49afa5412d3ec109cb546990] [http-nio-8081-exec-5] c.p.u.controller.CategoryController : Get categories request
2026-03-04 19:58:50 INFO  [69a8106a49afa5412d3ec109cb546990] [http-nio-8081-exec-5] c.p.u.service.CategoryService : Fetching categories from database
2026-03-04 19:58:53 INFO  [69a8106d4e4ceac2a404c5fee1c3a10c] [http-nio-8081-exec-9] c.p.u.controller.AuthController : Login request
2026-03-04 19:58:53 INFO  [69a8106da95a4bfdd3431c4d702e5958] [http-nio-8081-exec-7] c.p.u.controller.AuthController : Login request
2026-03-04 19:58:53 INFO  [69a8106da95a4bfdd3431c4d702e5958] [http-nio-8081-exec-7] c.p.u.security.CognitoService : Local profile detected - skipping Cognito validation, returning dummy user
2026-03-04 19:58:53 INFO  [69a8106d4e4ceac2a404c5fee1c3a10c] [http-nio-8081-exec-9] c.p.u.security.CognitoService : Local profile detected - skipping Cognito validation, returning dummy user
2026-03-04 19:58:53 INFO  [69a8106daeaa4d3fc0be3eddb7571c87] [http-nio-8081-exec-3] c.p.u.controller.CategoryController : Get categories request
2026-03-04 19:58:53 INFO  [69a8106daeaa4d3fc0be3eddb7571c87] [http-nio-8081-exec-3] c.p.u.service.CategoryService : Fetching categories from database
2026-03-04 19:58:56 INFO  [69a81070eeb560dbea9fd02c4bf2e665] [http-nio-8081-exec-10] c.p.u.controller.CategoryController : Get categories request
2026-03-04 19:58:56 INFO  [69a81070eeb560dbea9fd02c4bf2e665] [http-nio-8081-exec-10] c.p.u.service.CategoryService : Fetching categories from database
2026-03-04 20:02:50 INFO  [69a8115a967db29ff73e7dbb7bdc6c6a] [http-nio-8081-exec-4] c.p.u.controller.CategoryController : Get categories request
2026-03-04 20:02:50 INFO  [69a8115a967db29ff73e7dbb7bdc6c6a] [http-nio-8081-exec-4] c.p.u.service.CategoryService : Fetching categories from database
2026-03-04 20:03:01 INFO  [69a81165a3388af03e582bc40a7626ba] [http-nio-8081-exec-5] c.p.u.controller.CategoryController : Get categories request
2026-03-04 20:03:01 INFO  [69a81165a3388af03e582bc40a7626ba] [http-nio-8081-exec-5] c.p.u.service.CategoryService : Fetching categories from database
2026-03-04 20:03:14 INFO  [69a811721d36768fdd82b71c919775fe] [http-nio-8081-exec-8] c.p.u.controller.CategoryController : Get categories request
2026-03-04 20:03:14 INFO  [69a811721d36768fdd82b71c919775fe] [http-nio-8081-exec-8] c.p.u.service.CategoryService : Fetching categories from database
2026-03-04 20:03:20 INFO  [69a8117830752f9cc2d91d8c5fb4cbf0] [http-nio-8081-exec-7] c.p.u.controller.AuthController : Login request
2026-03-04 20:03:20 INFO  [69a8117830752f9cc2d91d8c5fb4cbf0] [http-nio-8081-exec-7] c.p.u.security.CognitoService : Local profile detected - skipping Cognito validation, returning dummy user
2026-03-04 20:03:20 INFO  [69a81178e07a6a0117a4c5ba843c834f] [http-nio-8081-exec-10] c.p.u.controller.AuthController : Login request
2026-03-04 20:03:20 INFO  [69a811788268f82dac9762bd2aaa3592] [http-nio-8081-exec-1] c.p.u.controller.AuthController : Login request
2026-03-04 20:03:20 INFO  [69a81178e07a6a0117a4c5ba843c834f] [http-nio-8081-exec-10] c.p.u.security.CognitoService : Local profile detected - skipping Cognito validation, returning dummy user
2026-03-04 20:03:20 INFO  [69a811788268f82dac9762bd2aaa3592] [http-nio-8081-exec-1] c.p.u.security.CognitoService : Local profile detected - skipping Cognito validation, returning dummy user
2026-03-04 20:03:20 INFO  [69a81178f92e5a4c13582911f53be3f5] [http-nio-8081-exec-2] c.p.u.controller.CategoryController : Get categories request
2026-03-04 20:03:20 INFO  [69a81178f92e5a4c13582911f53be3f5] [http-nio-8081-exec-2] c.p.u.service.CategoryService : Fetching categories from database
2026-03-04 20:05:59 INFO  [69a81217e5fa23c18d17c8b415352fac] [http-nio-8081-exec-9] c.p.u.controller.CategoryController : Get categories request
2026-03-04 20:05:59 INFO  [69a81217e5fa23c18d17c8b415352fac] [http-nio-8081-exec-9] c.p.u.service.CategoryService : Fetching categories from database
2026-03-04 20:06:05 INFO  [69a8121d585b0b89c6bcfaecdbd6edec] [http-nio-8081-exec-1] c.p.u.controller.AuthController : Login request
2026-03-04 20:06:05 INFO  [69a8121db72240f2bb40422db2df0a98] [http-nio-8081-exec-10] c.p.u.controller.AuthController : Login request
2026-03-04 20:06:05 INFO  [69a8121db72240f2bb40422db2df0a98] [http-nio-8081-exec-10] c.p.u.security.CognitoService : Local profile detected - skipping Cognito validation, returning dummy user
2026-03-04 20:06:05 INFO  [69a8121d585b0b89c6bcfaecdbd6edec] [http-nio-8081-exec-1] c.p.u.security.CognitoService : Local profile detected - skipping Cognito validation, returning dummy user
2026-03-04 20:06:05 INFO  [69a8121de9202d599e6453e70121cf4e] [http-nio-8081-exec-2] c.p.u.controller.CategoryController : Get categories request
2026-03-04 20:06:05 INFO  [69a8121de9202d599e6453e70121cf4e] [http-nio-8081-exec-2] c.p.u.service.CategoryService : Fetching categories from database
2026-03-04 20:06:19 INFO  [69a8122be7b1c5a7e1a77b0c256b1093] [http-nio-8081-exec-8] c.p.u.controller.AuthController : Signup request: 집가고싶다
2026-03-04 20:06:19 INFO  [69a8122be7b1c5a7e1a77b0c256b1093] [http-nio-8081-exec-8] c.p.u.security.CognitoService : Local profile detected - skipping Cognito validation, returning dummy user
2026-03-04 20:06:19 WARN  [69a8122be7b1c5a7e1a77b0c256b1093] [http-nio-8081-exec-8] c.p.userservice.service.AuthService : Redis is not available, skipping refresh token storage: Unable to connect to Redis
2026-03-04 20:06:23 INFO  [69a8122fc781f5e0f6a94041c4df9058] [http-nio-8081-exec-6] c.p.u.controller.UserController : Get profile request: 019cb886-f88d-78c6-be88-57ed0014dd30
2026-03-04 20:07:29 INFO  [69a812719cffb999c51d348a0564ba0b] [http-nio-8081-exec-7] c.p.u.controller.CategoryController : Get categories request
2026-03-04 20:07:29 INFO  [69a812719cffb999c51d348a0564ba0b] [http-nio-8081-exec-7] c.p.u.service.CategoryService : Fetching categories from database
2026-03-04 20:07:35 INFO  [69a812778c78bc0bb22103deac762495] [http-nio-8081-exec-1] c.p.u.controller.CategoryController : Get categories request
2026-03-04 20:07:35 INFO  [69a812778c78bc0bb22103deac762495] [http-nio-8081-exec-1] c.p.u.service.CategoryService : Fetching categories from database
2026-03-04 20:07:44 INFO  [69a81280f33ae5c0dd2d29c3ae8e3ee9] [http-nio-8081-exec-2] c.p.u.controller.AuthController : Withdraw request: 019cb886-f88d-78c6-be88-57ed0014dd30
2026-03-04 20:07:44 WARN  [69a81280f33ae5c0dd2d29c3ae8e3ee9] [http-nio-8081-exec-2] c.p.userservice.service.AuthService : Redis is not available, skipping refresh token deletion: Unable to connect to Redis
2026-03-04 20:07:44 INFO  [69a81280f33ae5c0dd2d29c3ae8e3ee9] [http-nio-8081-exec-2] c.p.u.security.CognitoService : Local profile detected - skipping Cognito user deletion
2026-03-04 20:07:44 INFO  [69a81280f33ae5c0dd2d29c3ae8e3ee9] [http-nio-8081-exec-2] c.p.userservice.service.AuthService : User withdrawn: 019cb886-f88d-78c6-be88-57ed0014dd30
2026-03-04 20:07:44 INFO  [69a812807a9da9b5b48dc5c3b68afc47] [http-nio-8081-exec-4] c.p.u.controller.CategoryController : Get categories request
2026-03-04 20:07:44 INFO  [69a812807a9da9b5b48dc5c3b68afc47] [http-nio-8081-exec-4] c.p.u.service.CategoryService : Fetching categories from database
2026-03-04 20:08:01 INFO  [69a8129182265a2a5ceed2b2e4d3b17c] [http-nio-8081-exec-8] c.p.u.controller.CategoryController : Get categories request
2026-03-04 20:08:01 INFO  [69a8129182265a2a5ceed2b2e4d3b17c] [http-nio-8081-exec-8] c.p.u.service.CategoryService : Fetching categories from database
2026-03-04 20:08:03 INFO  [69a8129397c0dd241b1bf90f8f07f592] [http-nio-8081-exec-5] c.p.u.controller.CategoryController : Get categories request
2026-03-04 20:08:03 INFO  [69a8129397c0dd241b1bf90f8f07f592] [http-nio-8081-exec-5] c.p.u.service.CategoryService : Fetching categories from database
2026-03-04 20:08:08 INFO  [69a812985fdee6880dfc89a890d66738] [http-nio-8081-exec-6] c.p.u.controller.CategoryController : Get categories request
2026-03-04 20:08:08 INFO  [69a812985fdee6880dfc89a890d66738] [http-nio-8081-exec-6] c.p.u.service.CategoryService : Fetching categories from database
2026-03-04 20:08:15 INFO  [69a8129f7fe916ef8a211c5ee8870df4] [http-nio-8081-exec-7] c.p.u.controller.AuthController : Login request
2026-03-04 20:08:15 INFO  [69a8129f7fe916ef8a211c5ee8870df4] [http-nio-8081-exec-7] c.p.u.security.CognitoService : Local profile detected - skipping Cognito validation, returning dummy user
2026-03-04 20:08:15 INFO  [69a8129fc5551ab165ce71220b9f2be6] [http-nio-8081-exec-1] c.p.u.controller.AuthController : Login request
2026-03-04 20:08:15 INFO  [69a8129fc5551ab165ce71220b9f2be6] [http-nio-8081-exec-1] c.p.u.security.CognitoService : Local profile detected - skipping Cognito validation, returning dummy user
2026-03-04 20:08:15 INFO  [69a8129ff2e9370044a1e46116556960] [http-nio-8081-exec-10] c.p.u.controller.CategoryController : Get categories request
2026-03-04 20:08:15 INFO  [69a8129ff2e9370044a1e46116556960] [http-nio-8081-exec-10] c.p.u.service.CategoryService : Fetching categories from database
2026-03-04 20:09:07 INFO  [69a812d312dfc8dcca61ca4f62ff21c9] [http-nio-8081-exec-5] c.p.u.controller.CategoryController : Get categories request
2026-03-04 20:09:07 INFO  [69a812d312dfc8dcca61ca4f62ff21c9] [http-nio-8081-exec-5] c.p.u.service.CategoryService : Fetching categories from database
2026-03-04 20:11:20 INFO  [69a81358e5d0629c5621bafc5af5674d] [http-nio-8081-exec-3] c.p.u.controller.AuthController : Login request
2026-03-04 20:11:20 INFO  [69a8135894aca69c76a1d712ef753884] [http-nio-8081-exec-2] c.p.u.controller.AuthController : Login request
2026-03-04 20:11:20 INFO  [69a81358c6f2ff3152ea0339db3db7e5] [http-nio-8081-exec-10] c.p.u.controller.AuthController : Login request
2026-03-04 20:11:20 INFO  [69a8135894aca69c76a1d712ef753884] [http-nio-8081-exec-2] c.p.u.security.CognitoService : Local profile detected - skipping Cognito validation, returning dummy user
2026-03-04 20:11:20 INFO  [69a81358c6f2ff3152ea0339db3db7e5] [http-nio-8081-exec-10] c.p.u.security.CognitoService : Local profile detected - skipping Cognito validation, returning dummy user
2026-03-04 20:11:20 INFO  [69a81358e5d0629c5621bafc5af5674d] [http-nio-8081-exec-3] c.p.u.security.CognitoService : Local profile detected - skipping Cognito validation, returning dummy user
2026-03-04 20:11:20 INFO  [69a81358002e0f09756884c1ac4e0ed4] [http-nio-8081-exec-8] c.p.u.controller.CategoryController : Get categories request
2026-03-04 20:11:20 INFO  [69a81358002e0f09756884c1ac4e0ed4] [http-nio-8081-exec-8] c.p.u.service.CategoryService : Fetching categories from database
2026-03-04 20:11:24 INFO  [69a8135c8c0704d5d22150042db222f1] [http-nio-8081-exec-4] c.p.u.controller.CategoryController : Get categories request
2026-03-04 20:11:24 INFO  [69a8135c8c0704d5d22150042db222f1] [http-nio-8081-exec-4] c.p.u.service.CategoryService : Fetching categories from database
2026-03-04 20:11:41 INFO  [69a8136d79d1be330515ce7e7f5ce1e2] [http-nio-8081-exec-1] c.p.u.controller.AuthController : Login request
2026-03-04 20:11:41 INFO  [69a8136d494bf08c5f9859cf0cddb085] [http-nio-8081-exec-9] c.p.u.controller.AuthController : Login request
2026-03-04 20:11:41 INFO  [69a8136d494bf08c5f9859cf0cddb085] [http-nio-8081-exec-9] c.p.u.security.CognitoService : Local profile detected - skipping Cognito validation, returning dummy user
2026-03-04 20:11:41 INFO  [69a8136d79d1be330515ce7e7f5ce1e2] [http-nio-8081-exec-1] c.p.u.security.CognitoService : Local profile detected - skipping Cognito validation, returning dummy user
2026-03-04 20:11:42 INFO  [69a8136e51972c6b302a9f1f4d588b76] [http-nio-8081-exec-7] c.p.u.controller.CategoryController : Get categories request
2026-03-04 20:11:42 INFO  [69a8136e51972c6b302a9f1f4d588b76] [http-nio-8081-exec-7] c.p.u.service.CategoryService : Fetching categories from database
2026-03-04 20:18:49 INFO  [69a815198db6028a625f04998f27fc10] [http-nio-8081-exec-1] c.p.u.controller.CategoryController : Get categories request
2026-03-04 20:18:49 INFO  [69a815198db6028a625f04998f27fc10] [http-nio-8081-exec-1] c.p.u.service.CategoryService : Fetching categories from database
2026-03-04 20:18:52 INFO  [69a8151c74dcf9bb960984c856c12d42] [http-nio-8081-exec-3] c.p.u.controller.AuthController : Login request
2026-03-04 20:18:52 INFO  [69a8151c814b56aeb73e036b4dfd560b] [http-nio-8081-exec-2] c.p.u.controller.AuthController : Login request
2026-03-04 20:18:52 INFO  [69a8151c6294fdd2bc4965dbb2050bfd] [http-nio-8081-exec-8] c.p.u.controller.AuthController : Login request
2026-03-04 20:18:52 INFO  [69a8151c74dcf9bb960984c856c12d42] [http-nio-8081-exec-3] c.p.u.security.CognitoService : Local profile detected - skipping Cognito validation, returning dummy user
2026-03-04 20:18:52 INFO  [69a8151c6294fdd2bc4965dbb2050bfd] [http-nio-8081-exec-8] c.p.u.security.CognitoService : Local profile detected - skipping Cognito validation, returning dummy user
2026-03-04 20:18:52 INFO  [69a8151c814b56aeb73e036b4dfd560b] [http-nio-8081-exec-2] c.p.u.security.CognitoService : Local profile detected - skipping Cognito validation, returning dummy user
2026-03-04 20:18:52 INFO  [69a8151c03f646f1ae9ac39134628d65] [http-nio-8081-exec-4] c.p.u.controller.CategoryController : Get categories request
2026-03-04 20:18:52 INFO  [69a8151c03f646f1ae9ac39134628d65] [http-nio-8081-exec-4] c.p.u.service.CategoryService : Fetching categories from database
2026-03-04 20:19:04 INFO  [69a815284d6fa29518478b16955bc628] [http-nio-8081-exec-6] c.p.u.controller.AuthController : Signup request: 죽어
2026-03-04 20:19:04 INFO  [69a815284d6fa29518478b16955bc628] [http-nio-8081-exec-6] c.p.u.security.CognitoService : Local profile detected - skipping Cognito validation, returning dummy user
2026-03-04 20:19:04 WARN  [69a815284d6fa29518478b16955bc628] [http-nio-8081-exec-6] o.m.jdbc.message.server.ErrorPacket : Error: 1062-23000: Duplicate entry 'wlsdudgnzn@gmail.com' for key 'UK6dotkott2kjsp8vw4d0m25fb7'
2026-03-04 20:19:04 WARN  [69a815284d6fa29518478b16955bc628] [http-nio-8081-exec-6] o.h.e.jdbc.spi.SqlExceptionHelper : SQL Error: 1062, SQLState: 23000
2026-03-04 20:19:04 ERROR [69a815284d6fa29518478b16955bc628] [http-nio-8081-exec-6] o.h.e.jdbc.spi.SqlExceptionHelper : (conn=434) Duplicate entry 'wlsdudgnzn@gmail.com' for key 'UK6dotkott2kjsp8vw4d0m25fb7'
2026-03-04 20:19:16 INFO  [69a81534ad05bc7d76e102382862bb5c] [http-nio-8081-exec-1] c.p.u.controller.CategoryController : Get categories request
2026-03-04 20:19:16 INFO  [69a81534ad05bc7d76e102382862bb5c] [http-nio-8081-exec-1] c.p.u.service.CategoryService : Fetching categories from database
2026-03-04 20:19:19 INFO  [69a815376007cc2548208bf56aba00c1] [http-nio-8081-exec-3] c.p.u.controller.AuthController : Login request
2026-03-04 20:19:19 INFO  [69a81537aab48223e29575ccff931dbe] [http-nio-8081-exec-2] c.p.u.controller.AuthController : Login request
2026-03-04 20:19:19 INFO  [69a81537e5c7ccd0f69cae57ddcee08d] [http-nio-8081-exec-8] c.p.u.controller.AuthController : Login request
2026-03-04 20:19:19 INFO  [69a81537e5c7ccd0f69cae57ddcee08d] [http-nio-8081-exec-8] c.p.u.security.CognitoService : Local profile detected - skipping Cognito validation, returning dummy user
2026-03-04 20:19:19 INFO  [69a81537aab48223e29575ccff931dbe] [http-nio-8081-exec-2] c.p.u.security.CognitoService : Local profile detected - skipping Cognito validation, returning dummy user
2026-03-04 20:19:19 INFO  [69a815376007cc2548208bf56aba00c1] [http-nio-8081-exec-3] c.p.u.security.CognitoService : Local profile detected - skipping Cognito validation, returning dummy user
2026-03-04 20:19:19 INFO  [69a815371231a4c37e6028ebc9c43bec] [http-nio-8081-exec-4] c.p.u.controller.CategoryController : Get categories request
2026-03-04 20:19:19 INFO  [69a815371231a4c37e6028ebc9c43bec] [http-nio-8081-exec-4] c.p.u.service.CategoryService : Fetching categories from database
2026-03-04 20:19:25 INFO  [69a8153d68cc00727f0a8480a7bcdbec] [http-nio-8081-exec-6] c.p.u.controller.AuthController : Signup request: aaa
2026-03-04 20:19:25 INFO  [69a8153d68cc00727f0a8480a7bcdbec] [http-nio-8081-exec-6] c.p.u.security.CognitoService : Local profile detected - skipping Cognito validation, returning dummy user
2026-03-04 20:19:25 WARN  [69a8153d68cc00727f0a8480a7bcdbec] [http-nio-8081-exec-6] o.m.jdbc.message.server.ErrorPacket : Error: 1062-23000: Duplicate entry 'wlsdudgnzn@gmail.com' for key 'UK6dotkott2kjsp8vw4d0m25fb7'
2026-03-04 20:19:25 WARN  [69a8153d68cc00727f0a8480a7bcdbec] [http-nio-8081-exec-6] o.h.e.jdbc.spi.SqlExceptionHelper : SQL Error: 1062, SQLState: 23000
2026-03-04 20:19:25 ERROR [69a8153d68cc00727f0a8480a7bcdbec] [http-nio-8081-exec-6] o.h.e.jdbc.spi.SqlExceptionHelper : (conn=434) Duplicate entry 'wlsdudgnzn@gmail.com' for key 'UK6dotkott2kjsp8vw4d0m25fb7'
2026-03-04 20:19:28 INFO  [69a81540411c6c22341e00cc7b25b775] [http-nio-8081-exec-1] c.p.u.controller.CategoryController : Get categories request
2026-03-04 20:19:28 INFO  [69a81540411c6c22341e00cc7b25b775] [http-nio-8081-exec-1] c.p.u.service.CategoryService : Fetching categories from database
2026-03-04 20:20:23 INFO  [69a81577c65a1298eb3b5a275b12ede3] [http-nio-8081-exec-3] c.p.u.controller.CategoryController : Get categories request
2026-03-04 20:20:23 INFO  [69a81577c65a1298eb3b5a275b12ede3] [http-nio-8081-exec-3] c.p.u.service.CategoryService : Fetching categories from database
2026-03-04 20:20:23 INFO  [69a815776feb9e707e628395eadb865c] [http-nio-8081-exec-2] c.p.u.controller.CategoryController : Get categories request
2026-03-04 20:20:23 INFO  [69a815776feb9e707e628395eadb865c] [http-nio-8081-exec-2] c.p.u.service.CategoryService : Fetching categories from database
2026-03-04 20:20:43 INFO  [69a8158be1e2ec5b2e750a55c718645d] [http-nio-8081-exec-6] c.p.u.controller.CategoryController : Get categories request
2026-03-04 20:20:43 INFO  [69a8158bd176b35e15fd53a8a1c890bd] [http-nio-8081-exec-5] c.p.u.controller.CategoryController : Get categories request
2026-03-04 20:20:43 INFO  [69a8158be1e2ec5b2e750a55c718645d] [http-nio-8081-exec-6] c.p.u.service.CategoryService : Fetching categories from database
2026-03-04 20:20:43 INFO  [69a8158bd176b35e15fd53a8a1c890bd] [http-nio-8081-exec-5] c.p.u.service.CategoryService : Fetching categories from database
